time,date,file,func,line,serious_error,error,warning,msg,format_exception,phase,gnss_time,lat,lon,alt,alt_base_press,goal_lat,goal_lon,temp,press,camera_area,camera_order,camera_center_x,camera_center_y,camera_frame_size_x,camera_frame_size_y,motor_l,motor_r,goal_relative_x,goal_relative_y,goal_relative_angle_rad,goal_distance,accel_all_x,accel_all_y,accel_all_z,accel_line_x,accel_line_y,accel_line_z,mag_x,mag_y,mag_z,gyro_x,gyro_y,gyro_z,grav_x,grav_y,grav_z,euler_x,euler_y,euler_z,nmea
"1229.166642751","2026-08-01 15:31:40.992888","/home/sc28/SC-30/2_phase/phase1&2.py","log_msg","60","","","","bnoセットアップ開始","","","","","","","","","","","","","","","","","","","","","","","","","","","","","","","","","","","","","","","","","",""
"1229.318215541","2026-08-01 15:31:41.144470","/home/sc28/SC-30/2_phase/phase1&2.py","log_msg","60","","","","cameraセットアップ開始","","","","","","","","","","","","","","","","","","","","","","","","","","","","","","","","","","","","","","","","","",""
"1229.323307041","2026-08-01 15:31:41.149556","/home/sc28/SC-30/2_phase/phase1&2.py","log_msg","60","","Camera import failed","","","","","","","","","","","","","","","","","","","","","","","","","","","","","","","","","","","","","","","","","","","",""
"1229.331030697","2026-08-01 15:31:41.157286","/home/sc28/SC-30/2_phase/phase1&2.py","log_msg","60","","","","bmeセットアップ開始","","","","","","","","","","","","","","","","","","","","","","","","","","","","","","","","","","","","","","","","","",""
"1229.866175658","2026-08-01 15:31:41.692424","/home/sc28/SC-30/2_phase/phase1&2.py","log_msg","60","","","","モータセットアップ開始","","","","","","","","","","","","","","","","","","","","","","","","","","","","","","","","","","","","","","","","","",""
"1229.895055631","2026-08-01 15:31:41.721305","/home/sc28/SC-30/2_phase/phase1&2.py","log_msg","60","","","","GPIOセットアップ開始","","","","","","","","","","","","","","","","","","","","","","","","","","","","","","","","","","","","","","","","","",""
"1229.900315986","2026-08-01 15:31:41.726550","/home/sc28/SC-30/2_phase/phase1&2.py","log_msg","60","","","","","","","","","","-0.08174183234468613","","","","","","","","","","","","","","","","","","","","","","","","","","","","","","","","","","","",""
"1229.903740962","2026-08-01 15:31:41.729986","/home/sc28/SC-30/2_phase/phase1&2.py","log_msg","60","","","","[待機] alt=-0.082 m","","","","","","","","","","","","","","","","","","","","","","","","","","","","","","","","","","","","","","","","","",""
"1231.008941062","2026-08-01 15:31:42.835179","/home/sc28/SC-30/2_phase/phase1&2.py","log_msg","60","","","","","","","","","","-0.3831389350365244","","","","","","","","","","","","","","","","","","","","","","","","","","","","","","","","","","","",""
"1231.013131044","2026-08-01 15:31:42.839383","/home/sc28/SC-30/2_phase/phase1&2.py","log_msg","60","","","","[待機] alt=-0.383 m","","","","","","","","","","","","","","","","","","","","","","","","","","","","","","","","","","","","","","","","","",""
"1232.121982579","2026-08-01 15:31:43.948216","/home/sc28/SC-30/2_phase/phase1&2.py","log_msg","60","","","","","","","","","","-0.3141691510522371","","","","","","","","","","","","","","","","","","","","","","","","","","","","","","","","","","","",""
"1232.12633626","2026-08-01 15:31:43.952581","/home/sc28/SC-30/2_phase/phase1&2.py","log_msg","60","","","","[待機] alt=-0.314 m","","","","","","","","","","","","","","","","","","","","","","","","","","","","","","","","","","","","","","","","","",""
"1233.231869019","2026-08-01 15:31:45.058102","/home/sc28/SC-30/2_phase/phase1&2.py","log_msg","60","","","","","","","","","","-0.08174183234468613","","","","","","","","","","","","","","","","","","","","","","","","","","","","","","","","","","","",""
"1233.235452642","2026-08-01 15:31:45.061694","/home/sc28/SC-30/2_phase/phase1&2.py","log_msg","60","","","","[待機] alt=-0.082 m","","","","","","","","","","","","","","","","","","","","","","","","","","","","","","","","","","","","","","","","","",""
"1234.367964942","2026-08-01 15:31:46.194199","/home/sc28/SC-30/2_phase/phase1&2.py","log_msg","60","","","","","","","","","","0.21710546460817715","","","","","","","","","","","","","","","","","","","","","","","","","","","","","","","","","","","",""
"1234.371619815","2026-08-01 15:31:46.197863","/home/sc28/SC-30/2_phase/phase1&2.py","log_msg","60","","","","[待機] alt=0.217 m","","","","","","","","","","","","","","","","","","","","","","","","","","","","","","","","","","","","","","","","","",""
"1235.476734394","2026-08-01 15:31:47.302968","/home/sc28/SC-30/2_phase/phase1&2.py","log_msg","60","","","","","","","","","","0.38312788760706207","","","","","","","","","","","","","","","","","","","","","","","","","","","","","","","","","","","",""
"1235.480316767","2026-08-01 15:31:47.306558","/home/sc28/SC-30/2_phase/phase1&2.py","log_msg","60","","","","[待機] alt=0.383 m","","","","","","","","","","","","","","","","","","","","","","","","","","","","","","","","","","","","","","","","","",""
"1236.585596398","2026-08-01 15:31:48.411834","/home/sc28/SC-30/2_phase/phase1&2.py","log_msg","60","","","","","","","","","","0.7790497864897727","","","","","","","","","","","","","","","","","","","","","","","","","","","","","","","","","","","",""
"1236.593752558","2026-08-01 15:31:48.420004","/home/sc28/SC-30/2_phase/phase1&2.py","log_msg","60","","","","[待機] alt=0.779 m","","","","","","","","","","","","","","","","","","","","","","","","","","","","","","","","","","","","","","","","","",""
"1237.703010555","2026-08-01 15:31:49.529244","/home/sc28/SC-30/2_phase/phase1&2.py","log_msg","60","","","","","","","","","","0.41122073516708935","","","","","","","","","","","","","","","","","","","","","","","","","","","","","","","","","","","",""
"1237.70646574","2026-08-01 15:31:49.532708","/home/sc28/SC-30/2_phase/phase1&2.py","log_msg","60","","","","[待機] alt=0.411 m","","","","","","","","","","","","","","","","","","","","","","","","","","","","","","","","","","","","","","","","","",""
"1238.811492505","2026-08-01 15:31:50.637727","/home/sc28/SC-30/2_phase/phase1&2.py","log_msg","60","","","","","","","","","","2.0588164534514632","","","","","","","","","","","","","","","","","","","","","","","","","","","","","","","","","","","",""
"1238.82183337","2026-08-01 15:31:50.648078","/home/sc28/SC-30/2_phase/phase1&2.py","log_msg","60","","","","[待機] alt=2.059 m","","","","","","","","","","","","","","","","","","","","","","","","","","","","","","","","","","","","","","","","","",""
"1239.927599464","2026-08-01 15:31:51.753834","/home/sc28/SC-30/2_phase/phase1&2.py","log_msg","60","","","","","","","","","","2.35015306812513","","","","","","","","","","","","","","","","","","","","","","","","","","","","","","","","","","","",""
"1239.93478822","2026-08-01 15:31:51.761040","/home/sc28/SC-30/2_phase/phase1&2.py","log_msg","60","","","","[待機] alt=2.350 m","","","","","","","","","","","","","","","","","","","","","","","","","","","","","","","","","","","","","","","","","",""
"1241.044403928","2026-08-01 15:31:52.870642","/home/sc28/SC-30/2_phase/phase1&2.py","log_msg","60","","","","","","","","","","1.652659828980133","","","","","","","","","","","","","","","","","","","","","","","","","","","","","","","","","","","",""
"1241.047888175","2026-08-01 15:31:52.874132","/home/sc28/SC-30/2_phase/phase1&2.py","log_msg","60","","","","[待機] alt=1.653 m","","","","","","","","","","","","","","","","","","","","","","","","","","","","","","","","","","","","","","","","","",""
"1242.153204109","2026-08-01 15:31:53.979444","/home/sc28/SC-30/2_phase/phase1&2.py","log_msg","60","","","","","","","","","","2.2810892627189947","","","","","","","","","","","","","","","","","","","","","","","","","","","","","","","","","","","",""
"1242.157234246","2026-08-01 15:31:53.983486","/home/sc28/SC-30/2_phase/phase1&2.py","log_msg","60","","","","[待機] alt=2.281 m","","","","","","","","","","","","","","","","","","","","","","","","","","","","","","","","","","","","","","","","","",""
"1243.267986474","2026-08-01 15:31:55.094275","/home/sc28/SC-30/2_phase/phase1&2.py","log_msg","60","","","","","","","","","","2.8150135823614164","","","","","","","","","","","","","","","","","","","","","","","","","","","","","","","","","","","",""
"1243.278788385","2026-08-01 15:31:55.105047","/home/sc28/SC-30/2_phase/phase1&2.py","log_msg","60","","","","[待機] alt=2.815 m","","","","","","","","","","","","","","","","","","","","","","","","","","","","","","","","","","","","","","","","","",""
"1244.38512339","2026-08-01 15:31:56.211363","/home/sc28/SC-30/2_phase/phase1&2.py","log_msg","60","","","","","","","","","","3.0474994224173377","","","","","","","","","","","","","","","","","","","","","","","","","","","","","","","","","","","",""
"1244.392827358","2026-08-01 15:31:56.219077","/home/sc28/SC-30/2_phase/phase1&2.py","log_msg","60","","","","[待機] alt=3.047 m","","","","","","","","","","","","","","","","","","","","","","","","","","","","","","","","","","","","","","","","","",""
"1245.499220436","2026-08-01 15:31:57.325457","/home/sc28/SC-30/2_phase/phase1&2.py","log_msg","60","","","","","","","","","","2.7460465933545275","","","","","","","","","","","","","","","","","","","","","","","","","","","","","","","","","","","",""
"1245.506463308","2026-08-01 15:31:57.332715","/home/sc28/SC-30/2_phase/phase1&2.py","log_msg","60","","","","[待機] alt=2.746 m","","","","","","","","","","","","","","","","","","","","","","","","","","","","","","","","","","","","","","","","","",""
"1246.612480393","2026-08-01 15:31:58.438713","/home/sc28/SC-30/2_phase/phase1&2.py","log_msg","60","","","","","","","","","","2.8431548585507063","","","","","","","","","","","","","","","","","","","","","","","","","","","","","","","","","","","",""
"1246.616223236","2026-08-01 15:31:58.442465","/home/sc28/SC-30/2_phase/phase1&2.py","log_msg","60","","","","[待機] alt=2.843 m","","","","","","","","","","","","","","","","","","","","","","","","","","","","","","","","","","","","","","","","","",""
"1247.726460304","2026-08-01 15:31:59.552695","/home/sc28/SC-30/2_phase/phase1&2.py","log_msg","60","","","","","","","","","","3.3081438246275594","","","","","","","","","","","","","","","","","","","","","","","","","","","","","","","","","","","",""
"1247.730266012","2026-08-01 15:31:59.556511","/home/sc28/SC-30/2_phase/phase1&2.py","log_msg","60","","","","[待機] alt=3.308 m","","","","","","","","","","","","","","","","","","","","","","","","","","","","","","","","","","","","","","","","","",""
"1248.83542559","2026-08-01 15:32:00.661659","/home/sc28/SC-30/2_phase/phase1&2.py","log_msg","60","","","","","","","","","","3.5788980963007457","","","","","","","","","","","","","","","","","","","","","","","","","","","","","","","","","","","",""
"1248.843310862","2026-08-01 15:32:00.669565","/home/sc28/SC-30/2_phase/phase1&2.py","log_msg","60","","","","[待機] alt=3.579 m","","","","","","","","","","","","","","","","","","","","","","","","","","","","","","","","","","","","","","","","","",""
"1249.951636561","2026-08-01 15:32:01.777877","/home/sc28/SC-30/2_phase/phase1&2.py","log_msg","60","","","","","","","","","","3.7449871258290113","","","","","","","","","","","","","","","","","","","","","","","","","","","","","","","","","","","",""
"1249.955733","2026-08-01 15:32:01.781982","/home/sc28/SC-30/2_phase/phase1&2.py","log_msg","60","","","","[待機] alt=3.745 m","","","","","","","","","","","","","","","","","","","","","","","","","","","","","","","","","","","","","","","","","",""
"1251.061292478","2026-08-01 15:32:02.887531","/home/sc28/SC-30/2_phase/phase1&2.py","log_msg","60","","","","","","","","","","3.908527951585492","","","","","","","","","","","","","","","","","","","","","","","","","","","","","","","","","","","",""
"1251.065343865","2026-08-01 15:32:02.891594","/home/sc28/SC-30/2_phase/phase1&2.py","log_msg","60","","","","[待機] alt=3.909 m","","","","","","","","","","","","","","","","","","","","","","","","","","","","","","","","","","","","","","","","","",""
"1252.174167119","2026-08-01 15:32:04.000406","/home/sc28/SC-30/2_phase/phase1&2.py","log_msg","60","","","","","","","","","","4.606077141025268","","","","","","","","","","","","","","","","","","","","","","","","","","","","","","","","","","","",""
"1252.181443428","2026-08-01 15:32:04.007694","/home/sc28/SC-30/2_phase/phase1&2.py","log_msg","60","","","","[待機] alt=4.606 m","","","","","","","","","","","","","","","","","","","","","","","","","","","","","","","","","","","","","","","","","",""
"1253.291587526","2026-08-01 15:32:05.117827","/home/sc28/SC-30/2_phase/phase1&2.py","log_msg","60","","","","","","","","","","4.606077141025268","","","","","","","","","","","","","","","","","","","","","","","","","","","","","","","","","","","",""
"1253.295497505","2026-08-01 15:32:05.121748","/home/sc28/SC-30/2_phase/phase1&2.py","log_msg","60","","","","[待機] alt=4.606 m","","","","","","","","","","","","","","","","","","","","","","","","","","","","","","","","","","","","","","","","","",""
"1254.401070577","2026-08-01 15:32:06.227310","/home/sc28/SC-30/2_phase/phase1&2.py","log_msg","60","","","","","","","","","","4.519008753629058","","","","","","","","","","","","","","","","","","","","","","","","","","","","","","","","","","","",""
"1254.407075053","2026-08-01 15:32:06.233324","/home/sc28/SC-30/2_phase/phase1&2.py","log_msg","60","","","","[待機] alt=4.519 m","","","","","","","","","","","","","","","","","","","","","","","","","","","","","","","","","","","","","","","","","",""
"1255.516733001","2026-08-01 15:32:07.342975","/home/sc28/SC-30/2_phase/phase1&2.py","log_msg","60","","","","","","","","","","4.352919773233311","","","","","","","","","","","","","","","","","","","","","","","","","","","","","","","","","","","",""
"1255.522992114","2026-08-01 15:32:07.349244","/home/sc28/SC-30/2_phase/phase1&2.py","log_msg","60","","","","[待機] alt=4.353 m","","","","","","","","","","","","","","","","","","","","","","","","","","","","","","","","","","","","","","","","","",""
"1256.631676826","2026-08-01 15:32:08.457918","/home/sc28/SC-30/2_phase/phase1&2.py","log_msg","60","","","","","","","","","","5.032404652819512","","","","","","","","","","","","","","","","","","","","","","","","","","","","","","","","","","","",""
"1256.635911391","2026-08-01 15:32:08.462161","/home/sc28/SC-30/2_phase/phase1&2.py","log_msg","60","","","","[待機] alt=5.032 m","","","","","","","","","","","","","","","","","","","","","","","","","","","","","","","","","","","","","","","","","",""
"1257.74154889","2026-08-01 15:32:09.567791","/home/sc28/SC-30/2_phase/phase1&2.py","log_msg","60","","","","","","","","","","5.459145198275466","","","","","","","","","","","","","","","","","","","","","","","","","","","","","","","","","","","",""
"1257.750356201","2026-08-01 15:32:09.576620","/home/sc28/SC-30/2_phase/phase1&2.py","log_msg","60","","","","[待機] alt=5.459 m","","","","","","","","","","","","","","","","","","","","","","","","","","","","","","","","","","","","","","","","","",""
"1258.860645717","2026-08-01 15:32:10.686885","/home/sc28/SC-30/2_phase/phase1&2.py","log_msg","60","","","","","","","","","","5.622691840819226","","","","","","","","","","","","","","","","","","","","","","","","","","","","","","","","","","","",""
"1258.864748199","2026-08-01 15:32:10.691001","/home/sc28/SC-30/2_phase/phase1&2.py","log_msg","60","","","","[待機] alt=5.623 m","","","","","","","","","","","","","","","","","","","","","","","","","","","","","","","","","","","","","","","","","",""
"1259.970299395","2026-08-01 15:32:11.796541","/home/sc28/SC-30/2_phase/phase1&2.py","log_msg","60","","","","","","","","","","5.980544327004203","","","","","","","","","","","","","","","","","","","","","","","","","","","","","","","","","","","",""
"1259.974356459","2026-08-01 15:32:11.800605","/home/sc28/SC-30/2_phase/phase1&2.py","log_msg","60","","","","[待機] alt=5.981 m","","","","","","","","","","","","","","","","","","","","","","","","","","","","","","","","","","","","","","","","","",""
"1261.082632209","2026-08-01 15:32:12.908875","/home/sc28/SC-30/2_phase/phase1&2.py","log_msg","60","","","","","","","","","","6.282048076408454","","","","","","","","","","","","","","","","","","","","","","","","","","","","","","","","","","","",""
"1261.094045791","2026-08-01 15:32:12.920299","/home/sc28/SC-30/2_phase/phase1&2.py","log_msg","60","","","","[待機] alt=6.282 m","","","","","","","","","","","","","","","","","","","","","","","","","","","","","","","","","","","","","","","","","",""
"1262.20070559","2026-08-01 15:32:14.026946","/home/sc28/SC-30/2_phase/phase1&2.py","log_msg","60","","","","","","","","","","5.7480114372089215","","","","","","","","","","","","","","","","","","","","","","","","","","","","","","","","","","","",""
"1262.204957812","2026-08-01 15:32:14.031208","/home/sc28/SC-30/2_phase/phase1&2.py","log_msg","60","","","","[待機] alt=5.748 m","","","","","","","","","","","","","","","","","","","","","","","","","","","","","","","","","","","","","","","","","",""
"1263.310482446","2026-08-01 15:32:15.136723","/home/sc28/SC-30/2_phase/phase1&2.py","log_msg","60","","","","","","","","","","6.118477055837339","","","","","","","","","","","","","","","","","","","","","","","","","","","","","","","","","","","",""
"1263.314768782","2026-08-01 15:32:15.141018","/home/sc28/SC-30/2_phase/phase1&2.py","log_msg","60","","","","[待機] alt=6.118 m","","","","","","","","","","","","","","","","","","","","","","","","","","","","","","","","","","","","","","","","","",""
"1264.420594252","2026-08-01 15:32:16.246834","/home/sc28/SC-30/2_phase/phase1&2.py","log_msg","60","","","","","","","","","","7.076874478868955","","","","","","","","","","","","","","","","","","","","","","","","","","","","","","","","","","","",""
"1264.429362812","2026-08-01 15:32:16.255621","/home/sc28/SC-30/2_phase/phase1&2.py","log_msg","60","","","","[待機] alt=7.077 m","","","","","","","","","","","","","","","","","","","","","","","","","","","","","","","","","","","","","","","","","",""
"1265.53729382","2026-08-01 15:32:17.363533","/home/sc28/SC-30/2_phase/phase1&2.py","log_msg","60","","","","","","","","","","6.407424608312397","","","","","","","","","","","","","","","","","","","","","","","","","","","","","","","","","","","",""
"1265.542424799","2026-08-01 15:32:17.368675","/home/sc28/SC-30/2_phase/phase1&2.py","log_msg","60","","","","[待機] alt=6.407 m","","","","","","","","","","","","","","","","","","","","","","","","","","","","","","","","","","","","","","","","","",""
"1266.647921099","2026-08-01 15:32:18.474161","/home/sc28/SC-30/2_phase/phase1&2.py","log_msg","60","","","","","","","","","","7.038694967361652","","","","","","","","","","","","","","","","","","","","","","","","","","","","","","","","","","","",""
"1266.651857381","2026-08-01 15:32:18.478106","/home/sc28/SC-30/2_phase/phase1&2.py","log_msg","60","","","","[待機] alt=7.039 m","","","","","","","","","","","","","","","","","","","","","","","","","","","","","","","","","","","","","","","","","",""
"1267.75747363","2026-08-01 15:32:19.583713","/home/sc28/SC-30/2_phase/phase1&2.py","log_msg","60","","","","","","","","","","7.736419878668085","","","","","","","","","","","","","","","","","","","","","","","","","","","","","","","","","","","",""
"1267.764810564","2026-08-01 15:32:19.591063","/home/sc28/SC-30/2_phase/phase1&2.py","log_msg","60","","","","[待機] alt=7.736 m","","","","","","","","","","","","","","","","","","","","","","","","","","","","","","","","","","","","","","","","","",""
"1268.870514678","2026-08-01 15:32:20.696753","/home/sc28/SC-30/2_phase/phase1&2.py","log_msg","60","","","","","","","","","","7.532092276185712","","","","","","","","","","","","","","","","","","","","","","","","","","","","","","","","","","","",""
"1268.874480908","2026-08-01 15:32:20.700732","/home/sc28/SC-30/2_phase/phase1&2.py","log_msg","60","","","","[待機] alt=7.532 m","","","","","","","","","","","","","","","","","","","","","","","","","","","","","","","","","","","","","","","","","",""
"1269.985737464","2026-08-01 15:32:21.811977","/home/sc28/SC-30/2_phase/phase1&2.py","log_msg","60","","","","","","","","","","7.601052513789936","","","","","","","","","","","","","","","","","","","","","","","","","","","","","","","","","","","",""
"1269.993929092","2026-08-01 15:32:21.820180","/home/sc28/SC-30/2_phase/phase1&2.py","log_msg","60","","","","[待機] alt=7.601 m","","","","","","","","","","","","","","","","","","","","","","","","","","","","","","","","","","","","","","","","","",""
"1271.100473422","2026-08-01 15:32:22.926712","/home/sc28/SC-30/2_phase/phase1&2.py","log_msg","60","","","","","","","","","","7.503839873498737","","","","","","","","","","","","","","","","","","","","","","","","","","","","","","","","","","","",""
"1271.104571007","2026-08-01 15:32:22.930818","/home/sc28/SC-30/2_phase/phase1&2.py","log_msg","60","","","","[待機] alt=7.504 m","","","","","","","","","","","","","","","","","","","","","","","","","","","","","","","","","","","","","","","","","",""
"1272.210082932","2026-08-01 15:32:24.036322","/home/sc28/SC-30/2_phase/phase1&2.py","log_msg","60","","","","","","","","","","8.073566840730937","","","","","","","","","","","","","","","","","","","","","","","","","","","","","","","","","","","",""
"1272.214610625","2026-08-01 15:32:24.040863","/home/sc28/SC-30/2_phase/phase1&2.py","log_msg","60","","","","[待機] alt=8.074 m","","","","","","","","","","","","","","","","","","","","","","","","","","","","","","","","","","","","","","","","","",""
"1273.32407451","2026-08-01 15:32:25.150317","/home/sc28/SC-30/2_phase/phase1&2.py","log_msg","60","","","","","","","","","","8.211492901036545","","","","","","","","","","","","","","","","","","","","","","","","","","","","","","","","","","","",""
"1273.328185949","2026-08-01 15:32:25.154436","/home/sc28/SC-30/2_phase/phase1&2.py","log_msg","60","","","","[待機] alt=8.211 m","","","","","","","","","","","","","","","","","","","","","","","","","","","","","","","","","","","","","","","","","",""
"1274.433647822","2026-08-01 15:32:26.259887","/home/sc28/SC-30/2_phase/phase1&2.py","log_msg","60","","","","","","","","","","8.8685623045971","","","","","","","","","","","","","","","","","","","","","","","","","","","","","","","","","","","",""
"1274.443205503","2026-08-01 15:32:26.269461","/home/sc28/SC-30/2_phase/phase1&2.py","log_msg","60","","","","[待機] alt=8.869 m","","","","","","","","","","","","","","","","","","","","","","","","","","","","","","","","","","","","","","","","","",""
"1275.553590645","2026-08-01 15:32:27.379831","/home/sc28/SC-30/2_phase/phase1&2.py","log_msg","60","","","","","","","","","","9.132005654770811","","","","","","","","","","","","","","","","","","","","","","","","","","","","","","","","","","","",""
"1275.56181066","2026-08-01 15:32:27.388071","/home/sc28/SC-30/2_phase/phase1&2.py","log_msg","60","","","","[待機] alt=9.132 m","","","","","","","","","","","","","","","","","","","","","","","","","","","","","","","","","","","","","","","","","",""
"1276.671691995","2026-08-01 15:32:28.497931","/home/sc28/SC-30/2_phase/phase1&2.py","log_msg","60","","","","","","","","","","8.569556577136684","","","","","","","","","","","","","","","","","","","","","","","","","","","","","","","","","","","",""
"1276.676289064","2026-08-01 15:32:28.502539","/home/sc28/SC-30/2_phase/phase1&2.py","log_msg","60","","","","[待機] alt=8.570 m","","","","","","","","","","","","","","","","","","","","","","","","","","","","","","","","","","","","","","","","","",""
"1277.781768437","2026-08-01 15:32:29.608009","/home/sc28/SC-30/2_phase/phase1&2.py","log_msg","60","","","","","","","","","","8.937523029323454","","","","","","","","","","","","","","","","","","","","","","","","","","","","","","","","","","","",""
"1277.785899824","2026-08-01 15:32:29.612150","/home/sc28/SC-30/2_phase/phase1&2.py","log_msg","60","","","","[待機] alt=8.938 m","","","","","","","","","","","","","","","","","","","","","","","","","","","","","","","","","","","","","","","","","",""
"1278.894596671","2026-08-01 15:32:30.720836","/home/sc28/SC-30/2_phase/phase1&2.py","log_msg","60","","","","","","","","","","9.431025516042208","","","","","","","","","","","","","","","","","","","","","","","","","","","","","","","","","","","",""
"1278.902239285","2026-08-01 15:32:30.728491","/home/sc28/SC-30/2_phase/phase1&2.py","log_msg","60","","","","[待機] alt=9.431 m","","","","","","","","","","","","","","","","","","","","","","","","","","","","","","","","","","","","","","","","","",""
"1280.009386901","2026-08-01 15:32:31.835629","/home/sc28/SC-30/2_phase/phase1&2.py","log_msg","60","","","","","","","","","","9.965228640549151","","","","","","","","","","","","","","","","","","","","","","","","","","","","","","","","","","","",""
"1280.014168137","2026-08-01 15:32:31.840419","/home/sc28/SC-30/2_phase/phase1&2.py","log_msg","60","","","","[待機] alt=9.965 m","","","","","","","","","","","","","","","","","","","","","","","","","","","","","","","","","","","","","","","","","",""
"1281.119889804","2026-08-01 15:32:32.946128","/home/sc28/SC-30/2_phase/phase1&2.py","log_msg","60","","","","","","","","","","10.333220948572793","","","","","","","","","","","","","","","","","","","","","","","","","","","","","","","","","","","",""
"1281.124087755","2026-08-01 15:32:32.950340","/home/sc28/SC-30/2_phase/phase1&2.py","log_msg","60","","","","[待機] alt=10.333 m","","","","","","","","","","","","","","","","","","","","","","","","","","","","","","","","","","","","","","","","","",""
"1281.127958203","2026-08-01 15:32:32.954272","/home/sc28/SC-30/2_phase/phase1&2.py","log_msg","60","","","","Go to falling phase","","","","","","","","","","","","","","","","","","","","","","","","","","","","","","","","","","","","","","","","","",""
"1281.239016029","2026-08-01 15:32:33.065255","/home/sc28/SC-30/2_phase/phase1&2.py","log_msg","60","","","","","","","","","","10.333220948572793","","","","","","","","","","","","","","","","","","","","","","","","","","","","","","","","","","","",""
"1281.247108282","2026-08-01 15:32:33.073365","/home/sc28/SC-30/2_phase/phase1&2.py","log_msg","60","","","","fall start alt=10.333 m","","","","","","","","","","","","","","","","","","","","","","","","","","","","","","","","","","","","","","","","","",""
"1282.253758157","2026-08-01 15:32:34.079996","/home/sc28/SC-30/2_phase/phase1&2.py","log_msg","60","","","","","","","","","","10.527772746932506","","","","","","","","","","","","","","","","","","","","","","","","","","","","","","","","","","","",""
"1282.262113849","2026-08-01 15:32:34.088364","/home/sc28/SC-30/2_phase/phase1&2.py","log_msg","60","","","","Δalt(1s)=0.195 m (0/5)","","","","","","","","","","","","","","","","","","","","","","","","","","","","","","","","","","","","","","","","","",""
"1283.267700017","2026-08-01 15:32:35.093939","/home/sc28/SC-30/2_phase/phase1&2.py","log_msg","60","","","","","","","","","","10.62506031771627","","","","","","","","","","","","","","","","","","","","","","","","","","","","","","","","","","","",""
"1283.275392527","2026-08-01 15:32:35.101647","/home/sc28/SC-30/2_phase/phase1&2.py","log_msg","60","","","","Δalt(1s)=0.097 m (0/5)","","","","","","","","","","","","","","","","","","","","","","","","","","","","","","","","","","","","","","","","","",""
"1284.281979484","2026-08-01 15:32:36.108219","/home/sc28/SC-30/2_phase/phase1&2.py","log_msg","60","","","","","","","","","","9.82986653298836","","","","","","","","","","","","","","","","","","","","","","","","","","","","","","","","","","","",""
"1284.286267957","2026-08-01 15:32:36.112519","/home/sc28/SC-30/2_phase/phase1&2.py","log_msg","60","","","","Δalt(1s)=0.795 m (0/5)","","","","","","","","","","","","","","","","","","","","","","","","","","","","","","","","","","","","","","","","","",""
"1285.292185481","2026-08-01 15:32:37.118426","/home/sc28/SC-30/2_phase/phase1&2.py","log_msg","60","","","","","","","","","","10.295132304571368","","","","","","","","","","","","","","","","","","","","","","","","","","","","","","","","","","","",""
"1285.298272718","2026-08-01 15:32:37.124522","/home/sc28/SC-30/2_phase/phase1&2.py","log_msg","60","","","","Δalt(1s)=0.465 m (0/5)","","","","","","","","","","","","","","","","","","","","","","","","","","","","","","","","","","","","","","","","","",""
"1286.307472561","2026-08-01 15:32:38.133711","/home/sc28/SC-30/2_phase/phase1&2.py","log_msg","60","","","","","","","","","","10.594175568218278","","","","","","","","","","","","","","","","","","","","","","","","","","","","","","","","","","","",""
"1286.311539261","2026-08-01 15:32:38.137791","/home/sc28/SC-30/2_phase/phase1&2.py","log_msg","60","","","","Δalt(1s)=0.299 m (0/5)","","","","","","","","","","","","","","","","","","","","","","","","","","","","","","","","","","","","","","","","","",""
"1287.317140272","2026-08-01 15:32:39.143379","/home/sc28/SC-30/2_phase/phase1&2.py","log_msg","60","","","","","","","","","","10.993068746063834","","","","","","","","","","","","","","","","","","","","","","","","","","","","","","","","","","","",""
"1287.32973777","2026-08-01 15:32:39.156025","/home/sc28/SC-30/2_phase/phase1&2.py","log_msg","60","","","","Δalt(1s)=0.399 m (0/5)","","","","","","","","","","","","","","","","","","","","","","","","","","","","","","","","","","","","","","","","","",""
"1288.336154882","2026-08-01 15:32:40.162396","/home/sc28/SC-30/2_phase/phase1&2.py","log_msg","60","","","","","","","","","","11.555695534626961","","","","","","","","","","","","","","","","","","","","","","","","","","","","","","","","","","","",""
"1288.346572727","2026-08-01 15:32:40.172829","/home/sc28/SC-30/2_phase/phase1&2.py","log_msg","60","","","","Δalt(1s)=0.563 m (0/5)","","","","","","","","","","","","","","","","","","","","","","","","","","","","","","","","","","","","","","","","","",""
"1289.352713639","2026-08-01 15:32:41.178953","/home/sc28/SC-30/2_phase/phase1&2.py","log_msg","60","","","","","","","","","","12.049421159779659","","","","","","","","","","","","","","","","","","","","","","","","","","","","","","","","","","","",""
"1289.356779453","2026-08-01 15:32:41.183030","/home/sc28/SC-30/2_phase/phase1&2.py","log_msg","60","","","","Δalt(1s)=0.494 m (0/5)","","","","","","","","","","","","","","","","","","","","","","","","","","","","","","","","","","","","","","","","","",""
"1290.362162077","2026-08-01 15:32:42.188401","/home/sc28/SC-30/2_phase/phase1&2.py","log_msg","60","","","","","","","","","","11.98302308958339","","","","","","","","","","","","","","","","","","","","","","","","","","","","","","","","","","","",""
"1290.366612426","2026-08-01 15:32:42.192866","/home/sc28/SC-30/2_phase/phase1&2.py","log_msg","60","","","","Δalt(1s)=0.066 m (0/5)","","","","","","","","","","","","","","","","","","","","","","","","","","","","","","","","","","","","","","","","","",""
"1291.372110051","2026-08-01 15:32:43.198350","/home/sc28/SC-30/2_phase/phase1&2.py","log_msg","60","","","","","","","","","","12.118373330122486","","","","","","","","","","","","","","","","","","","","","","","","","","","","","","","","","","","",""
"1291.37970704","2026-08-01 15:32:43.205958","/home/sc28/SC-30/2_phase/phase1&2.py","log_msg","60","","","","Δalt(1s)=0.135 m (0/5)","","","","","","","","","","","","","","","","","","","","","","","","","","","","","","","","","","","","","","","","","",""
"1292.386261653","2026-08-01 15:32:44.212498","/home/sc28/SC-30/2_phase/phase1&2.py","log_msg","60","","","","","","","","","","12.719102942047599","","","","","","","","","","","","","","","","","","","","","","","","","","","","","","","","","","","",""
"1292.395159121","2026-08-01 15:32:44.221414","/home/sc28/SC-30/2_phase/phase1&2.py","log_msg","60","","","","Δalt(1s)=0.601 m (0/5)","","","","","","","","","","","","","","","","","","","","","","","","","","","","","","","","","","","","","","","","","",""
"1293.401564826","2026-08-01 15:32:45.227804","/home/sc28/SC-30/2_phase/phase1&2.py","log_msg","60","","","","","","","","","","12.514801438909023","","","","","","","","","","","","","","","","","","","","","","","","","","","","","","","","","","","",""
"1293.407569094","2026-08-01 15:32:45.233818","/home/sc28/SC-30/2_phase/phase1&2.py","log_msg","60","","","","Δalt(1s)=0.204 m (0/5)","","","","","","","","","","","","","","","","","","","","","","","","","","","","","","","","","","","","","","","","","",""
"1294.416946282","2026-08-01 15:32:46.243185","/home/sc28/SC-30/2_phase/phase1&2.py","log_msg","60","","","","","","","","","","12.913805237698675","","","","","","","","","","","","","","","","","","","","","","","","","","","","","","","","","","","",""
"1294.421154024","2026-08-01 15:32:46.247406","/home/sc28/SC-30/2_phase/phase1&2.py","log_msg","60","","","","Δalt(1s)=0.399 m (0/5)","","","","","","","","","","","","","","","","","","","","","","","","","","","","","","","","","","","","","","","","","",""
"1295.426659045","2026-08-01 15:32:47.252898","/home/sc28/SC-30/2_phase/phase1&2.py","log_msg","60","","","","","","","","","","13.61194477922515","","","","","","","","","","","","","","","","","","","","","","","","","","","","","","","","","","","",""
"1295.430617932","2026-08-01 15:32:47.256868","/home/sc28/SC-30/2_phase/phase1&2.py","log_msg","60","","","","Δalt(1s)=0.698 m (0/5)","","","","","","","","","","","","","","","","","","","","","","","","","","","","","","","","","","","","","","","","","",""
"1296.436110088","2026-08-01 15:32:48.262351","/home/sc28/SC-30/2_phase/phase1&2.py","log_msg","60","","","","","","","","","","13.873106423068696","","","","","","","","","","","","","","","","","","","","","","","","","","","","","","","","","","","",""
"1296.443732962","2026-08-01 15:32:48.269984","/home/sc28/SC-30/2_phase/phase1&2.py","log_msg","60","","","","Δalt(1s)=0.261 m (0/5)","","","","","","","","","","","","","","","","","","","","","","","","","","","","","","","","","","","","","","","","","",""
"1297.450348409","2026-08-01 15:32:49.276588","/home/sc28/SC-30/2_phase/phase1&2.py","log_msg","60","","","","","","","","","","14.241181889630658","","","","","","","","","","","","","","","","","","","","","","","","","","","","","","","","","","","",""
"1297.454500318","2026-08-01 15:32:49.280754","/home/sc28/SC-30/2_phase/phase1&2.py","log_msg","60","","","","Δalt(1s)=0.368 m (0/5)","","","","","","","","","","","","","","","","","","","","","","","","","","","","","","","","","","","","","","","","","",""
"1298.460145549","2026-08-01 15:32:50.286386","/home/sc28/SC-30/2_phase/phase1&2.py","log_msg","60","","","","","","","","","","12.612151737612615","","","","","","","","","","","","","","","","","","","","","","","","","","","","","","","","","","","",""
"1298.467070188","2026-08-01 15:32:50.293322","/home/sc28/SC-30/2_phase/phase1&2.py","log_msg","60","","","","Δalt(1s)=1.629 m (0/5)","","","","","","","","","","","","","","","","","","","","","","","","","","","","","","","","","","","","","","","","","",""
"1299.472663127","2026-08-01 15:32:51.298898","/home/sc28/SC-30/2_phase/phase1&2.py","log_msg","60","","","","","","","","","","14.077396348955716","","","","","","","","","","","","","","","","","","","","","","","","","","","","","","","","","","","",""
"1299.48455015","2026-08-01 15:32:51.310792","/home/sc28/SC-30/2_phase/phase1&2.py","log_msg","60","","","","Δalt(1s)=1.465 m (0/5)","","","","","","","","","","","","","","","","","","","","","","","","","","","","","","","","","","","","","","","","","",""
"1300.489843763","2026-08-01 15:32:52.316078","/home/sc28/SC-30/2_phase/phase1&2.py","log_msg","60","","","","","","","","","","14.077396348955716","","","","","","","","","","","","","","","","","","","","","","","","","","","","","","","","","","","",""
"1300.49353546","2026-08-01 15:32:52.319779","/home/sc28/SC-30/2_phase/phase1&2.py","log_msg","60","","","","Δalt(1s)=0.000 m (0/5)","","","","","","","","","","","","","","","","","","","","","","","","","","","","","","","","","","","","","","","","","",""
"1301.498641467","2026-08-01 15:32:53.324876","/home/sc28/SC-30/2_phase/phase1&2.py","log_msg","60","","","","","","","","","","13.939500326937583","","","","","","","","","","","","","","","","","","","","","","","","","","","","","","","","","","","",""
"1301.508691861","2026-08-01 15:32:53.334938","/home/sc28/SC-30/2_phase/phase1&2.py","log_msg","60","","","","Δalt(1s)=0.138 m (0/5)","","","","","","","","","","","","","","","","","","","","","","","","","","","","","","","","","","","","","","","","","",""
"1302.517796183","2026-08-01 15:32:54.344034","/home/sc28/SC-30/2_phase/phase1&2.py","log_msg","60","","","","","","","","","","13.939500326937583","","","","","","","","","","","","","","","","","","","","","","","","","","","","","","","","","","","",""
"1302.521598661","2026-08-01 15:32:54.347842","/home/sc28/SC-30/2_phase/phase1&2.py","log_msg","60","","","","Δalt(1s)=0.000 m (0/5)","","","","","","","","","","","","","","","","","","","","","","","","","","","","","","","","","","","","","","","","","",""
"1303.529976935","2026-08-01 15:32:55.356211","/home/sc28/SC-30/2_phase/phase1&2.py","log_msg","60","","","","","","","","","","14.74460510156456","","","","","","","","","","","","","","","","","","","","","","","","","","","","","","","","","","","",""
"1303.533611496","2026-08-01 15:32:55.359855","/home/sc28/SC-30/2_phase/phase1&2.py","log_msg","60","","","","Δalt(1s)=0.805 m (0/5)","","","","","","","","","","","","","","","","","","","","","","","","","","","","","","","","","","","","","","","","","",""
"1304.540182723","2026-08-01 15:32:56.366417","/home/sc28/SC-30/2_phase/phase1&2.py","log_msg","60","","","","","","","","","","14.93941330277165","","","","","","","","","","","","","","","","","","","","","","","","","","","","","","","","","","","",""
"1304.547088717","2026-08-01 15:32:56.373339","/home/sc28/SC-30/2_phase/phase1&2.py","log_msg","60","","","","Δalt(1s)=0.195 m (0/5)","","","","","","","","","","","","","","","","","","","","","","","","","","","","","","","","","","","","","","","","","",""
"1305.556596062","2026-08-01 15:32:57.382842","/home/sc28/SC-30/2_phase/phase1&2.py","log_msg","60","","","","","","","","","","15.666178979602313","","","","","","","","","","","","","","","","","","","","","","","","","","","","","","","","","","","",""
"1305.561526727","2026-08-01 15:32:57.387769","/home/sc28/SC-30/2_phase/phase1&2.py","log_msg","60","","","","Δalt(1s)=0.727 m (0/5)","","","","","","","","","","","","","","","","","","","","","","","","","","","","","","","","","","","","","","","","","",""
"1306.566601797","2026-08-01 15:32:58.392836","/home/sc28/SC-30/2_phase/phase1&2.py","log_msg","60","","","","","","","","","","15.433408859036588","","","","","","","","","","","","","","","","","","","","","","","","","","","","","","","","","","","",""
"1306.570095471","2026-08-01 15:32:58.396343","/home/sc28/SC-30/2_phase/phase1&2.py","log_msg","60","","","","Δalt(1s)=0.233 m (0/5)","","","","","","","","","","","","","","","","","","","","","","","","","","","","","","","","","","","","","","","","","",""
"1307.574988404","2026-08-01 15:32:59.401222","/home/sc28/SC-30/2_phase/phase1&2.py","log_msg","60","","","","","","","","","","15.568744856829595","","","","","","","","","","","","","","","","","","","","","","","","","","","","","","","","","","","",""
"1307.57857135","2026-08-01 15:32:59.404814","/home/sc28/SC-30/2_phase/phase1&2.py","log_msg","60","","","","Δalt(1s)=0.135 m (0/5)","","","","","","","","","","","","","","","","","","","","","","","","","","","","","","","","","","","","","","","","","",""
"1308.58722598","2026-08-01 15:33:00.413459","/home/sc28/SC-30/2_phase/phase1&2.py","log_msg","60","","","","","","","","","","15.103221203049227","","","","","","","","","","","","","","","","","","","","","","","","","","","","","","","","","","","",""
"1308.590775488","2026-08-01 15:33:00.417020","/home/sc28/SC-30/2_phase/phase1&2.py","log_msg","60","","","","Δalt(1s)=0.466 m (0/5)","","","","","","","","","","","","","","","","","","","","","","","","","","","","","","","","","","","","","","","","","",""
"1309.595996705","2026-08-01 15:33:01.422278","/home/sc28/SC-30/2_phase/phase1&2.py","log_msg","60","","","","","","","","","","15.074753428523099","","","","","","","","","","","","","","","","","","","","","","","","","","","","","","","","","","","",""
"1309.60575543","2026-08-01 15:33:01.432014","/home/sc28/SC-30/2_phase/phase1&2.py","log_msg","60","","","","Δalt(1s)=0.028 m (0/5)","","","","","","","","","","","","","","","","","","","","","","","","","","","","","","","","","","","","","","","","","",""
"1310.612354105","2026-08-01 15:33:02.438588","/home/sc28/SC-30/2_phase/phase1&2.py","log_msg","60","","","","","","","","","","15.637690105855794","","","","","","","","","","","","","","","","","","","","","","","","","","","","","","","","","","","",""
"1310.61873223","2026-08-01 15:33:02.444976","/home/sc28/SC-30/2_phase/phase1&2.py","log_msg","60","","","","Δalt(1s)=0.563 m (0/5)","","","","","","","","","","","","","","","","","","","","","","","","","","","","","","","","","","","","","","","","","",""
"1311.623788029","2026-08-01 15:33:03.450021","/home/sc28/SC-30/2_phase/phase1&2.py","log_msg","60","","","","","","","","","","15.367018085986514","","","","","","","","","","","","","","","","","","","","","","","","","","","","","","","","","","","",""
"1311.627390975","2026-08-01 15:33:03.453633","/home/sc28/SC-30/2_phase/phase1&2.py","log_msg","60","","","","Δalt(1s)=0.271 m (0/5)","","","","","","","","","","","","","","","","","","","","","","","","","","","","","","","","","","","","","","","","","",""
"1312.634346841","2026-08-01 15:33:04.460580","/home/sc28/SC-30/2_phase/phase1&2.py","log_msg","60","","","","","","","","","","15.298074149939898","","","","","","","","","","","","","","","","","","","","","","","","","","","","","","","","","","","",""
"1312.641717682","2026-08-01 15:33:04.467968","/home/sc28/SC-30/2_phase/phase1&2.py","log_msg","60","","","","Δalt(1s)=0.069 m (0/5)","","","","","","","","","","","","","","","","","","","","","","","","","","","","","","","","","","","","","","","","","",""
"1313.647912188","2026-08-01 15:33:05.474149","/home/sc28/SC-30/2_phase/phase1&2.py","log_msg","60","","","","","","","","","","15.027408598416228","","","","","","","","","","","","","","","","","","","","","","","","","","","","","","","","","","","",""
"1313.658293835","2026-08-01 15:33:05.484542","/home/sc28/SC-30/2_phase/phase1&2.py","log_msg","60","","","","Δalt(1s)=0.271 m (0/5)","","","","","","","","","","","","","","","","","","","","","","","","","","","","","","","","","","","","","","","","","",""
"1314.66820561","2026-08-01 15:33:06.494441","/home/sc28/SC-30/2_phase/phase1&2.py","log_msg","60","","","","","","","","","","15.288687972865922","","","","","","","","","","","","","","","","","","","","","","","","","","","","","","","","","","","",""
"1314.671855692","2026-08-01 15:33:06.498100","/home/sc28/SC-30/2_phase/phase1&2.py","log_msg","60","","","","Δalt(1s)=0.261 m (0/5)","","","","","","","","","","","","","","","","","","","","","","","","","","","","","","","","","","","","","","","","","",""
"1315.677013575","2026-08-01 15:33:07.503253","/home/sc28/SC-30/2_phase/phase1&2.py","log_msg","60","","","","","","","","","","15.687873505874952","","","","","","","","","","","","","","","","","","","","","","","","","","","","","","","","","","","",""
"1315.684495615","2026-08-01 15:33:07.510745","/home/sc28/SC-30/2_phase/phase1&2.py","log_msg","60","","","","Δalt(1s)=0.399 m (0/5)","","","","","","","","","","","","","","","","","","","","","","","","","","","","","","","","","","","","","","","","","",""
"1316.690171523","2026-08-01 15:33:08.516411","/home/sc28/SC-30/2_phase/phase1&2.py","log_msg","60","","","","","","","","","","15.892140631531738","","","","","","","","","","","","","","","","","","","","","","","","","","","","","","","","","","","",""
"1316.694273118","2026-08-01 15:33:08.520524","/home/sc28/SC-30/2_phase/phase1&2.py","log_msg","60","","","","Δalt(1s)=0.204 m (0/5)","","","","","","","","","","","","","","","","","","","","","","","","","","","","","","","","","","","","","","","","","",""
"1317.701512841","2026-08-01 15:33:09.527752","/home/sc28/SC-30/2_phase/phase1&2.py","log_msg","60","","","","","","","","","","15.250819326833255","","","","","","","","","","","","","","","","","","","","","","","","","","","","","","","","","","","",""
"1317.705601989","2026-08-01 15:33:09.531854","/home/sc28/SC-30/2_phase/phase1&2.py","log_msg","60","","","","Δalt(1s)=0.641 m (0/5)","","","","","","","","","","","","","","","","","","","","","","","","","","","","","","","","","","","","","","","","","",""
"1318.714998656","2026-08-01 15:33:10.541241","/home/sc28/SC-30/2_phase/phase1&2.py","log_msg","60","","","","","","","","","","14.253322796345826","","","","","","","","","","","","","","","","","","","","","","","","","","","","","","","","","","","",""
"1318.724886809","2026-08-01 15:33:10.551135","/home/sc28/SC-30/2_phase/phase1&2.py","log_msg","60","","","","Δalt(1s)=0.997 m (0/5)","","","","","","","","","","","","","","","","","","","","","","","","","","","","","","","","","","","","","","","","","",""
"1319.730093234","2026-08-01 15:33:11.556340","/home/sc28/SC-30/2_phase/phase1&2.py","log_msg","60","","","","","","","","","","15.650019482552098","","","","","","","","","","","","","","","","","","","","","","","","","","","","","","","","","","","",""
"1319.733728889","2026-08-01 15:33:11.559974","/home/sc28/SC-30/2_phase/phase1&2.py","log_msg","60","","","","Δalt(1s)=1.397 m (0/5)","","","","","","","","","","","","","","","","","","","","","","","","","","","","","","","","","","","","","","","","","",""
"1320.742391227","2026-08-01 15:33:12.568625","/home/sc28/SC-30/2_phase/phase1&2.py","log_msg","60","","","","","","","","","","15.581081675200346","","","","","","","","","","","","","","","","","","","","","","","","","","","","","","","","","","","",""
"1320.752926156","2026-08-01 15:33:12.579173","/home/sc28/SC-30/2_phase/phase1&2.py","log_msg","60","","","","Δalt(1s)=0.069 m (0/5)","","","","","","","","","","","","","","","","","","","","","","","","","","","","","","","","","","","","","","","","","",""
"1321.76155787","2026-08-01 15:33:13.587793","/home/sc28/SC-30/2_phase/phase1&2.py","log_msg","60","","","","","","","","","","15.41722408937608","","","","","","","","","","","","","","","","","","","","","","","","","","","","","","","","","","","",""
"1321.76672937","2026-08-01 15:33:13.592973","/home/sc28/SC-30/2_phase/phase1&2.py","log_msg","60","","","","Δalt(1s)=0.164 m (0/5)","","","","","","","","","","","","","","","","","","","","","","","","","","","","","","","","","","","","","","","","","",""
"1322.776904898","2026-08-01 15:33:14.603140","/home/sc28/SC-30/2_phase/phase1&2.py","log_msg","60","","","","","","","","","","15.184433741390732","","","","","","","","","","","","","","","","","","","","","","","","","","","","","","","","","","","",""
"1322.780624824","2026-08-01 15:33:14.606866","/home/sc28/SC-30/2_phase/phase1&2.py","log_msg","60","","","","Δalt(1s)=0.233 m (0/5)","","","","","","","","","","","","","","","","","","","","","","","","","","","","","","","","","","","","","","","","","",""
"1323.785885312","2026-08-01 15:33:15.612124","/home/sc28/SC-30/2_phase/phase1&2.py","log_msg","60","","","","","","","","","","15.222300765316945","","","","","","","","","","","","","","","","","","","","","","","","","","","","","","","","","","","",""
"1323.798122286","2026-08-01 15:33:15.624383","/home/sc28/SC-30/2_phase/phase1&2.py","log_msg","60","","","","Δalt(1s)=0.038 m (0/5)","","","","","","","","","","","","","","","","","","","","","","","","","","","","","","","","","","","","","","","","","",""
"1324.80824599","2026-08-01 15:33:16.634485","/home/sc28/SC-30/2_phase/phase1&2.py","log_msg","60","","","","","","","","","","15.193792382780952","","","","","","","","","","","","","","","","","","","","","","","","","","","","","","","","","","","",""
"1324.812397378","2026-08-01 15:33:16.638648","/home/sc28/SC-30/2_phase/phase1&2.py","log_msg","60","","","","Δalt(1s)=0.029 m (0/5)","","","","","","","","","","","","","","","","","","","","","","","","","","","","","","","","","","","","","","","","","",""
"1325.81956184","2026-08-01 15:33:17.645796","/home/sc28/SC-30/2_phase/phase1&2.py","log_msg","60","","","","","","","","","","15.231684009135725","","","","","","","","","","","","","","","","","","","","","","","","","","","","","","","","","","","",""
"1325.825586368","2026-08-01 15:33:17.651831","/home/sc28/SC-30/2_phase/phase1&2.py","log_msg","60","","","","Δalt(1s)=0.038 m (0/5)","","","","","","","","","","","","","","","","","","","","","","","","","","","","","","","","","","","","","","","","","",""
"1326.831062274","2026-08-01 15:33:18.657302","/home/sc28/SC-30/2_phase/phase1&2.py","log_msg","60","","","","","","","","","","15.502353451607446","","","","","","","","","","","","","","","","","","","","","","","","","","","","","","","","","","","",""
"1326.8383915","2026-08-01 15:33:18.664641","/home/sc28/SC-30/2_phase/phase1&2.py","log_msg","60","","","","Δalt(1s)=0.271 m (0/5)","","","","","","","","","","","","","","","","","","","","","","","","","","","","","","","","","","","","","","","","","",""
"1327.847528322","2026-08-01 15:33:19.673768","/home/sc28/SC-30/2_phase/phase1&2.py","log_msg","60","","","","","","","","","","15.26958874583611","","","","","","","","","","","","","","","","","","","","","","","","","","","","","","","","","","","",""
"1327.851578354","2026-08-01 15:33:19.677829","/home/sc28/SC-30/2_phase/phase1&2.py","log_msg","60","","","","Δalt(1s)=0.233 m (0/5)","","","","","","","","","","","","","","","","","","","","","","","","","","","","","","","","","","","","","","","","","",""
"1328.857084469","2026-08-01 15:33:20.683323","/home/sc28/SC-30/2_phase/phase1&2.py","log_msg","60","","","","","","","","","","15.124850787421725","","","","","","","","","","","","","","","","","","","","","","","","","","","","","","","","","","","",""
"1328.862947069","2026-08-01 15:33:20.689201","/home/sc28/SC-30/2_phase/phase1&2.py","log_msg","60","","","","Δalt(1s)=0.145 m (0/5)","","","","","","","","","","","","","","","","","","","","","","","","","","","","","","","","","","","","","","","","","",""
"1329.868478913","2026-08-01 15:33:21.694718","/home/sc28/SC-30/2_phase/phase1&2.py","log_msg","60","","","","","","","","","","15.31975853250546","","","","","","","","","","","","","","","","","","","","","","","","","","","","","","","","","","","",""
"1329.873586871","2026-08-01 15:33:21.699839","/home/sc28/SC-30/2_phase/phase1&2.py","log_msg","60","","","","Δalt(1s)=0.195 m (0/5)","","","","","","","","","","","","","","","","","","","","","","","","","","","","","","","","","","","","","","","","","",""
"1330.882855725","2026-08-01 15:33:22.709097","/home/sc28/SC-30/2_phase/phase1&2.py","log_msg","60","","","","","","","","","","14.718868179988032","","","","","","","","","","","","","","","","","","","","","","","","","","","","","","","","","","","",""
"1330.890321827","2026-08-01 15:33:22.716574","/home/sc28/SC-30/2_phase/phase1&2.py","log_msg","60","","","","Δalt(1s)=0.601 m (0/5)","","","","","","","","","","","","","","","","","","","","","","","","","","","","","","","","","","","","","","","","","",""
"1331.896110861","2026-08-01 15:33:23.722351","/home/sc28/SC-30/2_phase/phase1&2.py","log_msg","60","","","","","","","","","","15.049110239932036","","","","","","","","","","","","","","","","","","","","","","","","","","","","","","","","","","","",""
"1331.900114852","2026-08-01 15:33:23.726384","/home/sc28/SC-30/2_phase/phase1&2.py","log_msg","60","","","","Δalt(1s)=0.330 m (0/5)","","","","","","","","","","","","","","","","","","","","","","","","","","","","","","","","","","","","","","","","","",""
"1332.906486286","2026-08-01 15:33:24.732725","/home/sc28/SC-30/2_phase/phase1&2.py","log_msg","60","","","","","","","","","","15.077642967594363","","","","","","","","","","","","","","","","","","","","","","","","","","","","","","","","","","","",""
"1332.910484131","2026-08-01 15:33:24.736734","/home/sc28/SC-30/2_phase/phase1&2.py","log_msg","60","","","","Δalt(1s)=0.029 m (0/5)","","","","","","","","","","","","","","","","","","","","","","","","","","","","","","","","","","","","","","","","","",""
"1333.926727677","2026-08-01 15:33:25.752967","/home/sc28/SC-30/2_phase/phase1&2.py","log_msg","60","","","","","","","","","","15.106185876092457","","","","","","","","","","","","","","","","","","","","","","","","","","","","","","","","","","","",""
"1333.933687213","2026-08-01 15:33:25.759937","/home/sc28/SC-30/2_phase/phase1&2.py","log_msg","60","","","","Δalt(1s)=0.029 m (0/5)","","","","","","","","","","","","","","","","","","","","","","","","","","","","","","","","","","","","","","","","","",""
"1334.939259943","2026-08-01 15:33:26.765499","/home/sc28/SC-30/2_phase/phase1&2.py","log_msg","60","","","","","","","","","","15.301168124181881","","","","","","","","","","","","","","","","","","","","","","","","","","","","","","","","","","","",""
"1334.944773685","2026-08-01 15:33:26.771026","/home/sc28/SC-30/2_phase/phase1&2.py","log_msg","60","","","","Δalt(1s)=0.195 m (0/5)","","","","","","","","","","","","","","","","","","","","","","","","","","","","","","","","","","","","","","","","","",""
"1335.950207091","2026-08-01 15:33:27.776441","/home/sc28/SC-30/2_phase/phase1&2.py","log_msg","60","","","","","","","","","","14.835553442583752","","","","","","","","","","","","","","","","","","","","","","","","","","","","","","","","","","","",""
"1335.957462671","2026-08-01 15:33:27.783716","/home/sc28/SC-30/2_phase/phase1&2.py","log_msg","60","","","","Δalt(1s)=0.466 m (0/5)","","","","","","","","","","","","","","","","","","","","","","","","","","","","","","","","","","","","","","","","","",""
"1336.967925753","2026-08-01 15:33:28.794159","/home/sc28/SC-30/2_phase/phase1&2.py","log_msg","60","","","","","","","","","","14.835553442583752","","","","","","","","","","","","","","","","","","","","","","","","","","","","","","","","","","","",""
"1336.971488282","2026-08-01 15:33:28.797736","/home/sc28/SC-30/2_phase/phase1&2.py","log_msg","60","","","","Δalt(1s)=0.000 m (0/5)","","","","","","","","","","","","","","","","","","","","","","","","","","","","","","","","","","","","","","","","","",""
"1337.976400955","2026-08-01 15:33:29.802636","/home/sc28/SC-30/2_phase/phase1&2.py","log_msg","60","","","","","","","","","","15.398670935471404","","","","","","","","","","","","","","","","","","","","","","","","","","","","","","","","","","","",""
"1337.979984057","2026-08-01 15:33:29.806277","/home/sc28/SC-30/2_phase/phase1&2.py","log_msg","60","","","","Δalt(1s)=0.563 m (0/5)","","","","","","","","","","","","","","","","","","","","","","","","","","","","","","","","","","","","","","","","","",""
"1338.985092356","2026-08-01 15:33:30.811326","/home/sc28/SC-30/2_phase/phase1&2.py","log_msg","60","","","","","","","","","","15.030543762831583","","","","","","","","","","","","","","","","","","","","","","","","","","","","","","","","","","","",""
"1338.993163255","2026-08-01 15:33:30.819414","/home/sc28/SC-30/2_phase/phase1&2.py","log_msg","60","","","","Δalt(1s)=0.368 m (0/5)","","","","","","","","","","","","","","","","","","","","","","","","","","","","","","","","","","","","","","","","","",""
"1339.999025518","2026-08-01 15:33:31.825260","/home/sc28/SC-30/2_phase/phase1&2.py","log_msg","60","","","","","","","","","","15.068358260497106","","","","","","","","","","","","","","","","","","","","","","","","","","","","","","","","","","","",""
"1340.004718741","2026-08-01 15:33:31.830962","/home/sc28/SC-30/2_phase/phase1&2.py","log_msg","60","","","","Δalt(1s)=0.038 m (0/5)","","","","","","","","","","","","","","","","","","","","","","","","","","","","","","","","","","","","","","","","","",""
"1341.010023188","2026-08-01 15:33:32.836262","/home/sc28/SC-30/2_phase/phase1&2.py","log_msg","60","","","","","","","","","","14.662421471896101","","","","","","","","","","","","","","","","","","","","","","","","","","","","","","","","","","","",""
"1341.017753615","2026-08-01 15:33:32.844003","/home/sc28/SC-30/2_phase/phase1&2.py","log_msg","60","","","","Δalt(1s)=0.406 m (0/5)","","","","","","","","","","","","","","","","","","","","","","","","","","","","","","","","","","","","","","","","","",""
"1342.033792264","2026-08-01 15:33:33.860031","/home/sc28/SC-30/2_phase/phase1&2.py","log_msg","60","","","","","","","","","","15.323087683313","","","","","","","","","","","","","","","","","","","","","","","","","","","","","","","","","","","",""
"1342.037832973","2026-08-01 15:33:33.864084","/home/sc28/SC-30/2_phase/phase1&2.py","log_msg","60","","","","Δalt(1s)=0.661 m (0/5)","","","","","","","","","","","","","","","","","","","","","","","","","","","","","","","","","","","","","","","","","",""
"1343.043313099","2026-08-01 15:33:34.869553","/home/sc28/SC-30/2_phase/phase1&2.py","log_msg","60","","","","","","","","","","14.983553201934697","","","","","","","","","","","","","","","","","","","","","","","","","","","","","","","","","","","",""
"1343.0497019","2026-08-01 15:33:34.875949","/home/sc28/SC-30/2_phase/phase1&2.py","log_msg","60","","","","Δalt(1s)=0.340 m (0/5)","","","","","","","","","","","","","","","","","","","","","","","","","","","","","","","","","","","","","","","","","",""
"1344.055195619","2026-08-01 15:33:35.881435","/home/sc28/SC-30/2_phase/phase1&2.py","log_msg","60","","","","","","","","","","15.17863157985264","","","","","","","","","","","","","","","","","","","","","","","","","","","","","","","","","","","",""
"1344.059758417","2026-08-01 15:33:35.886009","/home/sc28/SC-30/2_phase/phase1&2.py","log_msg","60","","","","Δalt(1s)=0.195 m (0/5)","","","","","","","","","","","","","","","","","","","","","","","","","","","","","","","","","","","","","","","","","",""
"1345.068848415","2026-08-01 15:33:36.895087","/home/sc28/SC-30/2_phase/phase1&2.py","log_msg","60","","","","","","","","","","15.207258486276041","","","","","","","","","","","","","","","","","","","","","","","","","","","","","","","","","","","",""
"1345.079336885","2026-08-01 15:33:36.905597","/home/sc28/SC-30/2_phase/phase1&2.py","log_msg","60","","","","Δalt(1s)=0.029 m (0/5)","","","","","","","","","","","","","","","","","","","","","","","","","","","","","","","","","","","","","","","","","",""
"1346.086176709","2026-08-01 15:33:37.912415","/home/sc28/SC-30/2_phase/phase1&2.py","log_msg","60","","","","","","","","","","15.440111694454641","","","","","","","","","","","","","","","","","","","","","","","","","","","","","","","","","","","",""
"1346.096716899","2026-08-01 15:33:37.922975","/home/sc28/SC-30/2_phase/phase1&2.py","log_msg","60","","","","Δalt(1s)=0.233 m (0/5)","","","","","","","","","","","","","","","","","","","","","","","","","","","","","","","","","","","","","","","","","",""
"1347.103037291","2026-08-01 15:33:38.929276","/home/sc28/SC-30/2_phase/phase1&2.py","log_msg","60","","","","","","","","","","15.537677173226514","","","","","","","","","","","","","","","","","","","","","","","","","","","","","","","","","","","",""
"1347.110539227","2026-08-01 15:33:38.936790","/home/sc28/SC-30/2_phase/phase1&2.py","log_msg","60","","","","Δalt(1s)=0.098 m (0/5)","","","","","","","","","","","","","","","","","","","","","","","","","","","","","","","","","","","","","","","","","",""
"1348.11979808","2026-08-01 15:33:39.946036","/home/sc28/SC-30/2_phase/phase1&2.py","log_msg","60","","","","","","","","","","15.433593037184146","","","","","","","","","","","","","","","","","","","","","","","","","","","","","","","","","","","",""
"1348.126376832","2026-08-01 15:33:39.952627","/home/sc28/SC-30/2_phase/phase1&2.py","log_msg","60","","","","Δalt(1s)=0.104 m (0/5)","","","","","","","","","","","","","","","","","","","","","","","","","","","","","","","","","","","","","","","","","",""
"1349.13457625","2026-08-01 15:33:40.960814","/home/sc28/SC-30/2_phase/phase1&2.py","log_msg","60","","","","","","","","","","14.83002479391018","","","","","","","","","","","","","","","","","","","","","","","","","","","","","","","","","","","",""
"1349.145900612","2026-08-01 15:33:40.972160","/home/sc28/SC-30/2_phase/phase1&2.py","log_msg","60","","","","Δalt(1s)=0.604 m (0/5)","","","","","","","","","","","","","","","","","","","","","","","","","","","","","","","","","","","","","","","","","",""
"1350.15407352","2026-08-01 15:33:41.980307","/home/sc28/SC-30/2_phase/phase1&2.py","log_msg","60","","","","","","","","","","14.694737116820258","","","","","","","","","","","","","","","","","","","","","","","","","","","","","","","","","","","",""
"1350.161684623","2026-08-01 15:33:41.987939","/home/sc28/SC-30/2_phase/phase1&2.py","log_msg","60","","","","Δalt(1s)=0.135 m (0/5)","","","","","","","","","","","","","","","","","","","","","","","","","","","","","","","","","","","","","","","","","",""
"1351.167145894","2026-08-01 15:33:42.993379","/home/sc28/SC-30/2_phase/phase1&2.py","log_msg","60","","","","","","","","","","15.424567983560042","","","","","","","","","","","","","","","","","","","","","","","","","","","","","","","","","","","",""
"1351.174959082","2026-08-01 15:33:43.001211","/home/sc28/SC-30/2_phase/phase1&2.py","log_msg","60","","","","Δalt(1s)=0.730 m (0/5)","","","","","","","","","","","","","","","","","","","","","","","","","","","","","","","","","","","","","","","","","",""
"1352.180633167","2026-08-01 15:33:44.006868","/home/sc28/SC-30/2_phase/phase1&2.py","log_msg","60","","","","","","","","","","15.890340118591535","","","","","","","","","","","","","","","","","","","","","","","","","","","","","","","","","","","",""
"1352.184282155","2026-08-01 15:33:44.010526","/home/sc28/SC-30/2_phase/phase1&2.py","log_msg","60","","","","Δalt(1s)=0.466 m (0/5)","","","","","","","","","","","","","","","","","","","","","","","","","","","","","","","","","","","","","","","","","",""
"1353.18950858","2026-08-01 15:33:45.015742","/home/sc28/SC-30/2_phase/phase1&2.py","log_msg","60","","","","","","","","","","15.220369918484588","","","","","","","","","","","","","","","","","","","","","","","","","","","","","","","","","","","",""
"1353.197966201","2026-08-01 15:33:45.024218","/home/sc28/SC-30/2_phase/phase1&2.py","log_msg","60","","","","Δalt(1s)=0.670 m (0/5)","","","","","","","","","","","","","","","","","","","","","","","","","","","","","","","","","","","","","","","","","",""
"1354.204081696","2026-08-01 15:33:46.030317","/home/sc28/SC-30/2_phase/phase1&2.py","log_msg","60","","","","","","","","","","15.453254559417486","","","","","","","","","","","","","","","","","","","","","","","","","","","","","","","","","","","",""
"1354.209511271","2026-08-01 15:33:46.035753","/home/sc28/SC-30/2_phase/phase1&2.py","log_msg","60","","","","Δalt(1s)=0.233 m (0/5)","","","","","","","","","","","","","","","","","","","","","","","","","","","","","","","","","","","","","","","","","",""
"1355.21492775","2026-08-01 15:33:47.041168","/home/sc28/SC-30/2_phase/phase1&2.py","log_msg","60","","","","","","","","","","15.783761576085466","","","","","","","","","","","","","","","","","","","","","","","","","","","","","","","","","","","",""
"1355.219014918","2026-08-01 15:33:47.045264","/home/sc28/SC-30/2_phase/phase1&2.py","log_msg","60","","","","Δalt(1s)=0.331 m (0/5)","","","","","","","","","","","","","","","","","","","","","","","","","","","","","","","","","","","","","","","","","",""
"1356.224516971","2026-08-01 15:33:48.050756","/home/sc28/SC-30/2_phase/phase1&2.py","log_msg","60","","","","","","","","","","15.317975691203072","","","","","","","","","","","","","","","","","","","","","","","","","","","","","","","","","","","",""
"1356.232079063","2026-08-01 15:33:48.058330","/home/sc28/SC-30/2_phase/phase1&2.py","log_msg","60","","","","Δalt(1s)=0.466 m (0/5)","","","","","","","","","","","","","","","","","","","","","","","","","","","","","","","","","","","","","","","","","",""
"1357.237730179","2026-08-01 15:33:49.063969","/home/sc28/SC-30/2_phase/phase1&2.py","log_msg","60","","","","","","","","","","15.579571703408485","","","","","","","","","","","","","","","","","","","","","","","","","","","","","","","","","","","",""
"1357.241719743","2026-08-01 15:33:49.067970","/home/sc28/SC-30/2_phase/phase1&2.py","log_msg","60","","","","Δalt(1s)=0.262 m (0/5)","","","","","","","","","","","","","","","","","","","","","","","","","","","","","","","","","","","","","","","","","",""
"1358.254067111","2026-08-01 15:33:50.080306","/home/sc28/SC-30/2_phase/phase1&2.py","log_msg","60","","","","","","","","","","14.88089715611397","","","","","","","","","","","","","","","","","","","","","","","","","","","","","","","","","","","",""
"1358.268424155","2026-08-01 15:33:50.094676","/home/sc28/SC-30/2_phase/phase1&2.py","log_msg","60","","","","Δalt(1s)=0.699 m (0/5)","","","","","","","","","","","","","","","","","","","","","","","","","","","","","","","","","","","","","","","","","",""
"1359.278328535","2026-08-01 15:33:51.104567","/home/sc28/SC-30/2_phase/phase1&2.py","log_msg","60","","","","","","","","","","15.242664856460227","","","","","","","","","","","","","","","","","","","","","","","","","","","","","","","","","","","",""
"1359.282355546","2026-08-01 15:33:51.108607","/home/sc28/SC-30/2_phase/phase1&2.py","log_msg","60","","","","Δalt(1s)=0.362 m (0/5)","","","","","","","","","","","","","","","","","","","","","","","","","","","","","","","","","","","","","","","","","",""
"1360.28783963","2026-08-01 15:33:52.114079","/home/sc28/SC-30/2_phase/phase1&2.py","log_msg","60","","","","","","","","","","14.969572013651526","","","","","","","","","","","","","","","","","","","","","","","","","","","","","","","","","","","",""
"1360.291894559","2026-08-01 15:33:52.118147","/home/sc28/SC-30/2_phase/phase1&2.py","log_msg","60","","","","Δalt(1s)=0.273 m (0/5)","","","","","","","","","","","","","","","","","","","","","","","","","","","","","","","","","","","","","","","","","",""
"1361.297377965","2026-08-01 15:33:53.123617","/home/sc28/SC-30/2_phase/phase1&2.py","log_msg","60","","","","","","","","","","15.06720930295424","","","","","","","","","","","","","","","","","","","","","","","","","","","","","","","","","","","",""
"1361.305861055","2026-08-01 15:33:53.132113","/home/sc28/SC-30/2_phase/phase1&2.py","log_msg","60","","","","Δalt(1s)=0.098 m (0/5)","","","","","","","","","","","","","","","","","","","","","","","","","","","","","","","","","","","","","","","","","",""
"1362.311455451","2026-08-01 15:33:54.137695","/home/sc28/SC-30/2_phase/phase1&2.py","log_msg","60","","","","","","","","","","14.632679698909435","","","","","","","","","","","","","","","","","","","","","","","","","","","","","","","","","","","",""
"1362.315563349","2026-08-01 15:33:54.141812","/home/sc28/SC-30/2_phase/phase1&2.py","log_msg","60","","","","Δalt(1s)=0.435 m (0/5)","","","","","","","","","","","","","","","","","","","","","","","","","","","","","","","","","","","","","","","","","",""
"1363.321153892","2026-08-01 15:33:55.147393","/home/sc28/SC-30/2_phase/phase1&2.py","log_msg","60","","","","","","","","","","15.662002264382389","","","","","","","","","","","","","","","","","","","","","","","","","","","","","","","","","","","",""
"1363.325235748","2026-08-01 15:33:55.151486","/home/sc28/SC-30/2_phase/phase1&2.py","log_msg","60","","","","Δalt(1s)=1.029 m (0/5)","","","","","","","","","","","","","","","","","","","","","","","","","","","","","","","","","","","","","","","","","",""
"1364.330580872","2026-08-01 15:33:56.156820","/home/sc28/SC-30/2_phase/phase1&2.py","log_msg","60","","","","","","","","","","14.632679698909435","","","","","","","","","","","","","","","","","","","","","","","","","","","","","","","","","","","",""
"1364.338037391","2026-08-01 15:33:56.164287","/home/sc28/SC-30/2_phase/phase1&2.py","log_msg","60","","","","Δalt(1s)=1.029 m (0/5)","","","","","","","","","","","","","","","","","","","","","","","","","","","","","","","","","","","","","","","","","",""
"1365.344137052","2026-08-01 15:33:57.170378","/home/sc28/SC-30/2_phase/phase1&2.py","log_msg","60","","","","","","","","","","15.029590101284256","","","","","","","","","","","","","","","","","","","","","","","","","","","","","","","","","","","",""
"1365.354489949","2026-08-01 15:33:57.180748","/home/sc28/SC-30/2_phase/phase1&2.py","log_msg","60","","","","Δalt(1s)=0.397 m (0/5)","","","","","","","","","","","","","","","","","","","","","","","","","","","","","","","","","","","","","","","","","",""
"1366.362188477","2026-08-01 15:33:58.188428","/home/sc28/SC-30/2_phase/phase1&2.py","log_msg","60","","","","","","","","","","15.158554111053288","","","","","","","","","","","","","","","","","","","","","","","","","","","","","","","","","","","",""
"1366.366261167","2026-08-01 15:33:58.192511","/home/sc28/SC-30/2_phase/phase1&2.py","log_msg","60","","","","Δalt(1s)=0.129 m (0/5)","","","","","","","","","","","","","","","","","","","","","","","","","","","","","","","","","","","","","","","","","",""
"1367.375485957","2026-08-01 15:33:59.201725","/home/sc28/SC-30/2_phase/phase1&2.py","log_msg","60","","","","","","","","","","15.42025654186393","","","","","","","","","","","","","","","","","","","","","","","","","","","","","","","","","","","",""
"1367.381677726","2026-08-01 15:33:59.207927","/home/sc28/SC-30/2_phase/phase1&2.py","log_msg","60","","","","Δalt(1s)=0.262 m (0/5)","","","","","","","","","","","","","","","","","","","","","","","","","","","","","","","","","","","","","","","","","",""
"1368.387149414","2026-08-01 15:34:00.213389","/home/sc28/SC-30/2_phase/phase1&2.py","log_msg","60","","","","","","","","","","15.187321301612013","","","","","","","","","","","","","","","","","","","","","","","","","","","","","","","","","","","",""
"1368.395068072","2026-08-01 15:34:00.221320","/home/sc28/SC-30/2_phase/phase1&2.py","log_msg","60","","","","Δalt(1s)=0.233 m (0/5)","","","","","","","","","","","","","","","","","","","","","","","","","","","","","","","","","","","","","","","","","",""
"1369.400766688","2026-08-01 15:34:01.227005","/home/sc28/SC-30/2_phase/phase1&2.py","log_msg","60","","","","","","","","","","15.382689769523358","","","","","","","","","","","","","","","","","","","","","","","","","","","","","","","","","","","",""
"1369.404785211","2026-08-01 15:34:01.231038","/home/sc28/SC-30/2_phase/phase1&2.py","log_msg","60","","","","Δalt(1s)=0.195 m (0/5)","","","","","","","","","","","","","","","","","","","","","","","","","","","","","","","","","","","","","","","","","",""
"1370.414003751","2026-08-01 15:34:02.240237","/home/sc28/SC-30/2_phase/phase1&2.py","log_msg","60","","","","","","","","","","15.247438180325362","","","","","","","","","","","","","","","","","","","","","","","","","","","","","","","","","","","",""
"1370.417616541","2026-08-01 15:34:02.243861","/home/sc28/SC-30/2_phase/phase1&2.py","log_msg","60","","","","Δalt(1s)=0.135 m (0/5)","","","","","","","","","","","","","","","","","","","","","","","","","","","","","","","","","","","","","","","","","",""
"1371.425843928","2026-08-01 15:34:03.252077","/home/sc28/SC-30/2_phase/phase1&2.py","log_msg","60","","","","","","","","","","15.480385705838133","","","","","","","","","","","","","","","","","","","","","","","","","","","","","","","","","","","",""
"1371.43772642","2026-08-01 15:34:03.264013","/home/sc28/SC-30/2_phase/phase1&2.py","log_msg","60","","","","Δalt(1s)=0.233 m (0/5)","","","","","","","","","","","","","","","","","","","","","","","","","","","","","","","","","","","","","","","","","",""
"1372.443600038","2026-08-01 15:34:04.269833","/home/sc28/SC-30/2_phase/phase1&2.py","log_msg","60","","","","","","","","","","15.345136139376192","","","","","","","","","","","","","","","","","","","","","","","","","","","","","","","","","","","",""
"1372.447310329","2026-08-01 15:34:04.273554","/home/sc28/SC-30/2_phase/phase1&2.py","log_msg","60","","","","Δalt(1s)=0.135 m (0/5)","","","","","","","","","","","","","","","","","","","","","","","","","","","","","","","","","","","","","","","","","",""
"1373.456388452","2026-08-01 15:34:05.282621","/home/sc28/SC-30/2_phase/phase1&2.py","log_msg","60","","","","","","","","","","15.345136139376192","","","","","","","","","","","","","","","","","","","","","","","","","","","","","","","","","","","",""
"1373.46429362","2026-08-01 15:34:05.290564","/home/sc28/SC-30/2_phase/phase1&2.py","log_msg","60","","","","Δalt(1s)=0.000 m (0/5)","","","","","","","","","","","","","","","","","","","","","","","","","","","","","","","","","","","","","","","","","",""
"1374.470076716","2026-08-01 15:34:06.296310","/home/sc28/SC-30/2_phase/phase1&2.py","log_msg","60","","","","","","","","","","15.20733602674728","","","","","","","","","","","","","","","","","","","","","","","","","","","","","","","","","","","",""
"1374.482207648","2026-08-01 15:34:06.308451","/home/sc28/SC-30/2_phase/phase1&2.py","log_msg","60","","","","Δalt(1s)=0.138 m (0/5)","","","","","","","","","","","","","","","","","","","","","","","","","","","","","","","","","","","","","","","","","",""
"1375.489089972","2026-08-01 15:34:07.315330","/home/sc28/SC-30/2_phase/phase1&2.py","log_msg","60","","","","","","","","","","14.936843421011885","","","","","","","","","","","","","","","","","","","","","","","","","","","","","","","","","","","",""
"1375.4966367","2026-08-01 15:34:07.322887","/home/sc28/SC-30/2_phase/phase1&2.py","log_msg","60","","","","Δalt(1s)=0.270 m (0/5)","","","","","","","","","","","","","","","","","","","","","","","","","","","","","","","","","","","","","","","","","",""
"1376.50228641","2026-08-01 15:34:08.328526","/home/sc28/SC-30/2_phase/phase1&2.py","log_msg","60","","","","","","","","","","14.87049696975622","","","","","","","","","","","","","","","","","","","","","","","","","","","","","","","","","","","",""
"1376.506319828","2026-08-01 15:34:08.332572","/home/sc28/SC-30/2_phase/phase1&2.py","log_msg","60","","","","Δalt(1s)=0.066 m (0/5)","","","","","","","","","","","","","","","","","","","","","","","","","","","","","","","","","","","","","","","","","",""
"1377.51195485","2026-08-01 15:34:09.338194","/home/sc28/SC-30/2_phase/phase1&2.py","log_msg","60","","","","","","","","","","15.103452827062467","","","","","","","","","","","","","","","","","","","","","","","","","","","","","","","","","","","",""
"1377.519155169","2026-08-01 15:34:09.345405","/home/sc28/SC-30/2_phase/phase1&2.py","log_msg","60","","","","Δalt(1s)=0.233 m (0/5)","","","","","","","","","","","","","","","","","","","","","","","","","","","","","","","","","","","","","","","","","",""
"1378.525469051","2026-08-01 15:34:10.351708","/home/sc28/SC-30/2_phase/phase1&2.py","log_msg","60","","","","","","","","","","15.201171468098543","","","","","","","","","","","","","","","","","","","","","","","","","","","","","","","","","","","",""
"1378.533146248","2026-08-01 15:34:10.359395","/home/sc28/SC-30/2_phase/phase1&2.py","log_msg","60","","","","Δalt(1s)=0.098 m (0/5)","","","","","","","","","","","","","","","","","","","","","","","","","","","","","","","","","","","","","","","","","",""
"1379.539129867","2026-08-01 15:34:11.365368","/home/sc28/SC-30/2_phase/phase1&2.py","log_msg","60","","","","","","","","","","14.997034649609523","","","","","","","","","","","","","","","","","","","","","","","","","","","","","","","","","","","",""
"1379.543266098","2026-08-01 15:34:11.369516","/home/sc28/SC-30/2_phase/phase1&2.py","log_msg","60","","","","Δalt(1s)=0.204 m (0/5)","","","","","","","","","","","","","","","","","","","","","","","","","","","","","","","","","","","","","","","","","",""
"1380.548935913","2026-08-01 15:34:12.375177","/home/sc28/SC-30/2_phase/phase1&2.py","log_msg","60","","","","","","","","","","14.764071914921937","","","","","","","","","","","","","","","","","","","","","","","","","","","","","","","","","","","",""
"1380.552938393","2026-08-01 15:34:12.379188","/home/sc28/SC-30/2_phase/phase1&2.py","log_msg","60","","","","Δalt(1s)=0.233 m (0/5)","","","","","","","","","","","","","","","","","","","","","","","","","","","","","","","","","","","","","","","","","",""
"1381.558421904","2026-08-01 15:34:13.384663","/home/sc28/SC-30/2_phase/phase1&2.py","log_msg","60","","","","","","","","","","15.065930495668692","","","","","","","","","","","","","","","","","","","","","","","","","","","","","","","","","","","",""
"1381.567522342","2026-08-01 15:34:13.393777","/home/sc28/SC-30/2_phase/phase1&2.py","log_msg","60","","","","Δalt(1s)=0.302 m (0/5)","","","","","","","","","","","","","","","","","","","","","","","","","","","","","","","","","","","","","","","","","",""
"1382.574090445","2026-08-01 15:34:14.400331","/home/sc28/SC-30/2_phase/phase1&2.py","log_msg","60","","","","","","","","","","14.600010819624364","","","","","","","","","","","","","","","","","","","","","","","","","","","","","","","","","","","",""
"1382.578305323","2026-08-01 15:34:14.404557","/home/sc28/SC-30/2_phase/phase1&2.py","log_msg","60","","","","Δalt(1s)=0.466 m (0/5)","","","","","","","","","","","","","","","","","","","","","","","","","","","","","","","","","","","","","","","","","",""
"1383.583762323","2026-08-01 15:34:15.410001","/home/sc28/SC-30/2_phase/phase1&2.py","log_msg","60","","","","","","","","","","15.23000243690958","","","","","","","","","","","","","","","","","","","","","","","","","","","","","","","","","","","",""
"1383.590391387","2026-08-01 15:34:15.416642","/home/sc28/SC-30/2_phase/phase1&2.py","log_msg","60","","","","Δalt(1s)=0.630 m (0/5)","","","","","","","","","","","","","","","","","","","","","","","","","","","","","","","","","","","","","","","","","",""
"1384.599634251","2026-08-01 15:34:16.425873","/home/sc28/SC-30/2_phase/phase1&2.py","log_msg","60","","","","","","","","","","15.25884360776364","","","","","","","","","","","","","","","","","","","","","","","","","","","","","","","","","","","",""
"1384.607044102","2026-08-01 15:34:16.433293","/home/sc28/SC-30/2_phase/phase1&2.py","log_msg","60","","","","Δalt(1s)=0.029 m (0/5)","","","","","","","","","","","","","","","","","","","","","","","","","","","","","","","","","","","","","","","","","",""
"1385.612748813","2026-08-01 15:34:17.438989","/home/sc28/SC-30/2_phase/phase1&2.py","log_msg","60","","","","","","","","","","15.72480664325859","","","","","","","","","","","","","","","","","","","","","","","","","","","","","","","","","","","",""
"1385.616823325","2026-08-01 15:34:17.443078","/home/sc28/SC-30/2_phase/phase1&2.py","log_msg","60","","","","Δalt(1s)=0.466 m (0/5)","","","","","","","","","","","","","","","","","","","","","","","","","","","","","","","","","","","","","","","","","",""
"1386.622289596","2026-08-01 15:34:18.448529","/home/sc28/SC-30/2_phase/phase1&2.py","log_msg","60","","","","","","","","","","15.05726648325421","","","","","","","","","","","","","","","","","","","","","","","","","","","","","","","","","","","",""
"1386.631060969","2026-08-01 15:34:18.457310","/home/sc28/SC-30/2_phase/phase1&2.py","log_msg","60","","","","Δalt(1s)=0.668 m (0/5)","","","","","","","","","","","","","","","","","","","","","","","","","","","","","","","","","","","","","","","","","",""
"1387.640326229","2026-08-01 15:34:19.466566","/home/sc28/SC-30/2_phase/phase1&2.py","log_msg","60","","","","","","","","","","14.755398303800742","","","","","","","","","","","","","","","","","","","","","","","","","","","","","","","","","","","",""
"1387.64565497","2026-08-01 15:34:19.471904","/home/sc28/SC-30/2_phase/phase1&2.py","log_msg","60","","","","Δalt(1s)=0.302 m (0/5)","","","","","","","","","","","","","","","","","","","","","","","","","","","","","","","","","","","","","","","","","",""
"1388.651089001","2026-08-01 15:34:20.477328","/home/sc28/SC-30/2_phase/phase1&2.py","log_msg","60","","","","","","","","","","15.18387782567791","","","","","","","","","","","","","","","","","","","","","","","","","","","","","","","","","","","",""
"1388.655117575","2026-08-01 15:34:20.481369","/home/sc28/SC-30/2_phase/phase1&2.py","log_msg","60","","","","Δalt(1s)=0.428 m (0/5)","","","","","","","","","","","","","","","","","","","","","","","","","","","","","","","","","","","","","","","","","",""
"1389.664695963","2026-08-01 15:34:21.490934","/home/sc28/SC-30/2_phase/phase1&2.py","log_msg","60","","","","","","","","","","15.117538927527063","","","","","","","","","","","","","","","","","","","","","","","","","","","","","","","","","","","",""
"1389.674253853","2026-08-01 15:34:21.500512","/home/sc28/SC-30/2_phase/phase1&2.py","log_msg","60","","","","Δalt(1s)=0.066 m (0/5)","","","","","","","","","","","","","","","","","","","","","","","","","","","","","","","","","","","","","","","","","",""
"1390.684231514","2026-08-01 15:34:22.510471","/home/sc28/SC-30/2_phase/phase1&2.py","log_msg","60","","","","","","","","","","15.146414660630318","","","","","","","","","","","","","","","","","","","","","","","","","","","","","","","","","","","",""
"1390.68837311","2026-08-01 15:34:22.514641","/home/sc28/SC-30/2_phase/phase1&2.py","log_msg","60","","","","Δalt(1s)=0.029 m (0/5)","","","","","","","","","","","","","","","","","","","","","","","","","","","","","","","","","","","","","","","","","",""
"1391.693934643","2026-08-01 15:34:23.520174","/home/sc28/SC-30/2_phase/phase1&2.py","log_msg","60","","","","","","","","","","15.108964647988492","","","","","","","","","","","","","","","","","","","","","","","","","","","","","","","","","","","",""
"1391.704104985","2026-08-01 15:34:23.530365","/home/sc28/SC-30/2_phase/phase1&2.py","log_msg","60","","","","Δalt(1s)=0.037 m (0/5)","","","","","","","","","","","","","","","","","","","","","","","","","","","","","","","","","","","","","","","","","",""
"1392.71181742","2026-08-01 15:34:24.538059","/home/sc28/SC-30/2_phase/phase1&2.py","log_msg","60","","","","","","","","","","14.973742330279938","","","","","","","","","","","","","","","","","","","","","","","","","","","","","","","","","","","",""
"1392.716853138","2026-08-01 15:34:24.543102","/home/sc28/SC-30/2_phase/phase1&2.py","log_msg","60","","","","Δalt(1s)=0.135 m (0/5)","","","","","","","","","","","","","","","","","","","","","","","","","","","","","","","","","","","","","","","","","",""
"1393.722456285","2026-08-01 15:34:25.548696","/home/sc28/SC-30/2_phase/phase1&2.py","log_msg","60","","","","","","","","","","14.838521310372698","","","","","","","","","","","","","","","","","","","","","","","","","","","","","","","","","","","",""
"1393.730401662","2026-08-01 15:34:25.556651","/home/sc28/SC-30/2_phase/phase1&2.py","log_msg","60","","","","Δalt(1s)=0.135 m (0/5)","","","","","","","","","","","","","","","","","","","","","","","","","","","","","","","","","","","","","","","","","",""
"1394.736642939","2026-08-01 15:34:26.562884","/home/sc28/SC-30/2_phase/phase1&2.py","log_msg","60","","","","","","","","","","14.9337575049706","","","","","","","","","","","","","","","","","","","","","","","","","","","","","","","","","","","",""
"1394.740797504","2026-08-01 15:34:26.567050","/home/sc28/SC-30/2_phase/phase1&2.py","log_msg","60","","","","Δalt(1s)=0.095 m (0/5)","","","","","","","","","","","","","","","","","","","","","","","","","","","","","","","","","","","","","","","","","",""
"1395.750088389","2026-08-01 15:34:27.576328","/home/sc28/SC-30/2_phase/phase1&2.py","log_msg","60","","","","","","","","","","15.031552834058482","","","","","","","","","","","","","","","","","","","","","","","","","","","","","","","","","","","",""
"1395.75547161","2026-08-01 15:34:27.581721","/home/sc28/SC-30/2_phase/phase1&2.py","log_msg","60","","","","Δalt(1s)=0.098 m (0/5)","","","","","","","","","","","","","","","","","","","","","","","","","","","","","","","","","","","","","","","","","",""
"1396.76108382","2026-08-01 15:34:28.587322","/home/sc28/SC-30/2_phase/phase1&2.py","log_msg","60","","","","","","","","","","14.732207109713098","","","","","","","","","","","","","","","","","","","","","","","","","","","","","","","","","","","",""
"1396.765289062","2026-08-01 15:34:28.591539","/home/sc28/SC-30/2_phase/phase1&2.py","log_msg","60","","","","Δalt(1s)=0.299 m (0/5)","","","","","","","","","","","","","","","","","","","","","","","","","","","","","","","","","","","","","","","","","",""
"1397.770819865","2026-08-01 15:34:29.597059","/home/sc28/SC-30/2_phase/phase1&2.py","log_msg","60","","","","","","","","","","14.830005457820304","","","","","","","","","","","","","","","","","","","","","","","","","","","","","","","","","","","",""
"1397.783079495","2026-08-01 15:34:29.609341","/home/sc28/SC-30/2_phase/phase1&2.py","log_msg","60","","","","Δalt(1s)=0.098 m (0/5)","","","","","","","","","","","","","","","","","","","","","","","","","","","","","","","","","","","","","","","","","",""
"1398.789241709","2026-08-01 15:34:30.615480","/home/sc28/SC-30/2_phase/phase1&2.py","log_msg","60","","","","","","","","","","15.258656281802917","","","","","","","","","","","","","","","","","","","","","","","","","","","","","","","","","","","",""
"1398.799192363","2026-08-01 15:34:30.625450","/home/sc28/SC-30/2_phase/phase1&2.py","log_msg","60","","","","Δalt(1s)=0.429 m (0/5)","","","","","","","","","","","","","","","","","","","","","","","","","","","","","","","","","","","","","","","","","",""
"1399.8054264","2026-08-01 15:34:31.631665","/home/sc28/SC-30/2_phase/phase1&2.py","log_msg","60","","","","","","","","","","15.65585341453151","","","","","","","","","","","","","","","","","","","","","","","","","","","","","","","","","","","",""
"1399.813822406","2026-08-01 15:34:31.640073","/home/sc28/SC-30/2_phase/phase1&2.py","log_msg","60","","","","Δalt(1s)=0.397 m (0/5)","","","","","","","","","","","","","","","","","","","","","","","","","","","","","","","","","","","","","","","","","",""
"1400.819560606","2026-08-01 15:34:32.645800","/home/sc28/SC-30/2_phase/phase1&2.py","log_msg","60","","","","","","","","","","15.258656281802917","","","","","","","","","","","","","","","","","","","","","","","","","","","","","","","","","","","",""
"1400.829889752","2026-08-01 15:34:32.656150","/home/sc28/SC-30/2_phase/phase1&2.py","log_msg","60","","","","Δalt(1s)=0.397 m (0/5)","","","","","","","","","","","","","","","","","","","","","","","","","","","","","","","","","","","","","","","","","",""
"1401.836214572","2026-08-01 15:34:33.662454","/home/sc28/SC-30/2_phase/phase1&2.py","log_msg","60","","","","","","","","","","15.123447349017084","","","","","","","","","","","","","","","","","","","","","","","","","","","","","","","","","","","",""
"1401.841581126","2026-08-01 15:34:33.667833","/home/sc28/SC-30/2_phase/phase1&2.py","log_msg","60","","","","Δalt(1s)=0.135 m (0/5)","","","","","","","","","","","","","","","","","","","","","","","","","","","","","","","","","","","","","","","","","",""
"1402.846949687","2026-08-01 15:34:34.673189","/home/sc28/SC-30/2_phase/phase1&2.py","log_msg","60","","","","","","","","","","14.657389540608488","","","","","","","","","","","","","","","","","","","","","","","","","","","","","","","","","","","",""
"1402.851182794","2026-08-01 15:34:34.677433","/home/sc28/SC-30/2_phase/phase1&2.py","log_msg","60","","","","Δalt(1s)=0.466 m (0/5)","","","","","","","","","","","","","","","","","","","","","","","","","","","","","","","","","","","","","","","","","",""
"1403.856769327","2026-08-01 15:34:35.683008","/home/sc28/SC-30/2_phase/phase1&2.py","log_msg","60","","","","","","","","","","15.218725868447853","","","","","","","","","","","","","","","","","","","","","","","","","","","","","","","","","","","",""
"1403.864359388","2026-08-01 15:34:35.690609","/home/sc28/SC-30/2_phase/phase1&2.py","log_msg","60","","","","Δalt(1s)=0.561 m (0/5)","","","","","","","","","","","","","","","","","","","","","","","","","","","","","","","","","","","","","","","","","",""
"1404.870200871","2026-08-01 15:34:36.696440","/home/sc28/SC-30/2_phase/phase1&2.py","log_msg","60","","","","","","","","","","14.68632832429289","","","","","","","","","","","","","","","","","","","","","","","","","","","","","","","","","","","",""
"1404.874273195","2026-08-01 15:34:36.700526","/home/sc28/SC-30/2_phase/phase1&2.py","log_msg","60","","","","Δalt(1s)=0.532 m (0/5)","","","","","","","","","","","","","","","","","","","","","","","","","","","","","","","","","","","","","","","","","",""
"1405.879758268","2026-08-01 15:34:37.705998","/home/sc28/SC-30/2_phase/phase1&2.py","log_msg","60","","","","","","","","","","15.017193492702939","","","","","","","","","","","","","","","","","","","","","","","","","","","","","","","","","","","",""
"1405.88845787","2026-08-01 15:34:37.714710","/home/sc28/SC-30/2_phase/phase1&2.py","log_msg","60","","","","Δalt(1s)=0.331 m (0/5)","","","","","","","","","","","","","","","","","","","","","","","","","","","","","","","","","","","","","","","","","",""
"1407.244830525","2026-08-01 15:34:39.071069","/home/sc28/SC-30/2_phase/phase1&2.py","log_msg","60","","","","","","","","","","15.04615748135983","","","","","","","","","","","","","","","","","","","","","","","","","","","","","","","","","","","",""
"1407.248863371","2026-08-01 15:34:39.075113","/home/sc28/SC-30/2_phase/phase1&2.py","log_msg","60","","","","Δalt(1s)=0.029 m (0/5)","","","","","","","","","","","","","","","","","","","","","","","","","","","","","","","","","","","","","","","","","",""
"1408.254318131","2026-08-01 15:34:40.080557","/home/sc28/SC-30/2_phase/phase1&2.py","log_msg","60","","","","","","","","","","15.14400677170968","","","","","","","","","","","","","","","","","","","","","","","","","","","","","","","","","","","",""
"1408.258449258","2026-08-01 15:34:40.084699","/home/sc28/SC-30/2_phase/phase1&2.py","log_msg","60","","","","Δalt(1s)=0.098 m (0/5)","","","","","","","","","","","","","","","","","","","","","","","","","","","","","","","","","","","","","","","","","",""
"1409.263985269","2026-08-01 15:34:41.090269","/home/sc28/SC-30/2_phase/phase1&2.py","log_msg","60","","","","","","","","","","15.543798985756744","","","","","","","","","","","","","","","","","","","","","","","","","","","","","","","","","","","",""
"1409.268101813","2026-08-01 15:34:41.094357","/home/sc28/SC-30/2_phase/phase1&2.py","log_msg","60","","","","Δalt(1s)=0.400 m (0/5)","","","","","","","","","","","","","","","","","","","","","","","","","","","","","","","","","","","","","","","","","",""
"1410.277208634","2026-08-01 15:34:42.103447","/home/sc28/SC-30/2_phase/phase1&2.py","log_msg","60","","","","","","","","","","15.270855758300106","","","","","","","","","","","","","","","","","","","","","","","","","","","","","","","","","","","",""
"1410.281196792","2026-08-01 15:34:42.107448","/home/sc28/SC-30/2_phase/phase1&2.py","log_msg","60","","","","Δalt(1s)=0.273 m (0/5)","","","","","","","","","","","","","","","","","","","","","","","","","","","","","","","","","","","","","","","","","",""
"1411.286835199","2026-08-01 15:34:43.113074","/home/sc28/SC-30/2_phase/phase1&2.py","log_msg","60","","","","","","","","","","14.971471361528891","","","","","","","","","","","","","","","","","","","","","","","","","","","","","","","","","","","",""
"1411.290945962","2026-08-01 15:34:43.117195","/home/sc28/SC-30/2_phase/phase1&2.py","log_msg","60","","","","Δalt(1s)=0.299 m (0/5)","","","","","","","","","","","","","","","","","","","","","","","","","","","","","","","","","","","","","","","","","",""
"1412.296482598","2026-08-01 15:34:44.122721","/home/sc28/SC-30/2_phase/phase1&2.py","log_msg","60","","","","","","","","","","15.233537323794692","","","","","","","","","","","","","","","","","","","","","","","","","","","","","","","","","","","",""
"1412.30059185","2026-08-01 15:34:44.126842","/home/sc28/SC-30/2_phase/phase1&2.py","log_msg","60","","","","Δalt(1s)=0.262 m (0/5)","","","","","","","","","","","","","","","","","","","","","","","","","","","","","","","","","","","","","","","","","",""
"1413.309721744","2026-08-01 15:34:45.135962","/home/sc28/SC-30/2_phase/phase1&2.py","log_msg","60","","","","","","","","","","14.798957069762805","","","","","","","","","","","","","","","","","","","","","","","","","","","","","","","","","","","",""
"1413.313871101","2026-08-01 15:34:45.140120","/home/sc28/SC-30/2_phase/phase1&2.py","log_msg","60","","","","Δalt(1s)=0.435 m (0/5)","","","","","","","","","","","","","","","","","","","","","","","","","","","","","","","","","","","","","","","","","",""
"1414.319419508","2026-08-01 15:34:46.145660","/home/sc28/SC-30/2_phase/phase1&2.py","log_msg","60","","","","","","","","","","15.89548802924049","","","","","","","","","","","","","","","","","","","","","","","","","","","","","","","","","","","",""
"1414.32537091","2026-08-01 15:34:46.151621","/home/sc28/SC-30/2_phase/phase1&2.py","log_msg","60","","","","Δalt(1s)=1.097 m (0/5)","","","","","","","","","","","","","","","","","","","","","","","","","","","","","","","","","","","","","","","","","",""
"1415.330866817","2026-08-01 15:34:47.157107","/home/sc28/SC-30/2_phase/phase1&2.py","log_msg","60","","","","","","","","","","14.89428717810246","","","","","","","","","","","","","","","","","","","","","","","","","","","","","","","","","","","",""
"1415.338385627","2026-08-01 15:34:47.164636","/home/sc28/SC-30/2_phase/phase1&2.py","log_msg","60","","","","Δalt(1s)=1.001 m (0/5)","","","","","","","","","","","","","","","","","","","","","","","","","","","","","","","","","","","","","","","","","",""
"1416.344190859","2026-08-01 15:34:48.170431","/home/sc28/SC-30/2_phase/phase1&2.py","log_msg","60","","","","","","","","","","15.691435125402988","","","","","","","","","","","","","","","","","","","","","","","","","","","","","","","","","","","",""
"1416.348259486","2026-08-01 15:34:48.174512","/home/sc28/SC-30/2_phase/phase1&2.py","log_msg","60","","","","Δalt(1s)=0.797 m (0/5)","","","","","","","","","","","","","","","","","","","","","","","","","","","","","","","","","","","","","","","","","",""
"1417.353740705","2026-08-01 15:34:49.179979","/home/sc28/SC-30/2_phase/phase1&2.py","log_msg","60","","","","","","","","","","15.62511856963403","","","","","","","","","","","","","","","","","","","","","","","","","","","","","","","","","","","",""
"1417.357762769","2026-08-01 15:34:49.184013","/home/sc28/SC-30/2_phase/phase1&2.py","log_msg","60","","","","Δalt(1s)=0.066 m (0/5)","","","","","","","","","","","","","","","","","","","","","","","","","","","","","","","","","","","","","","","","","",""
"1418.363230342","2026-08-01 15:34:50.189469","/home/sc28/SC-30/2_phase/phase1&2.py","log_msg","60","","","","","","","","","","14.888572788677244","","","","","","","","","","","","","","","","","","","","","","","","","","","","","","","","","","","",""
"1418.370725767","2026-08-01 15:34:50.196976","/home/sc28/SC-30/2_phase/phase1&2.py","log_msg","60","","","","Δalt(1s)=0.737 m (0/5)","","","","","","","","","","","","","","","","","","","","","","","","","","","","","","","","","","","","","","","","","",""
"1419.376571364","2026-08-01 15:34:51.202810","/home/sc28/SC-30/2_phase/phase1&2.py","log_msg","60","","","","","","","","","","14.753391157281508","","","","","","","","","","","","","","","","","","","","","","","","","","","","","","","","","","","",""
"1419.383121365","2026-08-01 15:34:51.209370","/home/sc28/SC-30/2_phase/phase1&2.py","log_msg","60","","","","Δalt(1s)=0.135 m (0/5)","","","","","","","","","","","","","","","","","","","","","","","","","","","","","","","","","","","","","","","","","",""
"1420.388759825","2026-08-01 15:34:52.214998","/home/sc28/SC-30/2_phase/phase1&2.py","log_msg","60","","","","","","","","","","14.753391157281508","","","","","","","","","","","","","","","","","","","","","","","","","","","","","","","","","","","",""
"1420.39889824","2026-08-01 15:34:52.225151","/home/sc28/SC-30/2_phase/phase1&2.py","log_msg","60","","","","Δalt(1s)=0.000 m (0/5)","","","","","","","","","","","","","","","","","","","","","","","","","","","","","","","","","","","","","","","","","",""
"1421.404694462","2026-08-01 15:34:53.230934","/home/sc28/SC-30/2_phase/phase1&2.py","log_msg","60","","","","","","","","","","15.219574135160455","","","","","","","","","","","","","","","","","","","","","","","","","","","","","","","","","","","",""
"1421.412311294","2026-08-01 15:34:53.238561","/home/sc28/SC-30/2_phase/phase1&2.py","log_msg","60","","","","Δalt(1s)=0.466 m (0/5)","","","","","","","","","","","","","","","","","","","","","","","","","","","","","","","","","","","","","","","","","",""
"1422.419123097","2026-08-01 15:34:54.245363","/home/sc28/SC-30/2_phase/phase1&2.py","log_msg","60","","","","","","","","","","15.150709262028755","","","","","","","","","","","","","","","","","","","","","","","","","","","","","","","","","","","",""
"1422.433745663","2026-08-01 15:34:54.259997","/home/sc28/SC-30/2_phase/phase1&2.py","log_msg","60","","","","Δalt(1s)=0.069 m (0/5)","","","","","","","","","","","","","","","","","","","","","","","","","","","","","","","","","","","","","","","","","",""
"1423.441099189","2026-08-01 15:34:55.267340","/home/sc28/SC-30/2_phase/phase1&2.py","log_msg","60","","","","","","","","","","14.316260876515202","","","","","","","","","","","","","","","","","","","","","","","","","","","","","","","","","","","",""
"1423.448603052","2026-08-01 15:34:55.274854","/home/sc28/SC-30/2_phase/phase1&2.py","log_msg","60","","","","Δalt(1s)=0.834 m (0/5)","","","","","","","","","","","","","","","","","","","","","","","","","","","","","","","","","","","","","","","","","",""
"1424.459609003","2026-08-01 15:34:56.285849","/home/sc28/SC-30/2_phase/phase1&2.py","log_msg","60","","","","","","","","","","15.113455037229352","","","","","","","","","","","","","","","","","","","","","","","","","","","","","","","","","","","",""
"1424.463740755","2026-08-01 15:34:56.289993","/home/sc28/SC-30/2_phase/phase1&2.py","log_msg","60","","","","Δalt(1s)=0.797 m (0/5)","","","","","","","","","","","","","","","","","","","","","","","","","","","","","","","","","","","","","","","","","",""
"1425.469243381","2026-08-01 15:34:57.295483","/home/sc28/SC-30/2_phase/phase1&2.py","log_msg","60","","","","","","","","","","15.277698527749218","","","","","","","","","","","","","","","","","","","","","","","","","","","","","","","","","","","",""
"1425.473367372","2026-08-01 15:34:57.299618","/home/sc28/SC-30/2_phase/phase1&2.py","log_msg","60","","","","Δalt(1s)=0.164 m (0/5)","","","","","","","","","","","","","","","","","","","","","","","","","","","","","","","","","","","","","","","","","",""
"1426.478831612","2026-08-01 15:34:58.305072","/home/sc28/SC-30/2_phase/phase1&2.py","log_msg","60","","","","","","","","","","15.346560996620983","","","","","","","","","","","","","","","","","","","","","","","","","","","","","","","","","","","",""
"1426.486390684","2026-08-01 15:34:58.312641","/home/sc28/SC-30/2_phase/phase1&2.py","log_msg","60","","","","Δalt(1s)=0.069 m (0/5)","","","","","","","","","","","","","","","","","","","","","","","","","","","","","","","","","","","","","","","","","",""
"1427.49208779","2026-08-01 15:34:59.318328","/home/sc28/SC-30/2_phase/phase1&2.py","log_msg","60","","","","","","","","","","15.47358358649841","","","","","","","","","","","","","","","","","","","","","","","","","","","","","","","","","","","",""
"1427.496117458","2026-08-01 15:34:59.322375","/home/sc28/SC-30/2_phase/phase1&2.py","log_msg","60","","","","Δalt(1s)=0.127 m (0/5)","","","","","","","","","","","","","","","","","","","","","","","","","","","","","","","","","","","","","","","","","",""
"1428.501489197","2026-08-01 15:35:00.327729","/home/sc28/SC-30/2_phase/phase1&2.py","log_msg","60","","","","","","","","","","15.47358358649841","","","","","","","","","","","","","","","","","","","","","","","","","","","","","","","","","","","",""
"1428.510320987","2026-08-01 15:35:00.336574","/home/sc28/SC-30/2_phase/phase1&2.py","log_msg","60","","","","Δalt(1s)=0.000 m (0/5)","","","","","","","","","","","","","","","","","","","","","","","","","","","","","","","","","","","","","","","","","",""
"1429.516149605","2026-08-01 15:35:01.342391","/home/sc28/SC-30/2_phase/phase1&2.py","log_msg","60","","","","","","","","","","15.20324601566867","","","","","","","","","","","","","","","","","","","","","","","","","","","","","","","","","","","",""
"1429.529887633","2026-08-01 15:35:01.356140","/home/sc28/SC-30/2_phase/phase1&2.py","log_msg","60","","","","Δalt(1s)=0.270 m (0/5)","","","","","","","","","","","","","","","","","","","","","","","","","","","","","","","","","","","","","","","","","",""
"1430.535743438","2026-08-01 15:35:02.361983","/home/sc28/SC-30/2_phase/phase1&2.py","log_msg","60","","","","","","","","","","15.767469789405036","","","","","","","","","","","","","","","","","","","","","","","","","","","","","","","","","","","",""
"1430.542148698","2026-08-01 15:35:02.368400","/home/sc28/SC-30/2_phase/phase1&2.py","log_msg","60","","","","Δalt(1s)=0.564 m (0/5)","","","","","","","","","","","","","","","","","","","","","","","","","","","","","","","","","","","","","","","","","",""
"1431.547543406","2026-08-01 15:35:03.373782","/home/sc28/SC-30/2_phase/phase1&2.py","log_msg","60","","","","","","","","","","15.698612826077387","","","","","","","","","","","","","","","","","","","","","","","","","","","","","","","","","","","",""
"1431.55162547","2026-08-01 15:35:03.377875","/home/sc28/SC-30/2_phase/phase1&2.py","log_msg","60","","","","Δalt(1s)=0.069 m (0/5)","","","","","","","","","","","","","","","","","","","","","","","","","","","","","","","","","","","","","","","","","",""
"1432.563090279","2026-08-01 15:35:04.389329","/home/sc28/SC-30/2_phase/phase1&2.py","log_msg","60","","","","","","","","","","15.497144392937315","","","","","","","","","","","","","","","","","","","","","","","","","","","","","","","","","","","",""
"1432.567087447","2026-08-01 15:35:04.393337","/home/sc28/SC-30/2_phase/phase1&2.py","log_msg","60","","","","Δalt(1s)=0.201 m (0/5)","","","","","","","","","","","","","","","","","","","","","","","","","","","","","","","","","","","","","","","","","",""
"1433.572472884","2026-08-01 15:35:05.398712","/home/sc28/SC-30/2_phase/phase1&2.py","log_msg","60","","","","","","","","","","15.293128675260787","","","","","","","","","","","","","","","","","","","","","","","","","","","","","","","","","","","",""
"1433.576474427","2026-08-01 15:35:05.402728","/home/sc28/SC-30/2_phase/phase1&2.py","log_msg","60","","","","Δalt(1s)=0.204 m (0/5)","","","","","","","","","","","","","","","","","","","","","","","","","","","","","","","","","","","","","","","","","",""
"1434.581912937","2026-08-01 15:35:06.408152","/home/sc28/SC-30/2_phase/phase1&2.py","log_msg","60","","","","","","","","","","15.557959041249083","","","","","","","","","","","","","","","","","","","","","","","","","","","","","","","","","","","",""
"1434.586013752","2026-08-01 15:35:06.412263","/home/sc28/SC-30/2_phase/phase1&2.py","log_msg","60","","","","Δalt(1s)=0.265 m (0/5)","","","","","","","","","","","","","","","","","","","","","","","","","","","","","","","","","","","","","","","","","",""
"1435.595128021","2026-08-01 15:35:07.421367","/home/sc28/SC-30/2_phase/phase1&2.py","log_msg","60","","","","","","","","","","14.720819475752227","","","","","","","","","","","","","","","","","","","","","","","","","","","","","","","","","","","",""
"1435.599139251","2026-08-01 15:35:07.425390","/home/sc28/SC-30/2_phase/phase1&2.py","log_msg","60","","","","Δalt(1s)=0.837 m (0/5)","","","","","","","","","","","","","","","","","","","","","","","","","","","","","","","","","","","","","","","","","",""
"1436.604536407","2026-08-01 15:35:08.430775","/home/sc28/SC-30/2_phase/phase1&2.py","log_msg","60","","","","","","","","","","15.451953903860874","","","","","","","","","","","","","","","","","","","","","","","","","","","","","","","","","","","",""
"1436.608521908","2026-08-01 15:35:08.434774","/home/sc28/SC-30/2_phase/phase1&2.py","log_msg","60","","","","Δalt(1s)=0.731 m (0/5)","","","","","","","","","","","","","","","","","","","","","","","","","","","","","","","","","","","","","","","","","",""
"1437.6139912","2026-08-01 15:35:09.440230","/home/sc28/SC-30/2_phase/phase1&2.py","log_msg","60","","","","","","","","","","15.849430764454354","","","","","","","","","","","","","","","","","","","","","","","","","","","","","","","","","","","",""
"1437.629784505","2026-08-01 15:35:09.456036","/home/sc28/SC-30/2_phase/phase1&2.py","log_msg","60","","","","Δalt(1s)=0.397 m (0/5)","","","","","","","","","","","","","","","","","","","","","","","","","","","","","","","","","","","","","","","","","",""
"1438.640534568","2026-08-01 15:35:10.466776","/home/sc28/SC-30/2_phase/phase1&2.py","log_msg","60","","","","","","","","","","15.34596568220891","","","","","","","","","","","","","","","","","","","","","","","","","","","","","","","","","","","",""
"1438.644579757","2026-08-01 15:35:10.470833","/home/sc28/SC-30/2_phase/phase1&2.py","log_msg","60","","","","Δalt(1s)=0.503 m (0/5)","","","","","","","","","","","","","","","","","","","","","","","","","","","","","","","","","","","","","","","","","",""
"1439.650057174","2026-08-01 15:35:11.476298","/home/sc28/SC-30/2_phase/phase1&2.py","log_msg","60","","","","","","","","","","15.279666800543497","","","","","","","","","","","","","","","","","","","","","","","","","","","","","","","","","","","",""
"1439.655015548","2026-08-01 15:35:11.481265","/home/sc28/SC-30/2_phase/phase1&2.py","log_msg","60","","","","Δalt(1s)=0.066 m (0/5)","","","","","","","","","","","","","","","","","","","","","","","","","","","","","","","","","","","","","","","","","",""
"1440.661594432","2026-08-01 15:35:12.487837","/home/sc28/SC-30/2_phase/phase1&2.py","log_msg","60","","","","","","","","","","15.239994378635883","","","","","","","","","","","","","","","","","","","","","","","","","","","","","","","","","","","",""
"1440.672488322","2026-08-01 15:35:12.498782","/home/sc28/SC-30/2_phase/phase1&2.py","log_msg","60","","","","Δalt(1s)=0.040 m (0/5)","","","","","","","","","","","","","","","","","","","","","","","","","","","","","","","","","","","","","","","","","",""
"1441.678643921","2026-08-01 15:35:13.504884","/home/sc28/SC-30/2_phase/phase1&2.py","log_msg","60","","","","","","","","","","15.104850988886538","","","","","","","","","","","","","","","","","","","","","","","","","","","","","","","","","","","",""
"1441.687018312","2026-08-01 15:35:13.513270","/home/sc28/SC-30/2_phase/phase1&2.py","log_msg","60","","","","Δalt(1s)=0.135 m (0/5)","","","","","","","","","","","","","","","","","","","","","","","","","","","","","","","","","","","","","","","","","",""
"1442.69465684","2026-08-01 15:35:14.520895","/home/sc28/SC-30/2_phase/phase1&2.py","log_msg","60","","","","","","","","","","15.571206974817159","","","","","","","","","","","","","","","","","","","","","","","","","","","","","","","","","","","",""
"1442.698716144","2026-08-01 15:35:14.524966","/home/sc28/SC-30/2_phase/phase1&2.py","log_msg","60","","","","Δalt(1s)=0.466 m (0/5)","","","","","","","","","","","","","","","","","","","","","","","","","","","","","","","","","","","","","","","","","",""
"1443.704313093","2026-08-01 15:35:15.530554","/home/sc28/SC-30/2_phase/phase1&2.py","log_msg","60","","","","","","","","","","15.73809735016172","","","","","","","","","","","","","","","","","","","","","","","","","","","","","","","","","","","",""
"1443.714942815","2026-08-01 15:35:15.541198","/home/sc28/SC-30/2_phase/phase1&2.py","log_msg","60","","","","Δalt(1s)=0.167 m (0/5)","","","","","","","","","","","","","","","","","","","","","","","","","","","","","","","","","","","","","","","","","",""
"1444.721491386","2026-08-01 15:35:16.547730","/home/sc28/SC-30/2_phase/phase1&2.py","log_msg","60","","","","","","","","","","15.001450392871673","","","","","","","","","","","","","","","","","","","","","","","","","","","","","","","","","","","",""
"1444.72965114","2026-08-01 15:35:16.555901","/home/sc28/SC-30/2_phase/phase1&2.py","log_msg","60","","","","Δalt(1s)=0.737 m (0/5)","","","","","","","","","","","","","","","","","","","","","","","","","","","","","","","","","","","","","","","","","",""
"1445.735377881","2026-08-01 15:35:17.561617","/home/sc28/SC-30/2_phase/phase1&2.py","log_msg","60","","","","","","","","","","15.165788991309924","","","","","","","","","","","","","","","","","","","","","","","","","","","","","","","","","","","",""
"1445.743059141","2026-08-01 15:35:17.569308","/home/sc28/SC-30/2_phase/phase1&2.py","log_msg","60","","","","Δalt(1s)=0.164 m (0/5)","","","","","","","","","","","","","","","","","","","","","","","","","","","","","","","","","","","","","","","","","",""
"1446.754281449","2026-08-01 15:35:18.580522","/home/sc28/SC-30/2_phase/phase1&2.py","log_msg","60","","","","","","","","","","15.428192329585556","","","","","","","","","","","","","","","","","","","","","","","","","","","","","","","","","","","",""
"1446.758294085","2026-08-01 15:35:18.584547","/home/sc28/SC-30/2_phase/phase1&2.py","log_msg","60","","","","Δalt(1s)=0.262 m (0/5)","","","","","","","","","","","","","","","","","","","","","","","","","","","","","","","","","","","","","","","","","",""
"1447.763768846","2026-08-01 15:35:19.590008","/home/sc28/SC-30/2_phase/phase1&2.py","log_msg","60","","","","","","","","","","15.293059033175444","","","","","","","","","","","","","","","","","","","","","","","","","","","","","","","","","","","",""
"1447.767812837","2026-08-01 15:35:19.594066","/home/sc28/SC-30/2_phase/phase1&2.py","log_msg","60","","","","Δalt(1s)=0.135 m (0/5)","","","","","","","","","","","","","","","","","","","","","","","","","","","","","","","","","","","","","","","","","",""
"1448.773288795","2026-08-01 15:35:20.599527","/home/sc28/SC-30/2_phase/phase1&2.py","log_msg","60","","","","","","","","","","15.82830411511109","","","","","","","","","","","","","","","","","","","","","","","","","","","","","","","","","","","",""
"1448.777308359","2026-08-01 15:35:20.603558","/home/sc28/SC-30/2_phase/phase1&2.py","log_msg","60","","","","Δalt(1s)=0.535 m (0/5)","","","","","","","","","","","","","","","","","","","","","","","","","","","","","","","","","","","","","","","","","",""
"1449.786574765","2026-08-01 15:35:21.612813","/home/sc28/SC-30/2_phase/phase1&2.py","log_msg","60","","","","","","","","","","15.059864379900974","","","","","","","","","","","","","","","","","","","","","","","","","","","","","","","","","","","",""
"1449.797510218","2026-08-01 15:35:21.623771","/home/sc28/SC-30/2_phase/phase1&2.py","log_msg","60","","","","Δalt(1s)=0.768 m (0/5)","","","","","","","","","","","","","","","","","","","","","","","","","","","","","","","","","","","","","","","","","",""
"1450.803869725","2026-08-01 15:35:22.630109","/home/sc28/SC-30/2_phase/phase1&2.py","log_msg","60","","","","","","","","","","15.022796354616977","","","","","","","","","","","","","","","","","","","","","","","","","","","","","","","","","","","",""
"1450.807956998","2026-08-01 15:35:22.634207","/home/sc28/SC-30/2_phase/phase1&2.py","log_msg","60","","","","Δalt(1s)=0.037 m (0/5)","","","","","","","","","","","","","","","","","","","","","","","","","","","","","","","","","","","","","","","","","",""
"1451.813571187","2026-08-01 15:35:23.639810","/home/sc28/SC-30/2_phase/phase1&2.py","log_msg","60","","","","","","","","","","15.189707832385903","","","","","","","","","","","","","","","","","","","","","","","","","","","","","","","","","","","",""
"1451.823011524","2026-08-01 15:35:23.649263","/home/sc28/SC-30/2_phase/phase1&2.py","log_msg","60","","","","Δalt(1s)=0.167 m (0/5)","","","","","","","","","","","","","","","","","","","","","","","","","","","","","","","","","","","","","","","","","",""
"1452.832454702","2026-08-01 15:35:24.658695","/home/sc28/SC-30/2_phase/phase1&2.py","log_msg","60","","","","","","","","","","15.054579817601022","","","","","","","","","","","","","","","","","","","","","","","","","","","","","","","","","","","",""
"1452.841855247","2026-08-01 15:35:24.668143","/home/sc28/SC-30/2_phase/phase1&2.py","log_msg","60","","","","Δalt(1s)=0.135 m (0/5)","","","","","","","","","","","","","","","","","","","","","","","","","","","","","","","","","","","","","","","","","",""
"1453.848429495","2026-08-01 15:35:25.674670","/home/sc28/SC-30/2_phase/phase1&2.py","log_msg","60","","","","","","","","","","14.98574151942358","","","","","","","","","","","","","","","","","","","","","","","","","","","","","","","","","","","",""
"1453.852382288","2026-08-01 15:35:25.678633","/home/sc28/SC-30/2_phase/phase1&2.py","log_msg","60","","","","Δalt(1s)=0.069 m (0/5)","","","","","","","","","","","","","","","","","","","","","","","","","","","","","","","","","","","","","","","","","",""
"1454.859788887","2026-08-01 15:35:26.686029","/home/sc28/SC-30/2_phase/phase1&2.py","log_msg","60","","","","","","","","","","15.354075828882864","","","","","","","","","","","","","","","","","","","","","","","","","","","","","","","","","","","",""
"1454.863836003","2026-08-01 15:35:26.690086","/home/sc28/SC-30/2_phase/phase1&2.py","log_msg","60","","","","Δalt(1s)=0.368 m (0/5)","","","","","","","","","","","","","","","","","","","","","","","","","","","","","","","","","","","","","","","","","",""
"1455.869395712","2026-08-01 15:35:27.695637","/home/sc28/SC-30/2_phase/phase1&2.py","log_msg","60","","","","","","","","","","15.248200810661508","","","","","","","","","","","","","","","","","","","","","","","","","","","","","","","","","","","",""
"1455.873418818","2026-08-01 15:35:27.699671","/home/sc28/SC-30/2_phase/phase1&2.py","log_msg","60","","","","Δalt(1s)=0.106 m (0/5)","","","","","","","","","","","","","","","","","","","","","","","","","","","","","","","","","","","","","","","","","",""
"1456.878918474","2026-08-01 15:35:28.705158","/home/sc28/SC-30/2_phase/phase1&2.py","log_msg","60","","","","","","","","","","14.948699875629936","","","","","","","","","","","","","","","","","","","","","","","","","","","","","","","","","","","",""
"1456.886364472","2026-08-01 15:35:28.712615","/home/sc28/SC-30/2_phase/phase1&2.py","log_msg","60","","","","Δalt(1s)=0.300 m (0/5)","","","","","","","","","","","","","","","","","","","","","","","","","","","","","","","","","","","","","","","","","",""
"1457.898972572","2026-08-01 15:35:29.725213","/home/sc28/SC-30/2_phase/phase1&2.py","log_msg","60","","","","","","","","","","14.948699875629936","","","","","","","","","","","","","","","","","","","","","","","","","","","","","","","","","","","",""
"1457.902987708","2026-08-01 15:35:29.729242","/home/sc28/SC-30/2_phase/phase1&2.py","log_msg","60","","","","Δalt(1s)=0.000 m (0/5)","","","","","","","","","","","","","","","","","","","","","","","","","","","","","","","","","","","","","","","","","",""
"1458.909107735","2026-08-01 15:35:30.735349","/home/sc28/SC-30/2_phase/phase1&2.py","log_msg","60","","","","","","","","","","15.046792098922854","","","","","","","","","","","","","","","","","","","","","","","","","","","","","","","","","","","",""
"1458.913698918","2026-08-01 15:35:30.739949","/home/sc28/SC-30/2_phase/phase1&2.py","log_msg","60","","","","Δalt(1s)=0.098 m (0/5)","","","","","","","","","","","","","","","","","","","","","","","","","","","","","","","","","","","","","","","","","",""
"1459.918989614","2026-08-01 15:35:31.745223","/home/sc28/SC-30/2_phase/phase1&2.py","log_msg","60","","","","","","","","","","15.378117929427736","","","","","","","","","","","","","","","","","","","","","","","","","","","","","","","","","","","",""
"1459.935026567","2026-08-01 15:35:31.761269","/home/sc28/SC-30/2_phase/phase1&2.py","log_msg","60","","","","Δalt(1s)=0.331 m (0/5)","","","","","","","","","","","","","","","","","","","","","","","","","","","","","","","","","","","","","","","","","",""
"1460.939850906","2026-08-01 15:35:32.766084","/home/sc28/SC-30/2_phase/phase1&2.py","log_msg","60","","","","","","","","","","15.476231589721575","","","","","","","","","","","","","","","","","","","","","","","","","","","","","","","","","","","",""
"1460.945008239","2026-08-01 15:35:32.771253","/home/sc28/SC-30/2_phase/phase1&2.py","log_msg","60","","","","Δalt(1s)=0.098 m (0/5)","","","","","","","","","","","","","","","","","","","","","","","","","","","","","","","","","","","","","","","","","",""
"1461.954151571","2026-08-01 15:35:33.780385","/home/sc28/SC-30/2_phase/phase1&2.py","log_msg","60","","","","","","","","","","15.039050918076644","","","","","","","","","","","","","","","","","","","","","","","","","","","","","","","","","","","",""
"1461.957695558","2026-08-01 15:35:33.783939","/home/sc28/SC-30/2_phase/phase1&2.py","log_msg","60","","","","Δalt(1s)=0.437 m (0/5)","","","","","","","","","","","","","","","","","","","","","","","","","","","","","","","","","","","","","","","","","",""
"1462.9657781","2026-08-01 15:35:34.792011","/home/sc28/SC-30/2_phase/phase1&2.py","log_msg","60","","","","","","","","","","15.436689919207026","","","","","","","","","","","","","","","","","","","","","","","","","","","","","","","","","","","",""
"1462.970649702","2026-08-01 15:35:34.796892","/home/sc28/SC-30/2_phase/phase1&2.py","log_msg","60","","","","Δalt(1s)=0.398 m (0/5)","","","","","","","","","","","","","","","","","","","","","","","","","","","","","","","","","","","","","","","","","",""
"1463.975701126","2026-08-01 15:35:35.801936","/home/sc28/SC-30/2_phase/phase1&2.py","log_msg","60","","","","","","","","","","16.038293698246868","","","","","","","","","","","","","","","","","","","","","","","","","","","","","","","","","","","",""
"1463.984768126","2026-08-01 15:35:35.811017","/home/sc28/SC-30/2_phase/phase1&2.py","log_msg","60","","","","Δalt(1s)=0.602 m (0/5)","","","","","","","","","","","","","","","","","","","","","","","","","","","","","","","","","","","","","","","","","",""
"1464.990463097","2026-08-01 15:35:36.816702","/home/sc28/SC-30/2_phase/phase1&2.py","log_msg","60","","","","","","","","","","15.436689919207026","","","","","","","","","","","","","","","","","","","","","","","","","","","","","","","","","","","",""
"1464.994364379","2026-08-01 15:35:36.820615","/home/sc28/SC-30/2_phase/phase1&2.py","log_msg","60","","","","Δalt(1s)=0.602 m (0/5)","","","","","","","","","","","","","","","","","","","","","","","","","","","","","","","","","","","","","","","","","",""
"1465.999819191","2026-08-01 15:35:37.826058","/home/sc28/SC-30/2_phase/phase1&2.py","log_msg","60","","","","","","","","","","15.669933090762964","","","","","","","","","","","","","","","","","","","","","","","","","","","","","","","","","","","",""
"1466.00573226","2026-08-01 15:35:37.831983","/home/sc28/SC-30/2_phase/phase1&2.py","log_msg","60","","","","Δalt(1s)=0.233 m (0/5)","","","","","","","","","","","","","","","","","","","","","","","","","","","","","","","","","","","","","","","","","",""
"1467.011260719","2026-08-01 15:35:38.837500","/home/sc28/SC-30/2_phase/phase1&2.py","log_msg","60","","","","","","","","","","15.775751613197015","","","","","","","","","","","","","","","","","","","","","","","","","","","","","","","","","","","",""
"1467.018689893","2026-08-01 15:35:38.844939","/home/sc28/SC-30/2_phase/phase1&2.py","log_msg","60","","","","Δalt(1s)=0.106 m (0/5)","","","","","","","","","","","","","","","","","","","","","","","","","","","","","","","","","","","","","","","","","",""
"1468.024382364","2026-08-01 15:35:39.850622","/home/sc28/SC-30/2_phase/phase1&2.py","log_msg","60","","","","","","","","","","15.611348777855888","","","","","","","","","","","","","","","","","","","","","","","","","","","","","","","","","","","",""
"1468.03066653","2026-08-01 15:35:39.856917","/home/sc28/SC-30/2_phase/phase1&2.py","log_msg","60","","","","Δalt(1s)=0.164 m (0/5)","","","","","","","","","","","","","","","","","","","","","","","","","","","","","","","","","","","","","","","","","",""
"1469.036127384","2026-08-01 15:35:40.862367","/home/sc28/SC-30/2_phase/phase1&2.py","log_msg","60","","","","","","","","","","15.436689919207026","","","","","","","","","","","","","","","","","","","","","","","","","","","","","","","","","","","",""
"1469.042521706","2026-08-01 15:35:40.868773","/home/sc28/SC-30/2_phase/phase1&2.py","log_msg","60","","","","Δalt(1s)=0.175 m (0/5)","","","","","","","","","","","","","","","","","","","","","","","","","","","","","","","","","","","","","","","","","",""
"1470.048240531","2026-08-01 15:35:41.874480","/home/sc28/SC-30/2_phase/phase1&2.py","log_msg","60","","","","","","","","","","15.30157740068482","","","","","","","","","","","","","","","","","","","","","","","","","","","","","","","","","","","",""
"1470.055761426","2026-08-01 15:35:41.882013","/home/sc28/SC-30/2_phase/phase1&2.py","log_msg","60","","","","Δalt(1s)=0.135 m (0/5)","","","","","","","","","","","","","","","","","","","","","","","","","","","","","","","","","","","","","","","","","",""
"1471.065988673","2026-08-01 15:35:42.892227","/home/sc28/SC-30/2_phase/phase1&2.py","log_msg","60","","","","","","","","","","15.100185694132831","","","","","","","","","","","","","","","","","","","","","","","","","","","","","","","","","","","",""
"1471.069876777","2026-08-01 15:35:42.896127","/home/sc28/SC-30/2_phase/phase1&2.py","log_msg","60","","","","Δalt(1s)=0.201 m (0/5)","","","","","","","","","","","","","","","","","","","","","","","","","","","","","","","","","","","","","","","","","",""
"1472.075293777","2026-08-01 15:35:43.901531","/home/sc28/SC-30/2_phase/phase1&2.py","log_msg","60","","","","","","","","","","14.965076429391159","","","","","","","","","","","","","","","","","","","","","","","","","","","","","","","","","","","",""
"1472.081657422","2026-08-01 15:35:43.907904","/home/sc28/SC-30/2_phase/phase1&2.py","log_msg","60","","","","Δalt(1s)=0.135 m (0/5)","","","","","","","","","","","","","","","","","","","","","","","","","","","","","","","","","","","","","","","","","",""
"1473.09131555","2026-08-01 15:35:44.917554","/home/sc28/SC-30/2_phase/phase1&2.py","log_msg","60","","","","","","","","","","15.460896002790259","","","","","","","","","","","","","","","","","","","","","","","","","","","","","","","","","","","",""
"1473.098993268","2026-08-01 15:35:44.925242","/home/sc28/SC-30/2_phase/phase1&2.py","log_msg","60","","","","Δalt(1s)=0.496 m (0/5)","","","","","","","","","","","","","","","","","","","","","","","","","","","","","","","","","","","","","","","","","",""
"1474.104669749","2026-08-01 15:35:45.930909","/home/sc28/SC-30/2_phase/phase1&2.py","log_msg","60","","","","","","","","","","15.625331743960604","","","","","","","","","","","","","","","","","","","","","","","","","","","","","","","","","","","",""
"1474.108557801","2026-08-01 15:35:45.934807","/home/sc28/SC-30/2_phase/phase1&2.py","log_msg","60","","","","Δalt(1s)=0.164 m (0/5)","","","","","","","","","","","","","","","","","","","","","","","","","","","","","","","","","","","","","","","","","",""
"1475.114051208","2026-08-01 15:35:46.940290","/home/sc28/SC-30/2_phase/phase1&2.py","log_msg","60","","","","","","","","","","14.95743131039115","","","","","","","","","","","","","","","","","","","","","","","","","","","","","","","","","","","",""
"1475.123168209","2026-08-01 15:35:46.949429","/home/sc28/SC-30/2_phase/phase1&2.py","log_msg","60","","","","Δalt(1s)=0.668 m (0/5)","","","","","","","","","","","","","","","","","","","","","","","","","","","","","","","","","","","","","","","","","",""
"1476.13323983","2026-08-01 15:35:47.959478","/home/sc28/SC-30/2_phase/phase1&2.py","log_msg","60","","","","","","","","","","15.755396249801276","","","","","","","","","","","","","","","","","","","","","","","","","","","","","","","","","","","",""
"1476.137149705","2026-08-01 15:35:47.963404","/home/sc28/SC-30/2_phase/phase1&2.py","log_msg","60","","","","Δalt(1s)=0.798 m (0/5)","","","","","","","","","","","","","","","","","","","","","","","","","","","","","","","","","","","","","","","","","",""
"1477.142591028","2026-08-01 15:35:48.968831","/home/sc28/SC-30/2_phase/phase1&2.py","log_msg","60","","","","","","","","","","15.256966233353474","","","","","","","","","","","","","","","","","","","","","","","","","","","","","","","","","","","",""
"1477.146500903","2026-08-01 15:35:48.972751","/home/sc28/SC-30/2_phase/phase1&2.py","log_msg","60","","","","Δalt(1s)=0.498 m (0/5)","","","","","","","","","","","","","","","","","","","","","","","","","","","","","","","","","","","","","","","","","",""
"1478.151943007","2026-08-01 15:35:49.978182","/home/sc28/SC-30/2_phase/phase1&2.py","log_msg","60","","","","","","","","","","15.522121936796728","","","","","","","","","","","","","","","","","","","","","","","","","","","","","","","","","","","",""
"1478.155849914","2026-08-01 15:35:49.982103","/home/sc28/SC-30/2_phase/phase1&2.py","log_msg","60","","","","Δalt(1s)=0.265 m (0/5)","","","","","","","","","","","","","","","","","","","","","","","","","","","","","","","","","","","","","","","","","",""
"1479.166908313","2026-08-01 15:35:50.993148","/home/sc28/SC-30/2_phase/phase1&2.py","log_msg","60","","","","","","","","","","15.387023506570372","","","","","","","","","","","","","","","","","","","","","","","","","","","","","","","","","","","",""
"1479.174833534","2026-08-01 15:35:51.001084","/home/sc28/SC-30/2_phase/phase1&2.py","log_msg","60","","","","Δalt(1s)=0.135 m (0/5)","","","","","","","","","","","","","","","","","","","","","","","","","","","","","","","","","","","","","","","","","",""
"1480.180458869","2026-08-01 15:35:52.006698","/home/sc28/SC-30/2_phase/phase1&2.py","log_msg","60","","","","","","","","","","15.055588508475388","","","","","","","","","","","","","","","","","","","","","","","","","","","","","","","","","","","",""
"1480.184353848","2026-08-01 15:35:52.010605","/home/sc28/SC-30/2_phase/phase1&2.py","log_msg","60","","","","Δalt(1s)=0.331 m (0/5)","","","","","","","","","","","","","","","","","","","","","","","","","","","","","","","","","","","","","","","","","",""
"1481.189900953","2026-08-01 15:35:53.016140","/home/sc28/SC-30/2_phase/phase1&2.py","log_msg","60","","","","","","","","","","15.580839683605438","","","","","","","","","","","","","","","","","","","","","","","","","","","","","","","","","","","",""
"1481.198823733","2026-08-01 15:35:53.025076","/home/sc28/SC-30/2_phase/phase1&2.py","log_msg","60","","","","Δalt(1s)=0.525 m (0/5)","","","","","","","","","","","","","","","","","","","","","","","","","","","","","","","","","","","","","","","","","",""
"1482.205079802","2026-08-01 15:35:54.031319","/home/sc28/SC-30/2_phase/phase1&2.py","log_msg","60","","","","","","","","","","15.67903402066709","","","","","","","","","","","","","","","","","","","","","","","","","","","","","","","","","","","",""
"1482.210844745","2026-08-01 15:35:54.037096","/home/sc28/SC-30/2_phase/phase1&2.py","log_msg","60","","","","Δalt(1s)=0.098 m (0/5)","","","","","","","","","","","","","","","","","","","","","","","","","","","","","","","","","","","","","","","","","",""
"1483.216489819","2026-08-01 15:35:55.042731","/home/sc28/SC-30/2_phase/phase1&2.py","log_msg","60","","","","","","","","","","15.44574665417639","","","","","","","","","","","","","","","","","","","","","","","","","","","","","","","","","","","",""
"1483.220413705","2026-08-01 15:35:55.046665","/home/sc28/SC-30/2_phase/phase1&2.py","log_msg","60","","","","Δalt(1s)=0.233 m (0/5)","","","","","","","","","","","","","","","","","","","","","","","","","","","","","","","","","","","","","","","","","",""
"1484.225969925","2026-08-01 15:35:56.052210","/home/sc28/SC-30/2_phase/phase1&2.py","log_msg","60","","","","","","","","","","15.048008674835604","","","","","","","","","","","","","","","","","","","","","","","","","","","","","","","","","","","",""
"1484.233417485","2026-08-01 15:35:56.059670","/home/sc28/SC-30/2_phase/phase1&2.py","log_msg","60","","","","Δalt(1s)=0.398 m (0/5)","","","","","","","","","","","","","","","","","","","","","","","","","","","","","","","","","","","","","","","","","",""
"1485.24551657","2026-08-01 15:35:57.071756","/home/sc28/SC-30/2_phase/phase1&2.py","log_msg","60","","","","","","","","","","15.477672449880155","","","","","","","","","","","","","","","","","","","","","","","","","","","","","","","","","","","",""
"1485.249389258","2026-08-01 15:35:57.075639","/home/sc28/SC-30/2_phase/phase1&2.py","log_msg","60","","","","Δalt(1s)=0.430 m (0/5)","","","","","","","","","","","","","","","","","","","","","","","","","","","","","","","","","","","","","","","","","",""
"1486.254879539","2026-08-01 15:35:58.081119","/home/sc28/SC-30/2_phase/phase1&2.py","log_msg","60","","","","","","","","","","15.310654932564146","","","","","","","","","","","","","","","","","","","","","","","","","","","","","","","","","","","",""
"1486.266619687","2026-08-01 15:35:58.092880","/home/sc28/SC-30/2_phase/phase1&2.py","log_msg","60","","","","Δalt(1s)=0.167 m (0/5)","","","","","","","","","","","","","","","","","","","","","","","","","","","","","","","","","","","","","","","","","",""
"1487.280270451","2026-08-01 15:35:59.106513","/home/sc28/SC-30/2_phase/phase1&2.py","log_msg","60","","","","","","","","","","15.273764960005721","","","","","","","","","","","","","","","","","","","","","","","","","","","","","","","","","","","",""
"1487.2930867","2026-08-01 15:35:59.119339","/home/sc28/SC-30/2_phase/phase1&2.py","log_msg","60","","","","Δalt(1s)=0.037 m (0/5)","","","","","","","","","","","","","","","","","","","","","","","","","","","","","","","","","","","","","","","","","",""
"1488.301493933","2026-08-01 15:36:00.127732","/home/sc28/SC-30/2_phase/phase1&2.py","log_msg","60","","","","","","","","","","14.061430362155692","","","","","","","","","","","","","","","","","","","","","","","","","","","","","","","","","","","",""
"1488.311175001","2026-08-01 15:36:00.137435","/home/sc28/SC-30/2_phase/phase1&2.py","log_msg","60","","","","Δalt(1s)=1.212 m (0/5)","","","","","","","","","","","","","","","","","","","","","","","","","","","","","","","","","","","","","","","","","",""
"1489.318171596","2026-08-01 15:36:01.144412","/home/sc28/SC-30/2_phase/phase1&2.py","log_msg","60","","","","","","","","","","7.419669317855165","","","","","","","","","","","","","","","","","","","","","","","","","","","","","","","","","","","",""
"1489.326342965","2026-08-01 15:36:01.152594","/home/sc28/SC-30/2_phase/phase1&2.py","log_msg","60","","","","Δalt(1s)=6.642 m (0/5)","","","","","","","","","","","","","","","","","","","","","","","","","","","","","","","","","","","","","","","","","",""
