time,date,file,func,line,serious_error,error,warning,msg,format_exception,phase,gnss_time,lat,lon,alt,alt_base_press,goal_lat,goal_lon,temp,press,camera_area,camera_order,camera_center_x,camera_center_y,camera_frame_size_x,camera_frame_size_y,motor_l,motor_r,goal_relative_x,goal_relative_y,goal_relative_angle_rad,goal_distance,accel_all_x,accel_all_y,accel_all_z,accel_line_x,accel_line_y,accel_line_z,mag_x,mag_y,mag_z,gyro_x,gyro_y,gyro_z,grav_x,grav_y,grav_z,euler_x,euler_y,euler_z,nmea
"363.601872699","2026-05-12 18:52:47.880432","/home/sc28/SC-28/1_definition/SC-28/camera.py","capture_and_detect","263","","","","","","","","","","","","","","","","","0","","","","","","","","","","","","","","","","","","","","","","","","","","","","",""
"363.608559008","2026-05-12 18:52:47.887083","/home/sc28/SC-28/1_definition/SC-28/camera.py","capture_and_detect","264","","","","","","","","","","","","","","","","0.0","","","","","","","","","","","","","","","","","","","","","","","","","","","","","",""
"363.61164672","2026-05-12 18:52:47.890166","/home/sc28/SC-28/1_definition/SC-28/camera.py","capture_and_detect","265","","","","","","","","","","","","","","","","","","320","240","","","","","","","","","","","","","","","","","","","","","","","","","","",""
"363.614631568","2026-05-12 18:52:47.893152","/home/sc28/SC-28/1_definition/SC-28/camera.py","capture_and_detect","266","","","","","","","","","","","","","","","","","","","","640","480","","","","","","","","","","","","","","","","","","","","","","","","",""
"395.380707395","2026-05-12 18:53:19.661535","/home/sc28/SC-28/1_definition/SC-28/camera.py","capture_and_detect","263","","","","","","","","","","","","","","","","","0","","","","","","","","","","","","","","","","","","","","","","","","","","","","",""
"395.411128524","2026-05-12 18:53:19.689652","/home/sc28/SC-28/1_definition/SC-28/camera.py","capture_and_detect","264","","","","","","","","","","","","","","","","0.0","","","","","","","","","","","","","","","","","","","","","","","","","","","","","",""
"395.421391036","2026-05-12 18:53:19.699921","/home/sc28/SC-28/1_definition/SC-28/camera.py","capture_and_detect","265","","","","","","","","","","","","","","","","","","320","240","","","","","","","","","","","","","","","","","","","","","","","","","","",""
"395.43351454","2026-05-12 18:53:19.712045","/home/sc28/SC-28/1_definition/SC-28/camera.py","capture_and_detect","266","","","","","","","","","","","","","","","","","","","","640","480","","","","","","","","","","","","","","","","","","","","","","","","",""
"395.997155143","2026-05-12 18:53:20.275696","/home/sc28/SC-28/1_definition/SC-28/camera.py","capture_and_detect","263","","","","","","","","","","","","","","","","","0","","","","","","","","","","","","","","","","","","","","","","","","","","","","",""
"396.016414697","2026-05-12 18:53:20.294940","/home/sc28/SC-28/1_definition/SC-28/camera.py","capture_and_detect","264","","","","","","","","","","","","","","","","0.0","","","","","","","","","","","","","","","","","","","","","","","","","","","","","",""
"396.024340279","2026-05-12 18:53:20.302869","/home/sc28/SC-28/1_definition/SC-28/camera.py","capture_and_detect","265","","","","","","","","","","","","","","","","","","320","240","","","","","","","","","","","","","","","","","","","","","","","","","","",""
"396.03505425","2026-05-12 18:53:20.313589","/home/sc28/SC-28/1_definition/SC-28/camera.py","capture_and_detect","266","","","","","","","","","","","","","","","","","","","","640","480","","","","","","","","","","","","","","","","","","","","","","","","",""
"396.081580294","2026-05-12 18:53:20.360110","/home/sc28/SC-28/1_definition/SC-28/camera.py","capture_and_detect","263","","","","","","","","","","","","","","","","","0","","","","","","","","","","","","","","","","","","","","","","","","","","","","",""
"396.097454531","2026-05-12 18:53:20.375978","/home/sc28/SC-28/1_definition/SC-28/camera.py","capture_and_detect","264","","","","","","","","","","","","","","","","0.0","","","","","","","","","","","","","","","","","","","","","","","","","","","","","",""
"396.11147512","2026-05-12 18:53:20.390003","/home/sc28/SC-28/1_definition/SC-28/camera.py","capture_and_detect","265","","","","","","","","","","","","","","","","","","320","240","","","","","","","","","","","","","","","","","","","","","","","","","","",""
"396.119242837","2026-05-12 18:53:20.397771","/home/sc28/SC-28/1_definition/SC-28/camera.py","capture_and_detect","266","","","","","","","","","","","","","","","","","","","","640","480","","","","","","","","","","","","","","","","","","","","","","","","",""
"396.169277687","2026-05-12 18:53:20.447802","/home/sc28/SC-28/1_definition/SC-28/camera.py","capture_and_detect","263","","","","","","","","","","","","","","","","","0","","","","","","","","","","","","","","","","","","","","","","","","","","","","",""
"396.187179323","2026-05-12 18:53:20.465700","/home/sc28/SC-28/1_definition/SC-28/camera.py","capture_and_detect","264","","","","","","","","","","","","","","","","0.0","","","","","","","","","","","","","","","","","","","","","","","","","","","","","",""
"396.194887717","2026-05-12 18:53:20.473417","/home/sc28/SC-28/1_definition/SC-28/camera.py","capture_and_detect","265","","","","","","","","","","","","","","","","","","320","240","","","","","","","","","","","","","","","","","","","","","","","","","","",""
"396.20532325","2026-05-12 18:53:20.483854","/home/sc28/SC-28/1_definition/SC-28/camera.py","capture_and_detect","266","","","","","","","","","","","","","","","","","","","","640","480","","","","","","","","","","","","","","","","","","","","","","","","",""
"396.252850285","2026-05-12 18:53:20.531379","/home/sc28/SC-28/1_definition/SC-28/camera.py","capture_and_detect","263","","","","","","","","","","","","","","","","","0","","","","","","","","","","","","","","","","","","","","","","","","","","","","",""
"396.264041287","2026-05-12 18:53:20.542570","/home/sc28/SC-28/1_definition/SC-28/camera.py","capture_and_detect","264","","","","","","","","","","","","","","","","0.0","","","","","","","","","","","","","","","","","","","","","","","","","","","","","",""
"396.271320202","2026-05-12 18:53:20.549867","/home/sc28/SC-28/1_definition/SC-28/camera.py","capture_and_detect","265","","","","","","","","","","","","","","","","","","320","240","","","","","","","","","","","","","","","","","","","","","","","","","","",""
"396.283406362","2026-05-12 18:53:20.561934","/home/sc28/SC-28/1_definition/SC-28/camera.py","capture_and_detect","266","","","","","","","","","","","","","","","","","","","","640","480","","","","","","","","","","","","","","","","","","","","","","","","",""
"396.33366767","2026-05-12 18:53:20.612199","/home/sc28/SC-28/1_definition/SC-28/camera.py","capture_and_detect","263","","","","","","","","","","","","","","","","","0","","","","","","","","","","","","","","","","","","","","","","","","","","","","",""
"396.341825909","2026-05-12 18:53:20.620350","/home/sc28/SC-28/1_definition/SC-28/camera.py","capture_and_detect","264","","","","","","","","","","","","","","","","0.0","","","","","","","","","","","","","","","","","","","","","","","","","","","","","",""
"396.351231128","2026-05-12 18:53:20.629767","/home/sc28/SC-28/1_definition/SC-28/camera.py","capture_and_detect","265","","","","","","","","","","","","","","","","","","320","240","","","","","","","","","","","","","","","","","","","","","","","","","","",""
"396.363908174","2026-05-12 18:53:20.642440","/home/sc28/SC-28/1_definition/SC-28/camera.py","capture_and_detect","266","","","","","","","","","","","","","","","","","","","","640","480","","","","","","","","","","","","","","","","","","","","","","","","",""
"396.437922271","2026-05-12 18:53:20.716448","/home/sc28/SC-28/1_definition/SC-28/camera.py","capture_and_detect","263","","","","","","","","","","","","","","","","","0","","","","","","","","","","","","","","","","","","","","","","","","","","","","",""
"396.444937123","2026-05-12 18:53:20.723462","/home/sc28/SC-28/1_definition/SC-28/camera.py","capture_and_detect","264","","","","","","","","","","","","","","","","0.0","","","","","","","","","","","","","","","","","","","","","","","","","","","","","",""
"396.450246295","2026-05-12 18:53:20.728778","/home/sc28/SC-28/1_definition/SC-28/camera.py","capture_and_detect","265","","","","","","","","","","","","","","","","","","320","240","","","","","","","","","","","","","","","","","","","","","","","","","","",""
"396.454504529","2026-05-12 18:53:20.733030","/home/sc28/SC-28/1_definition/SC-28/camera.py","capture_and_detect","266","","","","","","","","","","","","","","","","","","","","640","480","","","","","","","","","","","","","","","","","","","","","","","","",""
"396.491313791","2026-05-12 18:53:20.769840","/home/sc28/SC-28/1_definition/SC-28/camera.py","capture_and_detect","263","","","","","","","","","","","","","","","","","0","","","","","","","","","","","","","","","","","","","","","","","","","","","","",""
"396.495172181","2026-05-12 18:53:20.773697","/home/sc28/SC-28/1_definition/SC-28/camera.py","capture_and_detect","264","","","","","","","","","","","","","","","","0.0","","","","","","","","","","","","","","","","","","","","","","","","","","","","","",""
"396.501826251","2026-05-12 18:53:20.780349","/home/sc28/SC-28/1_definition/SC-28/camera.py","capture_and_detect","265","","","","","","","","","","","","","","","","","","320","240","","","","","","","","","","","","","","","","","","","","","","","","","","",""
"396.504936046","2026-05-12 18:53:20.783461","/home/sc28/SC-28/1_definition/SC-28/camera.py","capture_and_detect","266","","","","","","","","","","","","","","","","","","","","640","480","","","","","","","","","","","","","","","","","","","","","","","","",""
"396.548092711","2026-05-12 18:53:20.826623","/home/sc28/SC-28/1_definition/SC-28/camera.py","capture_and_detect","263","","","","","","","","","","","","","","","","","0","","","","","","","","","","","","","","","","","","","","","","","","","","","","",""
"396.557735066","2026-05-12 18:53:20.836269","/home/sc28/SC-28/1_definition/SC-28/camera.py","capture_and_detect","264","","","","","","","","","","","","","","","","0.0","","","","","","","","","","","","","","","","","","","","","","","","","","","","","",""
"396.562708457","2026-05-12 18:53:20.841242","/home/sc28/SC-28/1_definition/SC-28/camera.py","capture_and_detect","265","","","","","","","","","","","","","","","","","","320","240","","","","","","","","","","","","","","","","","","","","","","","","","","",""
"396.567860651","2026-05-12 18:53:20.846391","/home/sc28/SC-28/1_definition/SC-28/camera.py","capture_and_detect","266","","","","","","","","","","","","","","","","","","","","640","480","","","","","","","","","","","","","","","","","","","","","","","","",""
"396.613382683","2026-05-12 18:53:20.891912","/home/sc28/SC-28/1_definition/SC-28/camera.py","capture_and_detect","263","","","","","","","","","","","","","","","","","0","","","","","","","","","","","","","","","","","","","","","","","","","","","","",""
"396.617313417","2026-05-12 18:53:20.895833","/home/sc28/SC-28/1_definition/SC-28/camera.py","capture_and_detect","264","","","","","","","","","","","","","","","","0.0","","","","","","","","","","","","","","","","","","","","","","","","","","","","","",""
"396.621258994","2026-05-12 18:53:20.899787","/home/sc28/SC-28/1_definition/SC-28/camera.py","capture_and_detect","265","","","","","","","","","","","","","","","","","","320","240","","","","","","","","","","","","","","","","","","","","","","","","","","",""
"396.624619779","2026-05-12 18:53:20.903150","/home/sc28/SC-28/1_definition/SC-28/camera.py","capture_and_detect","266","","","","","","","","","","","","","","","","","","","","640","480","","","","","","","","","","","","","","","","","","","","","","","","",""
"396.672283116","2026-05-12 18:53:20.950811","/home/sc28/SC-28/1_definition/SC-28/camera.py","capture_and_detect","263","","","","","","","","","","","","","","","","","0","","","","","","","","","","","","","","","","","","","","","","","","","","","","",""
"396.676045516","2026-05-12 18:53:20.954566","/home/sc28/SC-28/1_definition/SC-28/camera.py","capture_and_detect","264","","","","","","","","","","","","","","","","0.0","","","","","","","","","","","","","","","","","","","","","","","","","","","","","",""
"396.685271517","2026-05-12 18:53:20.963799","/home/sc28/SC-28/1_definition/SC-28/camera.py","capture_and_detect","265","","","","","","","","","","","","","","","","","","320","240","","","","","","","","","","","","","","","","","","","","","","","","","","",""
"396.688409229","2026-05-12 18:53:20.966931","/home/sc28/SC-28/1_definition/SC-28/camera.py","capture_and_detect","266","","","","","","","","","","","","","","","","","","","","640","480","","","","","","","","","","","","","","","","","","","","","","","","",""
"396.729808443","2026-05-12 18:53:21.008328","/home/sc28/SC-28/1_definition/SC-28/camera.py","capture_and_detect","263","","","","","","","","","","","","","","","","","0","","","","","","","","","","","","","","","","","","","","","","","","","","","","",""
"396.733442927","2026-05-12 18:53:21.011966","/home/sc28/SC-28/1_definition/SC-28/camera.py","capture_and_detect","264","","","","","","","","","","","","","","","","0.0","","","","","","","","","","","","","","","","","","","","","","","","","","","","","",""
"396.736500795","2026-05-12 18:53:21.015023","/home/sc28/SC-28/1_definition/SC-28/camera.py","capture_and_detect","265","","","","","","","","","","","","","","","","","","320","240","","","","","","","","","","","","","","","","","","","","","","","","","","",""
"396.739481996","2026-05-12 18:53:21.018004","/home/sc28/SC-28/1_definition/SC-28/camera.py","capture_and_detect","266","","","","","","","","","","","","","","","","","","","","640","480","","","","","","","","","","","","","","","","","","","","","","","","",""
"396.788842627","2026-05-12 18:53:21.067367","/home/sc28/SC-28/1_definition/SC-28/camera.py","capture_and_detect","263","","","","","","","","","","","","","","","","","0","","","","","","","","","","","","","","","","","","","","","","","","","","","","",""
"396.792444506","2026-05-12 18:53:21.070967","/home/sc28/SC-28/1_definition/SC-28/camera.py","capture_and_detect","264","","","","","","","","","","","","","","","","0.0","","","","","","","","","","","","","","","","","","","","","","","","","","","","","",""
"396.795442322","2026-05-12 18:53:21.073961","/home/sc28/SC-28/1_definition/SC-28/camera.py","capture_and_detect","265","","","","","","","","","","","","","","","","","","320","240","","","","","","","","","","","","","","","","","","","","","","","","","","",""
"396.798331492","2026-05-12 18:53:21.076851","/home/sc28/SC-28/1_definition/SC-28/camera.py","capture_and_detect","266","","","","","","","","","","","","","","","","","","","","640","480","","","","","","","","","","","","","","","","","","","","","","","","",""
"396.851891554","2026-05-12 18:53:21.130421","/home/sc28/SC-28/1_definition/SC-28/camera.py","capture_and_detect","263","","","","","","","","","","","","","","","","","0","","","","","","","","","","","","","","","","","","","","","","","","","","","","",""
"396.861717451","2026-05-12 18:53:21.140246","/home/sc28/SC-28/1_definition/SC-28/camera.py","capture_and_detect","264","","","","","","","","","","","","","","","","0.0","","","","","","","","","","","","","","","","","","","","","","","","","","","","","",""
"396.869135793","2026-05-12 18:53:21.147669","/home/sc28/SC-28/1_definition/SC-28/camera.py","capture_and_detect","265","","","","","","","","","","","","","","","","","","320","240","","","","","","","","","","","","","","","","","","","","","","","","","","",""
"396.872498505","2026-05-12 18:53:21.151026","/home/sc28/SC-28/1_definition/SC-28/camera.py","capture_and_detect","266","","","","","","","","","","","","","","","","","","","","640","480","","","","","","","","","","","","","","","","","","","","","","","","",""
"396.922319553","2026-05-12 18:53:21.200842","/home/sc28/SC-28/1_definition/SC-28/camera.py","capture_and_detect","263","","","","","","","","","","","","","","","","","0","","","","","","","","","","","","","","","","","","","","","","","","","","","","",""
"396.928647633","2026-05-12 18:53:21.207167","/home/sc28/SC-28/1_definition/SC-28/camera.py","capture_and_detect","264","","","","","","","","","","","","","","","","0.0","","","","","","","","","","","","","","","","","","","","","","","","","","","","","",""
"396.93509988","2026-05-12 18:53:21.213622","/home/sc28/SC-28/1_definition/SC-28/camera.py","capture_and_detect","265","","","","","","","","","","","","","","","","","","320","240","","","","","","","","","","","","","","","","","","","","","","","","","","",""
"396.938158738","2026-05-12 18:53:21.216682","/home/sc28/SC-28/1_definition/SC-28/camera.py","capture_and_detect","266","","","","","","","","","","","","","","","","","","","","640","480","","","","","","","","","","","","","","","","","","","","","","","","",""
"396.981137382","2026-05-12 18:53:21.259665","/home/sc28/SC-28/1_definition/SC-28/camera.py","capture_and_detect","263","","","","","","","","","","","","","","","","","0","","","","","","","","","","","","","","","","","","","","","","","","","","","","",""
"396.984884261","2026-05-12 18:53:21.263401","/home/sc28/SC-28/1_definition/SC-28/camera.py","capture_and_detect","264","","","","","","","","","","","","","","","","0.0","","","","","","","","","","","","","","","","","","","","","","","","","","","","","",""
"396.987832598","2026-05-12 18:53:21.266349","/home/sc28/SC-28/1_definition/SC-28/camera.py","capture_and_detect","265","","","","","","","","","","","","","","","","","","320","240","","","","","","","","","","","","","","","","","","","","","","","","","","",""
"396.990772184","2026-05-12 18:53:21.269291","/home/sc28/SC-28/1_definition/SC-28/camera.py","capture_and_detect","266","","","","","","","","","","","","","","","","","","","","640","480","","","","","","","","","","","","","","","","","","","","","","","","",""
"397.044214017","2026-05-12 18:53:21.322748","/home/sc28/SC-28/1_definition/SC-28/camera.py","capture_and_detect","263","","","","","","","","","","","","","","","","","0","","","","","","","","","","","","","","","","","","","","","","","","","","","","",""
"397.048281366","2026-05-12 18:53:21.326807","/home/sc28/SC-28/1_definition/SC-28/camera.py","capture_and_detect","264","","","","","","","","","","","","","","","","0.0","","","","","","","","","","","","","","","","","","","","","","","","","","","","","",""
"397.051935433","2026-05-12 18:53:21.330475","/home/sc28/SC-28/1_definition/SC-28/camera.py","capture_and_detect","265","","","","","","","","","","","","","","","","","","320","240","","","","","","","","","","","","","","","","","","","","","","","","","","",""
"397.055713614","2026-05-12 18:53:21.334243","/home/sc28/SC-28/1_definition/SC-28/camera.py","capture_and_detect","266","","","","","","","","","","","","","","","","","","","","640","480","","","","","","","","","","","","","","","","","","","","","","","","",""
"397.104977265","2026-05-12 18:53:21.383501","/home/sc28/SC-28/1_definition/SC-28/camera.py","capture_and_detect","263","","","","","","","","","","","","","","","","","0","","","","","","","","","","","","","","","","","","","","","","","","","","","","",""
"397.108673311","2026-05-12 18:53:21.387193","/home/sc28/SC-28/1_definition/SC-28/camera.py","capture_and_detect","264","","","","","","","","","","","","","","","","0.0","","","","","","","","","","","","","","","","","","","","","","","","","","","","","",""
"397.1151566","2026-05-12 18:53:21.393676","/home/sc28/SC-28/1_definition/SC-28/camera.py","capture_and_detect","265","","","","","","","","","","","","","","","","","","320","240","","","","","","","","","","","","","","","","","","","","","","","","","","",""
"397.118117385","2026-05-12 18:53:21.396640","/home/sc28/SC-28/1_definition/SC-28/camera.py","capture_and_detect","266","","","","","","","","","","","","","","","","","","","","640","480","","","","","","","","","","","","","","","","","","","","","","","","",""
"397.168717391","2026-05-12 18:53:21.447245","/home/sc28/SC-28/1_definition/SC-28/camera.py","capture_and_detect","263","","","","","","","","","","","","","","","","","0","","","","","","","","","","","","","","","","","","","","","","","","","","","","",""
"397.173996877","2026-05-12 18:53:21.452515","/home/sc28/SC-28/1_definition/SC-28/camera.py","capture_and_detect","264","","","","","","","","","","","","","","","","0.0","","","","","","","","","","","","","","","","","","","","","","","","","","","","","",""
"397.180843812","2026-05-12 18:53:21.459381","/home/sc28/SC-28/1_definition/SC-28/camera.py","capture_and_detect","265","","","","","","","","","","","","","","","","","","320","240","","","","","","","","","","","","","","","","","","","","","","","","","","",""
"397.188167206","2026-05-12 18:53:21.466707","/home/sc28/SC-28/1_definition/SC-28/camera.py","capture_and_detect","266","","","","","","","","","","","","","","","","","","","","640","480","","","","","","","","","","","","","","","","","","","","","","","","",""
"397.237417784","2026-05-12 18:53:21.515942","/home/sc28/SC-28/1_definition/SC-28/camera.py","capture_and_detect","263","","","","","","","","","","","","","","","","","0","","","","","","","","","","","","","","","","","","","","","","","","","","","","",""
"397.241322893","2026-05-12 18:53:21.519847","/home/sc28/SC-28/1_definition/SC-28/camera.py","capture_and_detect","264","","","","","","","","","","","","","","","","0.0","","","","","","","","","","","","","","","","","","","","","","","","","","","","","",""
"397.244612896","2026-05-12 18:53:21.523143","/home/sc28/SC-28/1_definition/SC-28/camera.py","capture_and_detect","265","","","","","","","","","","","","","","","","","","320","240","","","","","","","","","","","","","","","","","","","","","","","","","","",""
"397.247831806","2026-05-12 18:53:21.526359","/home/sc28/SC-28/1_definition/SC-28/camera.py","capture_and_detect","266","","","","","","","","","","","","","","","","","","","","640","480","","","","","","","","","","","","","","","","","","","","","","","","",""
"397.309109742","2026-05-12 18:53:21.587633","/home/sc28/SC-28/1_definition/SC-28/camera.py","capture_and_detect","263","","","","","","","","","","","","","","","","","0","","","","","","","","","","","","","","","","","","","","","","","","","","","","",""
"397.316505063","2026-05-12 18:53:21.595028","/home/sc28/SC-28/1_definition/SC-28/camera.py","capture_and_detect","264","","","","","","","","","","","","","","","","0.0","","","","","","","","","","","","","","","","","","","","","","","","","","","","","",""
"397.319557671","2026-05-12 18:53:21.598081","/home/sc28/SC-28/1_definition/SC-28/camera.py","capture_and_detect","265","","","","","","","","","","","","","","","","","","320","240","","","","","","","","","","","","","","","","","","","","","","","","","","",""
"397.322546789","2026-05-12 18:53:21.601070","/home/sc28/SC-28/1_definition/SC-28/camera.py","capture_and_detect","266","","","","","","","","","","","","","","","","","","","","640","480","","","","","","","","","","","","","","","","","","","","","","","","",""
"397.392561975","2026-05-12 18:53:21.671090","/home/sc28/SC-28/1_definition/SC-28/camera.py","capture_and_detect","263","","","","","","","","","","","","","","","","","1","","","","","","","","","","","","","","","","","","","","","","","","","","","","",""
"397.396313594","2026-05-12 18:53:21.674834","/home/sc28/SC-28/1_definition/SC-28/camera.py","capture_and_detect","264","","","","","","","","","","","","","","","","37272.0","","","","","","","","","","","","","","","","","","","","","","","","","","","","","",""
"397.405600011","2026-05-12 18:53:21.684127","/home/sc28/SC-28/1_definition/SC-28/camera.py","capture_and_detect","265","","","","","","","","","","","","","","","","","","347","258","","","","","","","","","","","","","","","","","","","","","","","","","","",""
"397.412719654","2026-05-12 18:53:21.691245","/home/sc28/SC-28/1_definition/SC-28/camera.py","capture_and_detect","266","","","","","","","","","","","","","","","","","","","","640","480","","","","","","","","","","","","","","","","","","","","","","","","",""
"397.457453404","2026-05-12 18:53:21.735976","/home/sc28/SC-28/1_definition/SC-28/camera.py","capture_and_detect","263","","","","","","","","","","","","","","","","","1","","","","","","","","","","","","","","","","","","","","","","","","","","","","",""
"397.461922628","2026-05-12 18:53:21.740441","/home/sc28/SC-28/1_definition/SC-28/camera.py","capture_and_detect","264","","","","","","","","","","","","","","","","13106.0","","","","","","","","","","","","","","","","","","","","","","","","","","","","","",""
"397.465138413","2026-05-12 18:53:21.743664","/home/sc28/SC-28/1_definition/SC-28/camera.py","capture_and_detect","265","","","","","","","","","","","","","","","","","","311","196","","","","","","","","","","","","","","","","","","","","","","","","","","",""
"397.468181229","2026-05-12 18:53:21.746703","/home/sc28/SC-28/1_definition/SC-28/camera.py","capture_and_detect","266","","","","","","","","","","","","","","","","","","","","640","480","","","","","","","","","","","","","","","","","","","","","","","","",""
"417.215909494","2026-05-12 18:53:41.494440","/home/sc28/SC-28/1_definition/SC-28/camera.py","capture_and_detect","263","","","","","","","","","","","","","","","","","1","","","","","","","","","","","","","","","","","","","","","","","","","","","","",""
"417.220439968","2026-05-12 18:53:41.498961","/home/sc28/SC-28/1_definition/SC-28/camera.py","capture_and_detect","264","","","","","","","","","","","","","","","","7065.0","","","","","","","","","","","","","","","","","","","","","","","","","","","","","",""
"417.223799972","2026-05-12 18:53:41.502331","/home/sc28/SC-28/1_definition/SC-28/camera.py","capture_and_detect","265","","","","","","","","","","","","","","","","","","329","148","","","","","","","","","","","","","","","","","","","","","","","","","","",""
"417.227605601","2026-05-12 18:53:41.506148","/home/sc28/SC-28/1_definition/SC-28/camera.py","capture_and_detect","266","","","","","","","","","","","","","","","","","","","","640","480","","","","","","","","","","","","","","","","","","","","","","","","",""
"417.272442685","2026-05-12 18:53:41.550978","/home/sc28/SC-28/1_definition/SC-28/camera.py","capture_and_detect","263","","","","","","","","","","","","","","","","","0","","","","","","","","","","","","","","","","","","","","","","","","","","","","",""
"417.280183371","2026-05-12 18:53:41.558708","/home/sc28/SC-28/1_definition/SC-28/camera.py","capture_and_detect","264","","","","","","","","","","","","","","","","0.0","","","","","","","","","","","","","","","","","","","","","","","","","","","","","",""
"417.283599","2026-05-12 18:53:41.562125","/home/sc28/SC-28/1_definition/SC-28/camera.py","capture_and_detect","265","","","","","","","","","","","","","","","","","","320","240","","","","","","","","","","","","","","","","","","","","","","","","","","",""
"417.287010774","2026-05-12 18:53:41.565543","/home/sc28/SC-28/1_definition/SC-28/camera.py","capture_and_detect","266","","","","","","","","","","","","","","","","","","","","640","480","","","","","","","","","","","","","","","","","","","","","","","","",""
"417.330792127","2026-05-12 18:53:41.609317","/home/sc28/SC-28/1_definition/SC-28/camera.py","capture_and_detect","263","","","","","","","","","","","","","","","","","0","","","","","","","","","","","","","","","","","","","","","","","","","","","","",""
"417.334601923","2026-05-12 18:53:41.613124","/home/sc28/SC-28/1_definition/SC-28/camera.py","capture_and_detect","264","","","","","","","","","","","","","","","","0.0","","","","","","","","","","","","","","","","","","","","","","","","","","","","","",""
"417.337771198","2026-05-12 18:53:41.616294","/home/sc28/SC-28/1_definition/SC-28/camera.py","capture_and_detect","265","","","","","","","","","","","","","","","","","","320","240","","","","","","","","","","","","","","","","","","","","","","","","","","",""
"417.344275737","2026-05-12 18:53:41.622798","/home/sc28/SC-28/1_definition/SC-28/camera.py","capture_and_detect","266","","","","","","","","","","","","","","","","","","","","640","480","","","","","","","","","","","","","","","","","","","","","","","","",""
"417.38450344","2026-05-12 18:53:41.663032","/home/sc28/SC-28/1_definition/SC-28/camera.py","capture_and_detect","263","","","","","","","","","","","","","","","","","0","","","","","","","","","","","","","","","","","","","","","","","","","","","","",""
"417.388263809","2026-05-12 18:53:41.666783","/home/sc28/SC-28/1_definition/SC-28/camera.py","capture_and_detect","264","","","","","","","","","","","","","","","","0.0","","","","","","","","","","","","","","","","","","","","","","","","","","","","","",""
"417.391406833","2026-05-12 18:53:41.669931","/home/sc28/SC-28/1_definition/SC-28/camera.py","capture_and_detect","265","","","","","","","","","","","","","","","","","","320","240","","","","","","","","","","","","","","","","","","","","","","","","","","",""
"417.394452618","2026-05-12 18:53:41.672975","/home/sc28/SC-28/1_definition/SC-28/camera.py","capture_and_detect","266","","","","","","","","","","","","","","","","","","","","640","480","","","","","","","","","","","","","","","","","","","","","","","","",""
"417.448835494","2026-05-12 18:53:41.727399","/home/sc28/SC-28/1_definition/SC-28/camera.py","capture_and_detect","263","","","","","","","","","","","","","","","","","0","","","","","","","","","","","","","","","","","","","","","","","","","","","","",""
"417.455278678","2026-05-12 18:53:41.733808","/home/sc28/SC-28/1_definition/SC-28/camera.py","capture_and_detect","264","","","","","","","","","","","","","","","","0.0","","","","","","","","","","","","","","","","","","","","","","","","","","","","","",""
"417.45904061","2026-05-12 18:53:41.737567","/home/sc28/SC-28/1_definition/SC-28/camera.py","capture_and_detect","265","","","","","","","","","","","","","","","","","","320","240","","","","","","","","","","","","","","","","","","","","","","","","","","",""
"417.462363947","2026-05-12 18:53:41.740891","/home/sc28/SC-28/1_definition/SC-28/camera.py","capture_and_detect","266","","","","","","","","","","","","","","","","","","","","640","480","","","","","","","","","","","","","","","","","","","","","","","","",""
"417.508703584","2026-05-12 18:53:41.787230","/home/sc28/SC-28/1_definition/SC-28/camera.py","capture_and_detect","263","","","","","","","","","","","","","","","","","0","","","","","","","","","","","","","","","","","","","","","","","","","","","","",""
"417.51246588","2026-05-12 18:53:41.790982","/home/sc28/SC-28/1_definition/SC-28/camera.py","capture_and_detect","264","","","","","","","","","","","","","","","","0.0","","","","","","","","","","","","","","","","","","","","","","","","","","","","","",""
"417.518957502","2026-05-12 18:53:41.797480","/home/sc28/SC-28/1_definition/SC-28/camera.py","capture_and_detect","265","","","","","","","","","","","","","","","","","","320","240","","","","","","","","","","","","","","","","","","","","","","","","","","",""
"417.521960787","2026-05-12 18:53:41.800479","/home/sc28/SC-28/1_definition/SC-28/camera.py","capture_and_detect","266","","","","","","","","","","","","","","","","","","","","640","480","","","","","","","","","","","","","","","","","","","","","","","","",""
"417.568124226","2026-05-12 18:53:41.846655","/home/sc28/SC-28/1_definition/SC-28/camera.py","capture_and_detect","263","","","","","","","","","","","","","","","","","0","","","","","","","","","","","","","","","","","","","","","","","","","","","","",""
"417.577359445","2026-05-12 18:53:41.855883","/home/sc28/SC-28/1_definition/SC-28/camera.py","capture_and_detect","264","","","","","","","","","","","","","","","","0.0","","","","","","","","","","","","","","","","","","","","","","","","","","","","","",""
"417.589787064","2026-05-12 18:53:41.868316","/home/sc28/SC-28/1_definition/SC-28/camera.py","capture_and_detect","265","","","","","","","","","","","","","","","","","","320","240","","","","","","","","","","","","","","","","","","","","","","","","","","",""
"417.605195727","2026-05-12 18:53:41.883729","/home/sc28/SC-28/1_definition/SC-28/camera.py","capture_and_detect","266","","","","","","","","","","","","","","","","","","","","640","480","","","","","","","","","","","","","","","","","","","","","","","","",""
"417.665078349","2026-05-12 18:53:41.943615","/home/sc28/SC-28/1_definition/SC-28/camera.py","capture_and_detect","263","","","","","","","","","","","","","","","","","0","","","","","","","","","","","","","","","","","","","","","","","","","","","","",""
"417.672320753","2026-05-12 18:53:41.950848","/home/sc28/SC-28/1_definition/SC-28/camera.py","capture_and_detect","264","","","","","","","","","","","","","","","","0.0","","","","","","","","","","","","","","","","","","","","","","","","","","","","","",""
"417.685874779","2026-05-12 18:53:41.964410","/home/sc28/SC-28/1_definition/SC-28/camera.py","capture_and_detect","265","","","","","","","","","","","","","","","","","","320","240","","","","","","","","","","","","","","","","","","","","","","","","","","",""
"417.702940945","2026-05-12 18:53:41.981471","/home/sc28/SC-28/1_definition/SC-28/camera.py","capture_and_detect","266","","","","","","","","","","","","","","","","","","","","640","480","","","","","","","","","","","","","","","","","","","","","","","","",""
"417.756218507","2026-05-12 18:53:42.034746","/home/sc28/SC-28/1_definition/SC-28/camera.py","capture_and_detect","263","","","","","","","","","","","","","","","","","0","","","","","","","","","","","","","","","","","","","","","","","","","","","","",""
"417.763093723","2026-05-12 18:53:42.041609","/home/sc28/SC-28/1_definition/SC-28/camera.py","capture_and_detect","264","","","","","","","","","","","","","","","","0.0","","","","","","","","","","","","","","","","","","","","","","","","","","","","","",""
"417.76607982","2026-05-12 18:53:42.044598","/home/sc28/SC-28/1_definition/SC-28/camera.py","capture_and_detect","265","","","","","","","","","","","","","","","","","","320","240","","","","","","","","","","","","","","","","","","","","","","","","","","",""
"417.769048418","2026-05-12 18:53:42.047570","/home/sc28/SC-28/1_definition/SC-28/camera.py","capture_and_detect","266","","","","","","","","","","","","","","","","","","","","640","480","","","","","","","","","","","","","","","","","","","","","","","","",""
"417.809307267","2026-05-12 18:53:42.087835","/home/sc28/SC-28/1_definition/SC-28/camera.py","capture_and_detect","263","","","","","","","","","","","","","","","","","0","","","","","","","","","","","","","","","","","","","","","","","","","","","","",""
"417.813301073","2026-05-12 18:53:42.091830","/home/sc28/SC-28/1_definition/SC-28/camera.py","capture_and_detect","264","","","","","","","","","","","","","","","","0.0","","","","","","","","","","","","","","","","","","","","","","","","","","","","","",""
"417.81682665","2026-05-12 18:53:42.095364","/home/sc28/SC-28/1_definition/SC-28/camera.py","capture_and_detect","265","","","","","","","","","","","","","","","","","","320","240","","","","","","","","","","","","","","","","","","","","","","","","","","",""
"417.824146659","2026-05-12 18:53:42.102680","/home/sc28/SC-28/1_definition/SC-28/camera.py","capture_and_detect","266","","","","","","","","","","","","","","","","","","","","640","480","","","","","","","","","","","","","","","","","","","","","","","","",""
"417.873436039","2026-05-12 18:53:42.151960","/home/sc28/SC-28/1_definition/SC-28/camera.py","capture_and_detect","263","","","","","","","","","","","","","","","","","0","","","","","","","","","","","","","","","","","","","","","","","","","","","","",""
"417.8773312","2026-05-12 18:53:42.155858","/home/sc28/SC-28/1_definition/SC-28/camera.py","capture_and_detect","264","","","","","","","","","","","","","","","","0.0","","","","","","","","","","","","","","","","","","","","","","","","","","","","","",""
"417.880894225","2026-05-12 18:53:42.159422","/home/sc28/SC-28/1_definition/SC-28/camera.py","capture_and_detect","265","","","","","","","","","","","","","","","","","","320","240","","","","","","","","","","","","","","","","","","","","","","","","","","",""
"417.885817876","2026-05-12 18:53:42.164342","/home/sc28/SC-28/1_definition/SC-28/camera.py","capture_and_detect","266","","","","","","","","","","","","","","","","","","","","640","480","","","","","","","","","","","","","","","","","","","","","","","","",""
"417.928365478","2026-05-12 18:53:42.207072","/home/sc28/SC-28/1_definition/SC-28/camera.py","capture_and_detect","263","","","","","","","","","","","","","","","","","0","","","","","","","","","","","","","","","","","","","","","","","","","","","","",""
"417.933414234","2026-05-12 18:53:42.211941","/home/sc28/SC-28/1_definition/SC-28/camera.py","capture_and_detect","264","","","","","","","","","","","","","","","","0.0","","","","","","","","","","","","","","","","","","","","","","","","","","","","","",""
"417.938672208","2026-05-12 18:53:42.217242","/home/sc28/SC-28/1_definition/SC-28/camera.py","capture_and_detect","265","","","","","","","","","","","","","","","","","","320","240","","","","","","","","","","","","","","","","","","","","","","","","","","",""
"417.9438356","2026-05-12 18:53:42.222369","/home/sc28/SC-28/1_definition/SC-28/camera.py","capture_and_detect","266","","","","","","","","","","","","","","","","","","","","640","480","","","","","","","","","","","","","","","","","","","","","","","","",""
"417.983581167","2026-05-12 18:53:42.262107","/home/sc28/SC-28/1_definition/SC-28/camera.py","capture_and_detect","263","","","","","","","","","","","","","","","","","0","","","","","","","","","","","","","","","","","","","","","","","","","","","","",""
"417.987945859","2026-05-12 18:53:42.266478","/home/sc28/SC-28/1_definition/SC-28/camera.py","capture_and_detect","264","","","","","","","","","","","","","","","","0.0","","","","","","","","","","","","","","","","","","","","","","","","","","","","","",""
"417.995506337","2026-05-12 18:53:42.274032","/home/sc28/SC-28/1_definition/SC-28/camera.py","capture_and_detect","265","","","","","","","","","","","","","","","","","","320","240","","","","","","","","","","","","","","","","","","","","","","","","","","",""
"417.998617018","2026-05-12 18:53:42.277140","/home/sc28/SC-28/1_definition/SC-28/camera.py","capture_and_detect","266","","","","","","","","","","","","","","","","","","","","640","480","","","","","","","","","","","","","","","","","","","","","","","","",""
"418.036312322","2026-05-12 18:53:42.314842","/home/sc28/SC-28/1_definition/SC-28/camera.py","capture_and_detect","263","","","","","","","","","","","","","","","","","0","","","","","","","","","","","","","","","","","","","","","","","","","","","","",""
"418.041033421","2026-05-12 18:53:42.319554","/home/sc28/SC-28/1_definition/SC-28/camera.py","capture_and_detect","264","","","","","","","","","","","","","","","","0.0","","","","","","","","","","","","","","","","","","","","","","","","","","","","","",""
"418.044349935","2026-05-12 18:53:42.322879","/home/sc28/SC-28/1_definition/SC-28/camera.py","capture_and_detect","265","","","","","","","","","","","","","","","","","","320","240","","","","","","","","","","","","","","","","","","","","","","","","","","",""
"418.047714887","2026-05-12 18:53:42.326247","/home/sc28/SC-28/1_definition/SC-28/camera.py","capture_and_detect","266","","","","","","","","","","","","","","","","","","","","640","480","","","","","","","","","","","","","","","","","","","","","","","","",""
"418.088653268","2026-05-12 18:53:42.367183","/home/sc28/SC-28/1_definition/SC-28/camera.py","capture_and_detect","263","","","","","","","","","","","","","","","","","0","","","","","","","","","","","","","","","","","","","","","","","","","","","","",""
"418.092488793","2026-05-12 18:53:42.371012","/home/sc28/SC-28/1_definition/SC-28/camera.py","capture_and_detect","264","","","","","","","","","","","","","","","","0.0","","","","","","","","","","","","","","","","","","","","","","","","","","","","","",""
"418.095663433","2026-05-12 18:53:42.374185","/home/sc28/SC-28/1_definition/SC-28/camera.py","capture_and_detect","265","","","","","","","","","","","","","","","","","","320","240","","","","","","","","","","","","","","","","","","","","","","","","","","",""
"418.100680053","2026-05-12 18:53:42.379206","/home/sc28/SC-28/1_definition/SC-28/camera.py","capture_and_detect","266","","","","","","","","","","","","","","","","","","","","640","480","","","","","","","","","","","","","","","","","","","","","","","","",""
"418.140564266","2026-05-12 18:53:42.419111","/home/sc28/SC-28/1_definition/SC-28/camera.py","capture_and_detect","263","","","","","","","","","","","","","","","","","0","","","","","","","","","","","","","","","","","","","","","","","","","","","","",""
"418.148848598","2026-05-12 18:53:42.427395","/home/sc28/SC-28/1_definition/SC-28/camera.py","capture_and_detect","264","","","","","","","","","","","","","","","","0.0","","","","","","","","","","","","","","","","","","","","","","","","","","","","","",""
"418.15315152","2026-05-12 18:53:42.431688","/home/sc28/SC-28/1_definition/SC-28/camera.py","capture_and_detect","265","","","","","","","","","","","","","","","","","","320","240","","","","","","","","","","","","","","","","","","","","","","","","","","",""
"418.157184181","2026-05-12 18:53:42.435720","/home/sc28/SC-28/1_definition/SC-28/camera.py","capture_and_detect","266","","","","","","","","","","","","","","","","","","","","640","480","","","","","","","","","","","","","","","","","","","","","","","","",""
"418.202375327","2026-05-12 18:53:42.480903","/home/sc28/SC-28/1_definition/SC-28/camera.py","capture_and_detect","263","","","","","","","","","","","","","","","","","0","","","","","","","","","","","","","","","","","","","","","","","","","","","","",""
"418.206104446","2026-05-12 18:53:42.484626","/home/sc28/SC-28/1_definition/SC-28/camera.py","capture_and_detect","264","","","","","","","","","","","","","","","","0.0","","","","","","","","","","","","","","","","","","","","","","","","","","","","","",""
"418.209120491","2026-05-12 18:53:42.487642","/home/sc28/SC-28/1_definition/SC-28/camera.py","capture_and_detect","265","","","","","","","","","","","","","","","","","","320","240","","","","","","","","","","","","","","","","","","","","","","","","","","",""
"418.21576128","2026-05-12 18:53:42.494285","/home/sc28/SC-28/1_definition/SC-28/camera.py","capture_and_detect","266","","","","","","","","","","","","","","","","","","","","640","480","","","","","","","","","","","","","","","","","","","","","","","","",""
"418.259801227","2026-05-12 18:53:42.538326","/home/sc28/SC-28/1_definition/SC-28/camera.py","capture_and_detect","263","","","","","","","","","","","","","","","","","0","","","","","","","","","","","","","","","","","","","","","","","","","","","","",""
"418.263602638","2026-05-12 18:53:42.542122","/home/sc28/SC-28/1_definition/SC-28/camera.py","capture_and_detect","264","","","","","","","","","","","","","","","","0.0","","","","","","","","","","","","","","","","","","","","","","","","","","","","","",""
"418.266647017","2026-05-12 18:53:42.545169","/home/sc28/SC-28/1_definition/SC-28/camera.py","capture_and_detect","265","","","","","","","","","","","","","","","","","","320","240","","","","","","","","","","","","","","","","","","","","","","","","","","",""
"418.269580457","2026-05-12 18:53:42.548101","/home/sc28/SC-28/1_definition/SC-28/camera.py","capture_and_detect","266","","","","","","","","","","","","","","","","","","","","640","480","","","","","","","","","","","","","","","","","","","","","","","","",""
"418.319776922","2026-05-12 18:53:42.598308","/home/sc28/SC-28/1_definition/SC-28/camera.py","capture_and_detect","263","","","","","","","","","","","","","","","","","0","","","","","","","","","","","","","","","","","","","","","","","","","","","","",""
"418.330472768","2026-05-12 18:53:42.609005","/home/sc28/SC-28/1_definition/SC-28/camera.py","capture_and_detect","264","","","","","","","","","","","","","","","","0.0","","","","","","","","","","","","","","","","","","","","","","","","","","","","","",""
"418.334261835","2026-05-12 18:53:42.612811","/home/sc28/SC-28/1_definition/SC-28/camera.py","capture_and_detect","265","","","","","","","","","","","","","","","","","","320","240","","","","","","","","","","","","","","","","","","","","","","","","","","",""
"418.344171534","2026-05-12 18:53:42.622710","/home/sc28/SC-28/1_definition/SC-28/camera.py","capture_and_detect","266","","","","","","","","","","","","","","","","","","","","640","480","","","","","","","","","","","","","","","","","","","","","","","","",""
"418.390307681","2026-05-12 18:53:42.668835","/home/sc28/SC-28/1_definition/SC-28/camera.py","capture_and_detect","263","","","","","","","","","","","","","","","","","0","","","","","","","","","","","","","","","","","","","","","","","","","","","","",""
"418.394212008","2026-05-12 18:53:42.672732","/home/sc28/SC-28/1_definition/SC-28/camera.py","capture_and_detect","264","","","","","","","","","","","","","","","","0.0","","","","","","","","","","","","","","","","","","","","","","","","","","","","","",""
"418.400882537","2026-05-12 18:53:42.679405","/home/sc28/SC-28/1_definition/SC-28/camera.py","capture_and_detect","265","","","","","","","","","","","","","","","","","","320","240","","","","","","","","","","","","","","","","","","","","","","","","","","",""
"418.403872072","2026-05-12 18:53:42.682390","/home/sc28/SC-28/1_definition/SC-28/camera.py","capture_and_detect","266","","","","","","","","","","","","","","","","","","","","640","480","","","","","","","","","","","","","","","","","","","","","","","","",""
"418.449407125","2026-05-12 18:53:42.727932","/home/sc28/SC-28/1_definition/SC-28/camera.py","capture_and_detect","263","","","","","","","","","","","","","","","","","0","","","","","","","","","","","","","","","","","","","","","","","","","","","","",""
"418.453576505","2026-05-12 18:53:42.732101","/home/sc28/SC-28/1_definition/SC-28/camera.py","capture_and_detect","264","","","","","","","","","","","","","","","","0.0","","","","","","","","","","","","","","","","","","","","","","","","","","","","","",""
"418.470556368","2026-05-12 18:53:42.749086","/home/sc28/SC-28/1_definition/SC-28/camera.py","capture_and_detect","265","","","","","","","","","","","","","","","","","","320","240","","","","","","","","","","","","","","","","","","","","","","","","","","",""
"418.479969868","2026-05-12 18:53:42.758548","/home/sc28/SC-28/1_definition/SC-28/camera.py","capture_and_detect","266","","","","","","","","","","","","","","","","","","","","640","480","","","","","","","","","","","","","","","","","","","","","","","","",""
"418.557852876","2026-05-12 18:53:42.836378","/home/sc28/SC-28/1_definition/SC-28/camera.py","capture_and_detect","263","","","","","","","","","","","","","","","","","0","","","","","","","","","","","","","","","","","","","","","","","","","","","","",""
"418.565097259","2026-05-12 18:53:42.843621","/home/sc28/SC-28/1_definition/SC-28/camera.py","capture_and_detect","264","","","","","","","","","","","","","","","","0.0","","","","","","","","","","","","","","","","","","","","","","","","","","","","","",""
"418.568948618","2026-05-12 18:53:42.847473","/home/sc28/SC-28/1_definition/SC-28/camera.py","capture_and_detect","265","","","","","","","","","","","","","","","","","","320","240","","","","","","","","","","","","","","","","","","","","","","","","","","",""
"418.573476279","2026-05-12 18:53:42.852004","/home/sc28/SC-28/1_definition/SC-28/camera.py","capture_and_detect","266","","","","","","","","","","","","","","","","","","","","640","480","","","","","","","","","","","","","","","","","","","","","","","","",""
"418.62423863","2026-05-12 18:53:42.902767","/home/sc28/SC-28/1_definition/SC-28/camera.py","capture_and_detect","263","","","","","","","","","","","","","","","","","0","","","","","","","","","","","","","","","","","","","","","","","","","","","","",""
"418.63111744","2026-05-12 18:53:42.909641","/home/sc28/SC-28/1_definition/SC-28/camera.py","capture_and_detect","264","","","","","","","","","","","","","","","","0.0","","","","","","","","","","","","","","","","","","","","","","","","","","","","","",""
"418.647623344","2026-05-12 18:53:42.926161","/home/sc28/SC-28/1_definition/SC-28/camera.py","capture_and_detect","265","","","","","","","","","","","","","","","","","","320","240","","","","","","","","","","","","","","","","","","","","","","","","","","",""
"418.656879397","2026-05-12 18:53:42.935414","/home/sc28/SC-28/1_definition/SC-28/camera.py","capture_and_detect","266","","","","","","","","","","","","","","","","","","","","640","480","","","","","","","","","","","","","","","","","","","","","","","","",""
"418.771628384","2026-05-12 18:53:43.050156","/home/sc28/SC-28/1_definition/SC-28/camera.py","capture_and_detect","263","","","","","","","","","","","","","","","","","0","","","","","","","","","","","","","","","","","","","","","","","","","","","","",""
"418.780204801","2026-05-12 18:53:43.058730","/home/sc28/SC-28/1_definition/SC-28/camera.py","capture_and_detect","264","","","","","","","","","","","","","","","","0.0","","","","","","","","","","","","","","","","","","","","","","","","","","","","","",""
"418.784387462","2026-05-12 18:53:43.062916","/home/sc28/SC-28/1_definition/SC-28/camera.py","capture_and_detect","265","","","","","","","","","","","","","","","","","","320","240","","","","","","","","","","","","","","","","","","","","","","","","","","",""
"418.792258356","2026-05-12 18:53:43.070787","/home/sc28/SC-28/1_definition/SC-28/camera.py","capture_and_detect","266","","","","","","","","","","","","","","","","","","","","640","480","","","","","","","","","","","","","","","","","","","","","","","","",""
"418.908953596","2026-05-12 18:53:43.187478","/home/sc28/SC-28/1_definition/SC-28/camera.py","capture_and_detect","263","","","","","","","","","","","","","","","","","0","","","","","","","","","","","","","","","","","","","","","","","","","","","","",""
"418.912774382","2026-05-12 18:53:43.191295","/home/sc28/SC-28/1_definition/SC-28/camera.py","capture_and_detect","264","","","","","","","","","","","","","","","","0.0","","","","","","","","","","","","","","","","","","","","","","","","","","","","","",""
"418.915785166","2026-05-12 18:53:43.194304","/home/sc28/SC-28/1_definition/SC-28/camera.py","capture_and_detect","265","","","","","","","","","","","","","","","","","","320","240","","","","","","","","","","","","","","","","","","","","","","","","","","",""
"418.918819597","2026-05-12 18:53:43.197340","/home/sc28/SC-28/1_definition/SC-28/camera.py","capture_and_detect","266","","","","","","","","","","","","","","","","","","","","640","480","","","","","","","","","","","","","","","","","","","","","","","","",""
"418.967198924","2026-05-12 18:53:43.245731","/home/sc28/SC-28/1_definition/SC-28/camera.py","capture_and_detect","263","","","","","","","","","","","","","","","","","0","","","","","","","","","","","","","","","","","","","","","","","","","","","","",""
"418.974830287","2026-05-12 18:53:43.253354","/home/sc28/SC-28/1_definition/SC-28/camera.py","capture_and_detect","264","","","","","","","","","","","","","","","","0.0","","","","","","","","","","","","","","","","","","","","","","","","","","","","","",""
"418.978192478","2026-05-12 18:53:43.256723","/home/sc28/SC-28/1_definition/SC-28/camera.py","capture_and_detect","265","","","","","","","","","","","","","","","","","","320","240","","","","","","","","","","","","","","","","","","","","","","","","","","",""
"418.981409253","2026-05-12 18:53:43.259940","/home/sc28/SC-28/1_definition/SC-28/camera.py","capture_and_detect","266","","","","","","","","","","","","","","","","","","","","640","480","","","","","","","","","","","","","","","","","","","","","","","","",""
"419.031048998","2026-05-12 18:53:43.309573","/home/sc28/SC-28/1_definition/SC-28/camera.py","capture_and_detect","263","","","","","","","","","","","","","","","","","0","","","","","","","","","","","","","","","","","","","","","","","","","","","","",""
"419.034820305","2026-05-12 18:53:43.313339","/home/sc28/SC-28/1_definition/SC-28/camera.py","capture_and_detect","264","","","","","","","","","","","","","","","","0.0","","","","","","","","","","","","","","","","","","","","","","","","","","","","","",""
"419.043451565","2026-05-12 18:53:43.321977","/home/sc28/SC-28/1_definition/SC-28/camera.py","capture_and_detect","265","","","","","","","","","","","","","","","","","","320","240","","","","","","","","","","","","","","","","","","","","","","","","","","",""
"419.046502402","2026-05-12 18:53:43.325022","/home/sc28/SC-28/1_definition/SC-28/camera.py","capture_and_detect","266","","","","","","","","","","","","","","","","","","","","640","480","","","","","","","","","","","","","","","","","","","","","","","","",""
"419.092176153","2026-05-12 18:53:43.370704","/home/sc28/SC-28/1_definition/SC-28/camera.py","capture_and_detect","263","","","","","","","","","","","","","","","","","0","","","","","","","","","","","","","","","","","","","","","","","","","","","","",""
"419.095888084","2026-05-12 18:53:43.374404","/home/sc28/SC-28/1_definition/SC-28/camera.py","capture_and_detect","264","","","","","","","","","","","","","","","","0.0","","","","","","","","","","","","","","","","","","","","","","","","","","","","","",""
"419.098935379","2026-05-12 18:53:43.377460","/home/sc28/SC-28/1_definition/SC-28/camera.py","capture_and_detect","265","","","","","","","","","","","","","","","","","","320","240","","","","","","","","","","","","","","","","","","","","","","","","","","",""
"419.101994393","2026-05-12 18:53:43.380518","/home/sc28/SC-28/1_definition/SC-28/camera.py","capture_and_detect","266","","","","","","","","","","","","","","","","","","","","640","480","","","","","","","","","","","","","","","","","","","","","","","","",""
"419.163446756","2026-05-12 18:53:43.441973","/home/sc28/SC-28/1_definition/SC-28/camera.py","capture_and_detect","263","","","","","","","","","","","","","","","","","0","","","","","","","","","","","","","","","","","","","","","","","","","","","","",""
"419.167325823","2026-05-12 18:53:43.445852","/home/sc28/SC-28/1_definition/SC-28/camera.py","capture_and_detect","264","","","","","","","","","","","","","","","","0.0","","","","","","","","","","","","","","","","","","","","","","","","","","","","","",""
"419.170894421","2026-05-12 18:53:43.449437","/home/sc28/SC-28/1_definition/SC-28/camera.py","capture_and_detect","265","","","","","","","","","","","","","","","","","","320","240","","","","","","","","","","","","","","","","","","","","","","","","","","",""
"419.174732446","2026-05-12 18:53:43.453267","/home/sc28/SC-28/1_definition/SC-28/camera.py","capture_and_detect","266","","","","","","","","","","","","","","","","","","","","640","480","","","","","","","","","","","","","","","","","","","","","","","","",""
"419.236328195","2026-05-12 18:53:43.514858","/home/sc28/SC-28/1_definition/SC-28/camera.py","capture_and_detect","263","","","","","","","","","","","","","","","","","0","","","","","","","","","","","","","","","","","","","","","","","","","","","","",""
"419.241292836","2026-05-12 18:53:43.519823","/home/sc28/SC-28/1_definition/SC-28/camera.py","capture_and_detect","264","","","","","","","","","","","","","","","","245.0","","","","","","","","","","","","","","","","","","","","","","","","","","","","","",""
"419.248589511","2026-05-12 18:53:43.527124","/home/sc28/SC-28/1_definition/SC-28/camera.py","capture_and_detect","265","","","","","","","","","","","","","","","","","","248","201","","","","","","","","","","","","","","","","","","","","","","","","","","",""
"419.252244307","2026-05-12 18:53:43.530777","/home/sc28/SC-28/1_definition/SC-28/camera.py","capture_and_detect","266","","","","","","","","","","","","","","","","","","","","640","480","","","","","","","","","","","","","","","","","","","","","","","","",""
"425.705532687","2026-05-12 18:53:49.984066","/home/sc28/SC-28/1_definition/SC-28/camera.py","capture_and_detect","263","","","","","","","","","","","","","","","","","1","","","","","","","","","","","","","","","","","","","","","","","","","","","","",""
"425.710106391","2026-05-12 18:53:49.988627","/home/sc28/SC-28/1_definition/SC-28/camera.py","capture_and_detect","264","","","","","","","","","","","","","","","","3073.5","","","","","","","","","","","","","","","","","","","","","","","","","","","","","",""
"425.720173434","2026-05-12 18:53:49.998700","/home/sc28/SC-28/1_definition/SC-28/camera.py","capture_and_detect","265","","","","","","","","","","","","","","","","","","271","183","","","","","","","","","","","","","","","","","","","","","","","","","","",""
"425.723717969","2026-05-12 18:53:50.002238","/home/sc28/SC-28/1_definition/SC-28/camera.py","capture_and_detect","266","","","","","","","","","","","","","","","","","","","","640","480","","","","","","","","","","","","","","","","","","","","","","","","",""
"425.772239327","2026-05-12 18:53:50.050769","/home/sc28/SC-28/1_definition/SC-28/camera.py","capture_and_detect","263","","","","","","","","","","","","","","","","","0","","","","","","","","","","","","","","","","","","","","","","","","","","","","",""
"425.776368863","2026-05-12 18:53:50.054886","/home/sc28/SC-28/1_definition/SC-28/camera.py","capture_and_detect","264","","","","","","","","","","","","","","","","217.5","","","","","","","","","","","","","","","","","","","","","","","","","","","","","",""
"425.779909232","2026-05-12 18:53:50.058447","/home/sc28/SC-28/1_definition/SC-28/camera.py","capture_and_detect","265","","","","","","","","","","","","","","","","","","338","256","","","","","","","","","","","","","","","","","","","","","","","","","","",""
"425.784120852","2026-05-12 18:53:50.062650","/home/sc28/SC-28/1_definition/SC-28/camera.py","capture_and_detect","266","","","","","","","","","","","","","","","","","","","","640","480","","","","","","","","","","","","","","","","","","","","","","","","",""
"425.845000506","2026-05-12 18:53:50.123531","/home/sc28/SC-28/1_definition/SC-28/camera.py","capture_and_detect","263","","","","","","","","","","","","","","","","","0","","","","","","","","","","","","","","","","","","","","","","","","","","","","",""
"425.8490865","2026-05-12 18:53:50.127608","/home/sc28/SC-28/1_definition/SC-28/camera.py","capture_and_detect","264","","","","","","","","","","","","","","","","71.0","","","","","","","","","","","","","","","","","","","","","","","","","","","","","",""
"425.852235827","2026-05-12 18:53:50.130757","/home/sc28/SC-28/1_definition/SC-28/camera.py","capture_and_detect","265","","","","","","","","","","","","","","","","","","398","196","","","","","","","","","","","","","","","","","","","","","","","","","","",""
"425.855306507","2026-05-12 18:53:50.133830","/home/sc28/SC-28/1_definition/SC-28/camera.py","capture_and_detect","266","","","","","","","","","","","","","","","","","","","","640","480","","","","","","","","","","","","","","","","","","","","","","","","",""
"425.931055397","2026-05-12 18:53:50.209580","/home/sc28/SC-28/1_definition/SC-28/camera.py","capture_and_detect","263","","","","","","","","","","","","","","","","","0","","","","","","","","","","","","","","","","","","","","","","","","","","","","",""
"425.934757849","2026-05-12 18:53:50.213271","/home/sc28/SC-28/1_definition/SC-28/camera.py","capture_and_detect","264","","","","","","","","","","","","","","","","29.5","","","","","","","","","","","","","","","","","","","","","","","","","","","","","",""
"425.94133817","2026-05-12 18:53:50.219867","/home/sc28/SC-28/1_definition/SC-28/camera.py","capture_and_detect","265","","","","","","","","","","","","","","","","","","236","265","","","","","","","","","","","","","","","","","","","","","","","","","","",""
"425.945044841","2026-05-12 18:53:50.223579","/home/sc28/SC-28/1_definition/SC-28/camera.py","capture_and_detect","266","","","","","","","","","","","","","","","","","","","","640","480","","","","","","","","","","","","","","","","","","","","","","","","",""
"425.995341722","2026-05-12 18:53:50.273872","/home/sc28/SC-28/1_definition/SC-28/camera.py","capture_and_detect","263","","","","","","","","","","","","","","","","","0","","","","","","","","","","","","","","","","","","","","","","","","","","","","",""
"426.00140725","2026-05-12 18:53:50.279935","/home/sc28/SC-28/1_definition/SC-28/camera.py","capture_and_detect","264","","","","","","","","","","","","","","","","0.0","","","","","","","","","","","","","","","","","","","","","","","","","","","","","",""
"426.00514241","2026-05-12 18:53:50.283674","/home/sc28/SC-28/1_definition/SC-28/camera.py","capture_and_detect","265","","","","","","","","","","","","","","","","","","320","240","","","","","","","","","","","","","","","","","","","","","","","","","","",""
"426.012450856","2026-05-12 18:53:50.290983","/home/sc28/SC-28/1_definition/SC-28/camera.py","capture_and_detect","266","","","","","","","","","","","","","","","","","","","","640","480","","","","","","","","","","","","","","","","","","","","","","","","",""
"426.063901906","2026-05-12 18:53:50.342428","/home/sc28/SC-28/1_definition/SC-28/camera.py","capture_and_detect","263","","","","","","","","","","","","","","","","","0","","","","","","","","","","","","","","","","","","","","","","","","","","","","",""
"426.074031397","2026-05-12 18:53:50.352556","/home/sc28/SC-28/1_definition/SC-28/camera.py","capture_and_detect","264","","","","","","","","","","","","","","","","0.0","","","","","","","","","","","","","","","","","","","","","","","","","","","","","",""
"426.077405984","2026-05-12 18:53:50.355934","/home/sc28/SC-28/1_definition/SC-28/camera.py","capture_and_detect","265","","","","","","","","","","","","","","","","","","320","240","","","","","","","","","","","","","","","","","","","","","","","","","","",""
"426.081176717","2026-05-12 18:53:50.359714","/home/sc28/SC-28/1_definition/SC-28/camera.py","capture_and_detect","266","","","","","","","","","","","","","","","","","","","","640","480","","","","","","","","","","","","","","","","","","","","","","","","",""
"426.136406417","2026-05-12 18:53:50.414934","/home/sc28/SC-28/1_definition/SC-28/camera.py","capture_and_detect","263","","","","","","","","","","","","","","","","","0","","","","","","","","","","","","","","","","","","","","","","","","","","","","",""
"426.143897832","2026-05-12 18:53:50.422422","/home/sc28/SC-28/1_definition/SC-28/camera.py","capture_and_detect","264","","","","","","","","","","","","","","","","0.0","","","","","","","","","","","","","","","","","","","","","","","","","","","","","",""
"426.147770336","2026-05-12 18:53:50.426297","/home/sc28/SC-28/1_definition/SC-28/camera.py","capture_and_detect","265","","","","","","","","","","","","","","","","","","320","240","","","","","","","","","","","","","","","","","","","","","","","","","","",""
"426.151027424","2026-05-12 18:53:50.429552","/home/sc28/SC-28/1_definition/SC-28/camera.py","capture_and_detect","266","","","","","","","","","","","","","","","","","","","","640","480","","","","","","","","","","","","","","","","","","","","","","","","",""
"426.19621383","2026-05-12 18:53:50.474736","/home/sc28/SC-28/1_definition/SC-28/camera.py","capture_and_detect","263","","","","","","","","","","","","","","","","","0","","","","","","","","","","","","","","","","","","","","","","","","","","","","",""
"426.200236179","2026-05-12 18:53:50.478769","/home/sc28/SC-28/1_definition/SC-28/camera.py","capture_and_detect","264","","","","","","","","","","","","","","","","0.0","","","","","","","","","","","","","","","","","","","","","","","","","","","","","",""
"426.206519259","2026-05-12 18:53:50.485044","/home/sc28/SC-28/1_definition/SC-28/camera.py","capture_and_detect","265","","","","","","","","","","","","","","","","","","320","240","","","","","","","","","","","","","","","","","","","","","","","","","","",""
"426.214656352","2026-05-12 18:53:50.493186","/home/sc28/SC-28/1_definition/SC-28/camera.py","capture_and_detect","266","","","","","","","","","","","","","","","","","","","","640","480","","","","","","","","","","","","","","","","","","","","","","","","",""
"426.264136357","2026-05-12 18:53:50.542677","/home/sc28/SC-28/1_definition/SC-28/camera.py","capture_and_detect","263","","","","","","","","","","","","","","","","","0","","","","","","","","","","","","","","","","","","","","","","","","","","","","",""
"426.272247929","2026-05-12 18:53:50.550771","/home/sc28/SC-28/1_definition/SC-28/camera.py","capture_and_detect","264","","","","","","","","","","","","","","","","92.0","","","","","","","","","","","","","","","","","","","","","","","","","","","","","",""
"426.275784808","2026-05-12 18:53:50.554317","/home/sc28/SC-28/1_definition/SC-28/camera.py","capture_and_detect","265","","","","","","","","","","","","","","","","","","363","474","","","","","","","","","","","","","","","","","","","","","","","","","","",""
"426.280330438","2026-05-12 18:53:50.558868","/home/sc28/SC-28/1_definition/SC-28/camera.py","capture_and_detect","266","","","","","","","","","","","","","","","","","","","","640","480","","","","","","","","","","","","","","","","","","","","","","","","",""
"426.341368426","2026-05-12 18:53:50.619894","/home/sc28/SC-28/1_definition/SC-28/camera.py","capture_and_detect","263","","","","","","","","","","","","","","","","","0","","","","","","","","","","","","","","","","","","","","","","","","","","","","",""
"426.345095305","2026-05-12 18:53:50.623607","/home/sc28/SC-28/1_definition/SC-28/camera.py","capture_and_detect","264","","","","","","","","","","","","","","","","119.5","","","","","","","","","","","","","","","","","","","","","","","","","","","","","",""
"426.348200986","2026-05-12 18:53:50.626727","/home/sc28/SC-28/1_definition/SC-28/camera.py","capture_and_detect","265","","","","","","","","","","","","","","","","","","347","446","","","","","","","","","","","","","","","","","","","","","","","","","","",""
"426.351299792","2026-05-12 18:53:50.629821","/home/sc28/SC-28/1_definition/SC-28/camera.py","capture_and_detect","266","","","","","","","","","","","","","","","","","","","","640","480","","","","","","","","","","","","","","","","","","","","","","","","",""
"426.402512143","2026-05-12 18:53:50.681038","/home/sc28/SC-28/1_definition/SC-28/camera.py","capture_and_detect","263","","","","","","","","","","","","","","","","","0","","","","","","","","","","","","","","","","","","","","","","","","","","","","",""
"426.406231001","2026-05-12 18:53:50.684742","/home/sc28/SC-28/1_definition/SC-28/camera.py","capture_and_detect","264","","","","","","","","","","","","","","","","157.5","","","","","","","","","","","","","","","","","","","","","","","","","","","","","",""
"426.412774759","2026-05-12 18:53:50.691293","/home/sc28/SC-28/1_definition/SC-28/camera.py","capture_and_detect","265","","","","","","","","","","","","","","","","","","340","430","","","","","","","","","","","","","","","","","","","","","","","","","","",""
"426.41567471","2026-05-12 18:53:50.694194","/home/sc28/SC-28/1_definition/SC-28/camera.py","capture_and_detect","266","","","","","","","","","","","","","","","","","","","","640","480","","","","","","","","","","","","","","","","","","","","","","","","",""
"426.461279503","2026-05-12 18:53:50.739802","/home/sc28/SC-28/1_definition/SC-28/camera.py","capture_and_detect","263","","","","","","","","","","","","","","","","","0","","","","","","","","","","","","","","","","","","","","","","","","","","","","",""
"426.46489258","2026-05-12 18:53:50.743408","/home/sc28/SC-28/1_definition/SC-28/camera.py","capture_and_detect","264","","","","","","","","","","","","","","","","163.0","","","","","","","","","","","","","","","","","","","","","","","","","","","","","",""
"426.467880239","2026-05-12 18:53:50.746398","/home/sc28/SC-28/1_definition/SC-28/camera.py","capture_and_detect","265","","","","","","","","","","","","","","","","","","333","421","","","","","","","","","","","","","","","","","","","","","","","","","","",""
"426.470908576","2026-05-12 18:53:50.749429","/home/sc28/SC-28/1_definition/SC-28/camera.py","capture_and_detect","266","","","","","","","","","","","","","","","","","","","","640","480","","","","","","","","","","","","","","","","","","","","","","","","",""
"426.528481247","2026-05-12 18:53:50.807018","/home/sc28/SC-28/1_definition/SC-28/camera.py","capture_and_detect","263","","","","","","","","","","","","","","","","","0","","","","","","","","","","","","","","","","","","","","","","","","","","","","",""
"426.53408016","2026-05-12 18:53:50.812592","/home/sc28/SC-28/1_definition/SC-28/camera.py","capture_and_detect","264","","","","","","","","","","","","","","","","163.5","","","","","","","","","","","","","","","","","","","","","","","","","","","","","",""
"426.537700008","2026-05-12 18:53:50.816227","/home/sc28/SC-28/1_definition/SC-28/camera.py","capture_and_detect","265","","","","","","","","","","","","","","","","","","329","422","","","","","","","","","","","","","","","","","","","","","","","","","","",""
"426.540718605","2026-05-12 18:53:50.819242","/home/sc28/SC-28/1_definition/SC-28/camera.py","capture_and_detect","266","","","","","","","","","","","","","","","","","","","","640","480","","","","","","","","","","","","","","","","","","","","","","","","",""
"426.590790122","2026-05-12 18:53:50.869316","/home/sc28/SC-28/1_definition/SC-28/camera.py","capture_and_detect","263","","","","","","","","","","","","","","","","","0","","","","","","","","","","","","","","","","","","","","","","","","","","","","",""
"426.598004974","2026-05-12 18:53:50.876529","/home/sc28/SC-28/1_definition/SC-28/camera.py","capture_and_detect","264","","","","","","","","","","","","","","","","143.0","","","","","","","","","","","","","","","","","","","","","","","","","","","","","",""
"426.601469561","2026-05-12 18:53:50.880001","/home/sc28/SC-28/1_definition/SC-28/camera.py","capture_and_detect","265","","","","","","","","","","","","","","","","","","328","419","","","","","","","","","","","","","","","","","","","","","","","","","","",""
"426.605500191","2026-05-12 18:53:50.884026","/home/sc28/SC-28/1_definition/SC-28/camera.py","capture_and_detect","266","","","","","","","","","","","","","","","","","","","","640","480","","","","","","","","","","","","","","","","","","","","","","","","",""
"426.655080821","2026-05-12 18:53:50.933617","/home/sc28/SC-28/1_definition/SC-28/camera.py","capture_and_detect","263","","","","","","","","","","","","","","","","","0","","","","","","","","","","","","","","","","","","","","","","","","","","","","",""
"426.661536662","2026-05-12 18:53:50.940066","/home/sc28/SC-28/1_definition/SC-28/camera.py","capture_and_detect","264","","","","","","","","","","","","","","","","116.0","","","","","","","","","","","","","","","","","","","","","","","","","","","","","",""
"426.665334583","2026-05-12 18:53:50.943869","/home/sc28/SC-28/1_definition/SC-28/camera.py","capture_and_detect","265","","","","","","","","","","","","","","","","","","319","409","","","","","","","","","","","","","","","","","","","","","","","","","","",""
"426.672434487","2026-05-12 18:53:50.950965","/home/sc28/SC-28/1_definition/SC-28/camera.py","capture_and_detect","266","","","","","","","","","","","","","","","","","","","","640","480","","","","","","","","","","","","","","","","","","","","","","","","",""
"426.723608818","2026-05-12 18:53:51.002133","/home/sc28/SC-28/1_definition/SC-28/camera.py","capture_and_detect","263","","","","","","","","","","","","","","","","","0","","","","","","","","","","","","","","","","","","","","","","","","","","","","",""
"426.727492989","2026-05-12 18:53:51.006008","/home/sc28/SC-28/1_definition/SC-28/camera.py","capture_and_detect","264","","","","","","","","","","","","","","","","122.5","","","","","","","","","","","","","","","","","","","","","","","","","","","","","",""
"426.730490805","2026-05-12 18:53:51.009010","/home/sc28/SC-28/1_definition/SC-28/camera.py","capture_and_detect","265","","","","","","","","","","","","","","","","","","306","393","","","","","","","","","","","","","","","","","","","","","","","","","","",""
"426.733484506","2026-05-12 18:53:51.012008","/home/sc28/SC-28/1_definition/SC-28/camera.py","capture_and_detect","266","","","","","","","","","","","","","","","","","","","","640","480","","","","","","","","","","","","","","","","","","","","","","","","",""
"426.788734674","2026-05-12 18:53:51.067270","/home/sc28/SC-28/1_definition/SC-28/camera.py","capture_and_detect","263","","","","","","","","","","","","","","","","","0","","","","","","","","","","","","","","","","","","","","","","","","","","","","",""
"426.792613012","2026-05-12 18:53:51.071138","/home/sc28/SC-28/1_definition/SC-28/camera.py","capture_and_detect","264","","","","","","","","","","","","","","","","104.0","","","","","","","","","","","","","","","","","","","","","","","","","","","","","",""
"426.796384215","2026-05-12 18:53:51.074905","/home/sc28/SC-28/1_definition/SC-28/camera.py","capture_and_detect","265","","","","","","","","","","","","","","","","","","278","368","","","","","","","","","","","","","","","","","","","","","","","","","","",""
"426.799476979","2026-05-12 18:53:51.077999","/home/sc28/SC-28/1_definition/SC-28/camera.py","capture_and_detect","266","","","","","","","","","","","","","","","","","","","","640","480","","","","","","","","","","","","","","","","","","","","","","","","",""
"426.851280528","2026-05-12 18:53:51.129806","/home/sc28/SC-28/1_definition/SC-28/camera.py","capture_and_detect","263","","","","","","","","","","","","","","","","","0","","","","","","","","","","","","","","","","","","","","","","","","","","","","",""
"426.855899075","2026-05-12 18:53:51.134415","/home/sc28/SC-28/1_definition/SC-28/camera.py","capture_and_detect","264","","","","","","","","","","","","","","","","26.5","","","","","","","","","","","","","","","","","","","","","","","","","","","","","",""
"426.863093615","2026-05-12 18:53:51.141625","/home/sc28/SC-28/1_definition/SC-28/camera.py","capture_and_detect","265","","","","","","","","","","","","","","","","","","259","353","","","","","","","","","","","","","","","","","","","","","","","","","","",""
"426.866641432","2026-05-12 18:53:51.145173","/home/sc28/SC-28/1_definition/SC-28/camera.py","capture_and_detect","266","","","","","","","","","","","","","","","","","","","","640","480","","","","","","","","","","","","","","","","","","","","","","","","",""
"426.920848734","2026-05-12 18:53:51.199373","/home/sc28/SC-28/1_definition/SC-28/camera.py","capture_and_detect","263","","","","","","","","","","","","","","","","","0","","","","","","","","","","","","","","","","","","","","","","","","","","","","",""
"426.924478218","2026-05-12 18:53:51.202999","/home/sc28/SC-28/1_definition/SC-28/camera.py","capture_and_detect","264","","","","","","","","","","","","","","","","0.0","","","","","","","","","","","","","","","","","","","","","","","","","","","","","",""
"426.92751119","2026-05-12 18:53:51.206032","/home/sc28/SC-28/1_definition/SC-28/camera.py","capture_and_detect","265","","","","","","","","","","","","","","","","","","320","240","","","","","","","","","","","","","","","","","","","","","","","","","","",""
"426.930698173","2026-05-12 18:53:51.209224","/home/sc28/SC-28/1_definition/SC-28/camera.py","capture_and_detect","266","","","","","","","","","","","","","","","","","","","","640","480","","","","","","","","","","","","","","","","","","","","","","","","",""
"427.000153774","2026-05-12 18:53:51.278683","/home/sc28/SC-28/1_definition/SC-28/camera.py","capture_and_detect","263","","","","","","","","","","","","","","","","","0","","","","","","","","","","","","","","","","","","","","","","","","","","","","",""
"427.004587321","2026-05-12 18:53:51.283103","/home/sc28/SC-28/1_definition/SC-28/camera.py","capture_and_detect","264","","","","","","","","","","","","","","","","21.5","","","","","","","","","","","","","","","","","","","","","","","","","","","","","",""
"427.007911491","2026-05-12 18:53:51.286439","/home/sc28/SC-28/1_definition/SC-28/camera.py","capture_and_detect","265","","","","","","","","","","","","","","","","","","278","209","","","","","","","","","","","","","","","","","","","","","","","","","","",""
"427.011166964","2026-05-12 18:53:51.289697","/home/sc28/SC-28/1_definition/SC-28/camera.py","capture_and_detect","266","","","","","","","","","","","","","","","","","","","","640","480","","","","","","","","","","","","","","","","","","","","","","","","",""
"427.063881921","2026-05-12 18:53:51.342407","/home/sc28/SC-28/1_definition/SC-28/camera.py","capture_and_detect","263","","","","","","","","","","","","","","","","","0","","","","","","","","","","","","","","","","","","","","","","","","","","","","",""
"427.071239586","2026-05-12 18:53:51.349751","/home/sc28/SC-28/1_definition/SC-28/camera.py","capture_and_detect","264","","","","","","","","","","","","","","","","179.5","","","","","","","","","","","","","","","","","","","","","","","","","","","","","",""
"427.074446621","2026-05-12 18:53:51.352969","/home/sc28/SC-28/1_definition/SC-28/camera.py","capture_and_detect","265","","","","","","","","","","","","","","","","","","293","212","","","","","","","","","","","","","","","","","","","","","","","","","","",""
"427.077453603","2026-05-12 18:53:51.355973","/home/sc28/SC-28/1_definition/SC-28/camera.py","capture_and_detect","266","","","","","","","","","","","","","","","","","","","","640","480","","","","","","","","","","","","","","","","","","","","","","","","",""
"427.126980849","2026-05-12 18:53:51.405503","/home/sc28/SC-28/1_definition/SC-28/camera.py","capture_and_detect","263","","","","","","","","","","","","","","","","","1","","","","","","","","","","","","","","","","","","","","","","","","","","","","",""
"427.130677988","2026-05-12 18:53:51.409197","/home/sc28/SC-28/1_definition/SC-28/camera.py","capture_and_detect","264","","","","","","","","","","","","","","","","986.0","","","","","","","","","","","","","","","","","","","","","","","","","","","","","",""
"427.133773981","2026-05-12 18:53:51.412303","/home/sc28/SC-28/1_definition/SC-28/camera.py","capture_and_detect","265","","","","","","","","","","","","","","","","","","280","209","","","","","","","","","","","","","","","","","","","","","","","","","","",""
"427.142193054","2026-05-12 18:53:51.420715","/home/sc28/SC-28/1_definition/SC-28/camera.py","capture_and_detect","266","","","","","","","","","","","","","","","","","","","","640","480","","","","","","","","","","","","","","","","","","","","","","","","",""
"427.196162596","2026-05-12 18:53:51.474679","/home/sc28/SC-28/1_definition/SC-28/camera.py","capture_and_detect","263","","","","","","","","","","","","","","","","","1","","","","","","","","","","","","","","","","","","","","","","","","","","","","",""
"427.199475256","2026-05-12 18:53:51.477985","/home/sc28/SC-28/1_definition/SC-28/camera.py","capture_and_detect","264","","","","","","","","","","","","","","","","1630.5","","","","","","","","","","","","","","","","","","","","","","","","","","","","","",""
"427.202438592","2026-05-12 18:53:51.480960","/home/sc28/SC-28/1_definition/SC-28/camera.py","capture_and_detect","265","","","","","","","","","","","","","","","","","","281","211","","","","","","","","","","","","","","","","","","","","","","","","","","",""
"427.205386877","2026-05-12 18:53:51.483908","/home/sc28/SC-28/1_definition/SC-28/camera.py","capture_and_detect","266","","","","","","","","","","","","","","","","","","","","640","480","","","","","","","","","","","","","","","","","","","","","","","","",""
"427.268704763","2026-05-12 18:53:51.547229","/home/sc28/SC-28/1_definition/SC-28/camera.py","capture_and_detect","263","","","","","","","","","","","","","","","","","1","","","","","","","","","","","","","","","","","","","","","","","","","","","","",""
"427.27689196","2026-05-12 18:53:51.555407","/home/sc28/SC-28/1_definition/SC-28/camera.py","capture_and_detect","264","","","","","","","","","","","","","","","","1896.5","","","","","","","","","","","","","","","","","","","","","","","","","","","","","",""
"427.280282849","2026-05-12 18:53:51.558811","/home/sc28/SC-28/1_definition/SC-28/camera.py","capture_and_detect","265","","","","","","","","","","","","","","","","","","278","217","","","","","","","","","","","","","","","","","","","","","","","","","","",""
"427.286534159","2026-05-12 18:53:51.565066","/home/sc28/SC-28/1_definition/SC-28/camera.py","capture_and_detect","266","","","","","","","","","","","","","","","","","","","","640","480","","","","","","","","","","","","","","","","","","","","","","","","",""
"427.339565158","2026-05-12 18:53:51.618087","/home/sc28/SC-28/1_definition/SC-28/camera.py","capture_and_detect","263","","","","","","","","","","","","","","","","","1","","","","","","","","","","","","","","","","","","","","","","","","","","","","",""
"427.34387433","2026-05-12 18:53:51.622387","/home/sc28/SC-28/1_definition/SC-28/camera.py","capture_and_detect","264","","","","","","","","","","","","","","","","3522.5","","","","","","","","","","","","","","","","","","","","","","","","","","","","","",""
"427.350758608","2026-05-12 18:53:51.629286","/home/sc28/SC-28/1_definition/SC-28/camera.py","capture_and_detect","265","","","","","","","","","","","","","","","","","","275","211","","","","","","","","","","","","","","","","","","","","","","","","","","",""
"427.353922258","2026-05-12 18:53:51.632445","/home/sc28/SC-28/1_definition/SC-28/camera.py","capture_and_detect","266","","","","","","","","","","","","","","","","","","","","640","480","","","","","","","","","","","","","","","","","","","","","","","","",""
"433.862630023","2026-05-12 18:53:58.141153","/home/sc28/SC-28/1_definition/SC-28/camera.py","capture_and_detect","263","","","","","","","","","","","","","","","","","1","","","","","","","","","","","","","","","","","","","","","","","","","","","","",""
"433.866537059","2026-05-12 18:53:58.145060","/home/sc28/SC-28/1_definition/SC-28/camera.py","capture_and_detect","264","","","","","","","","","","","","","","","","4633.0","","","","","","","","","","","","","","","","","","","","","","","","","","","","","",""
"433.870335762","2026-05-12 18:53:58.148868","/home/sc28/SC-28/1_definition/SC-28/camera.py","capture_and_detect","265","","","","","","","","","","","","","","","","","","277","208","","","","","","","","","","","","","","","","","","","","","","","","","","",""
"433.877677541","2026-05-12 18:53:58.156218","/home/sc28/SC-28/1_definition/SC-28/camera.py","capture_and_detect","266","","","","","","","","","","","","","","","","","","","","640","480","","","","","","","","","","","","","","","","","","","","","","","","",""
"433.947731372","2026-05-12 18:53:58.226262","/home/sc28/SC-28/1_definition/SC-28/camera.py","capture_and_detect","263","","","","","","","","","","","","","","","","","1","","","","","","","","","","","","","","","","","","","","","","","","","","","","",""
"433.951551272","2026-05-12 18:53:58.230069","/home/sc28/SC-28/1_definition/SC-28/camera.py","capture_and_detect","264","","","","","","","","","","","","","","","","2622.5","","","","","","","","","","","","","","","","","","","","","","","","","","","","","",""
"433.954975495","2026-05-12 18:53:58.233504","/home/sc28/SC-28/1_definition/SC-28/camera.py","capture_and_detect","265","","","","","","","","","","","","","","","","","","257","219","","","","","","","","","","","","","","","","","","","","","","","","","","",""
"433.958256436","2026-05-12 18:53:58.236786","/home/sc28/SC-28/1_definition/SC-28/camera.py","capture_and_detect","266","","","","","","","","","","","","","","","","","","","","640","480","","","","","","","","","","","","","","","","","","","","","","","","",""
"434.02328521","2026-05-12 18:53:58.301808","/home/sc28/SC-28/1_definition/SC-28/camera.py","capture_and_detect","263","","","","","","","","","","","","","","","","","1","","","","","","","","","","","","","","","","","","","","","","","","","","","","",""
"434.031160844","2026-05-12 18:53:58.309676","/home/sc28/SC-28/1_definition/SC-28/camera.py","capture_and_detect","264","","","","","","","","","","","","","","","","3735.5","","","","","","","","","","","","","","","","","","","","","","","","","","","","","",""
"434.035616943","2026-05-12 18:53:58.314165","/home/sc28/SC-28/1_definition/SC-28/camera.py","capture_and_detect","265","","","","","","","","","","","","","","","","","","255","224","","","","","","","","","","","","","","","","","","","","","","","","","","",""
"434.040990908","2026-05-12 18:53:58.319529","/home/sc28/SC-28/1_definition/SC-28/camera.py","capture_and_detect","266","","","","","","","","","","","","","","","","","","","","640","480","","","","","","","","","","","","","","","","","","","","","","","","",""
"434.108160256","2026-05-12 18:53:58.386685","/home/sc28/SC-28/1_definition/SC-28/camera.py","capture_and_detect","263","","","","","","","","","","","","","","","","","1","","","","","","","","","","","","","","","","","","","","","","","","","","","","",""
"434.112218959","2026-05-12 18:53:58.390743","/home/sc28/SC-28/1_definition/SC-28/camera.py","capture_and_detect","264","","","","","","","","","","","","","","","","3707.0","","","","","","","","","","","","","","","","","","","","","","","","","","","","","",""
"434.11986803","2026-05-12 18:53:58.398403","/home/sc28/SC-28/1_definition/SC-28/camera.py","capture_and_detect","265","","","","","","","","","","","","","","","","","","255","228","","","","","","","","","","","","","","","","","","","","","","","","","","",""
"434.12350866","2026-05-12 18:53:58.402041","/home/sc28/SC-28/1_definition/SC-28/camera.py","capture_and_detect","266","","","","","","","","","","","","","","","","","","","","640","480","","","","","","","","","","","","","","","","","","","","","","","","",""
"434.180581643","2026-05-12 18:53:58.459107","/home/sc28/SC-28/1_definition/SC-28/camera.py","capture_and_detect","263","","","","","","","","","","","","","","","","","1","","","","","","","","","","","","","","","","","","","","","","","","","","","","",""
"434.184059719","2026-05-12 18:53:58.462576","/home/sc28/SC-28/1_definition/SC-28/camera.py","capture_and_detect","264","","","","","","","","","","","","","","","","3805.5","","","","","","","","","","","","","","","","","","","","","","","","","","","","","",""
"434.18738264","2026-05-12 18:53:58.465910","/home/sc28/SC-28/1_definition/SC-28/camera.py","capture_and_detect","265","","","","","","","","","","","","","","","","","","257","224","","","","","","","","","","","","","","","","","","","","","","","","","","",""
"434.190769727","2026-05-12 18:53:58.469300","/home/sc28/SC-28/1_definition/SC-28/camera.py","capture_and_detect","266","","","","","","","","","","","","","","","","","","","","640","480","","","","","","","","","","","","","","","","","","","","","","","","",""
"440.556485346","2026-05-12 18:54:04.835007","/home/sc28/SC-28/1_definition/SC-28/camera.py","capture_and_detect","263","","","","","","","","","","","","","","","","","1","","","","","","","","","","","","","","","","","","","","","","","","","","","","",""
"440.560061913","2026-05-12 18:54:04.838577","/home/sc28/SC-28/1_definition/SC-28/camera.py","capture_and_detect","264","","","","","","","","","","","","","","","","3904.0","","","","","","","","","","","","","","","","","","","","","","","","","","","","","",""
"440.563090875","2026-05-12 18:54:04.841608","/home/sc28/SC-28/1_definition/SC-28/camera.py","capture_and_detect","265","","","","","","","","","","","","","","","","","","260","222","","","","","","","","","","","","","","","","","","","","","","","","","","",""
"440.566027701","2026-05-12 18:54:04.844549","/home/sc28/SC-28/1_definition/SC-28/camera.py","capture_and_detect","266","","","","","","","","","","","","","","","","","","","","640","480","","","","","","","","","","","","","","","","","","","","","","","","",""
"440.618285574","2026-05-12 18:54:04.896806","/home/sc28/SC-28/1_definition/SC-28/camera.py","capture_and_detect","263","","","","","","","","","","","","","","","","","1","","","","","","","","","","","","","","","","","","","","","","","","","","","","",""
"440.628786159","2026-05-12 18:54:04.907302","/home/sc28/SC-28/1_definition/SC-28/camera.py","capture_and_detect","264","","","","","","","","","","","","","","","","31648.5","","","","","","","","","","","","","","","","","","","","","","","","","","","","","",""
"440.634485229","2026-05-12 18:54:04.913016","/home/sc28/SC-28/1_definition/SC-28/camera.py","capture_and_detect","265","","","","","","","","","","","","","","","","","","265","218","","","","","","","","","","","","","","","","","","","","","","","","","","",""
"440.637862264","2026-05-12 18:54:04.916393","/home/sc28/SC-28/1_definition/SC-28/camera.py","capture_and_detect","266","","","","","","","","","","","","","","","","","","","","640","480","","","","","","","","","","","","","","","","","","","","","","","","",""
"440.701092025","2026-05-12 18:54:04.979621","/home/sc28/SC-28/1_definition/SC-28/camera.py","capture_and_detect","263","","","","","","","","","","","","","","","","","1","","","","","","","","","","","","","","","","","","","","","","","","","","","","",""
"440.708626565","2026-05-12 18:54:04.987149","/home/sc28/SC-28/1_definition/SC-28/camera.py","capture_and_detect","264","","","","","","","","","","","","","","","","31079.5","","","","","","","","","","","","","","","","","","","","","","","","","","","","","",""
"440.737030504","2026-05-12 18:54:05.015563","/home/sc28/SC-28/1_definition/SC-28/camera.py","capture_and_detect","265","","","","","","","","","","","","","","","","","","254","217","","","","","","","","","","","","","","","","","","","","","","","","","","",""
"440.740427799","2026-05-12 18:54:05.018958","/home/sc28/SC-28/1_definition/SC-28/camera.py","capture_and_detect","266","","","","","","","","","","","","","","","","","","","","640","480","","","","","","","","","","","","","","","","","","","","","","","","",""
"440.796841875","2026-05-12 18:54:05.075364","/home/sc28/SC-28/1_definition/SC-28/camera.py","capture_and_detect","263","","","","","","","","","","","","","","","","","1","","","","","","","","","","","","","","","","","","","","","","","","","","","","",""
"440.800430682","2026-05-12 18:54:05.078948","/home/sc28/SC-28/1_definition/SC-28/camera.py","capture_and_detect","264","","","","","","","","","","","","","","","","26198.0","","","","","","","","","","","","","","","","","","","","","","","","","","","","","",""
"440.803634123","2026-05-12 18:54:05.082158","/home/sc28/SC-28/1_definition/SC-28/camera.py","capture_and_detect","265","","","","","","","","","","","","","","","","","","247","204","","","","","","","","","","","","","","","","","","","","","","","","","","",""
"440.806802929","2026-05-12 18:54:05.085327","/home/sc28/SC-28/1_definition/SC-28/camera.py","capture_and_detect","266","","","","","","","","","","","","","","","","","","","","640","480","","","","","","","","","","","","","","","","","","","","","","","","",""
"440.85800955","2026-05-12 18:54:05.136533","/home/sc28/SC-28/1_definition/SC-28/camera.py","capture_and_detect","263","","","","","","","","","","","","","","","","","1","","","","","","","","","","","","","","","","","","","","","","","","","","","","",""
"440.866467581","2026-05-12 18:54:05.144986","/home/sc28/SC-28/1_definition/SC-28/camera.py","capture_and_detect","264","","","","","","","","","","","","","","","","21200.5","","","","","","","","","","","","","","","","","","","","","","","","","","","","","",""
"440.87039295","2026-05-12 18:54:05.148926","/home/sc28/SC-28/1_definition/SC-28/camera.py","capture_and_detect","265","","","","","","","","","","","","","","","","","","240","196","","","","","","","","","","","","","","","","","","","","","","","","","","",""
"440.87398285","2026-05-12 18:54:05.152513","/home/sc28/SC-28/1_definition/SC-28/camera.py","capture_and_detect","266","","","","","","","","","","","","","","","","","","","","640","480","","","","","","","","","","","","","","","","","","","","","","","","",""
"447.675114442","2026-05-12 18:54:11.953663","/home/sc28/SC-28/1_definition/SC-28/camera.py","capture_and_detect","263","","","","","","","","","","","","","","","","","1","","","","","","","","","","","","","","","","","","","","","","","","","","","","",""
"447.971640984","2026-05-12 18:54:12.250163","/home/sc28/SC-28/1_definition/SC-28/camera.py","capture_and_detect","264","","","","","","","","","","","","","","","","11380.0","","","","","","","","","","","","","","","","","","","","","","","","","","","","","",""
"448.259435225","2026-05-12 18:54:12.537962","/home/sc28/SC-28/1_definition/SC-28/camera.py","capture_and_detect","265","","","","","","","","","","","","","","","","","","373","240","","","","","","","","","","","","","","","","","","","","","","","","","","",""
"448.552030044","2026-05-12 18:54:12.830556","/home/sc28/SC-28/1_definition/SC-28/camera.py","capture_and_detect","266","","","","","","","","","","","","","","","","","","","","640","480","","","","","","","","","","","","","","","","","","","","","","","","",""
"448.891687365","2026-05-12 18:54:13.170218","/home/sc28/SC-28/1_definition/SC-28/camera.py","capture_and_detect","263","","","","","","","","","","","","","","","","","0","","","","","","","","","","","","","","","","","","","","","","","","","","","","",""
"449.18399135","2026-05-12 18:54:13.462554","/home/sc28/SC-28/1_definition/SC-28/camera.py","capture_and_detect","264","","","","","","","","","","","","","","","","0.0","","","","","","","","","","","","","","","","","","","","","","","","","","","","","",""
"449.290591578","2026-05-12 18:54:13.569131","/home/sc28/SC-28/1_definition/SC-28/camera.py","capture_and_detect","265","","","","","","","","","","","","","","","","","","320","240","","","","","","","","","","","","","","","","","","","","","","","","","","",""
"449.365880415","2026-05-12 18:54:13.644409","/home/sc28/SC-28/1_definition/SC-28/camera.py","capture_and_detect","266","","","","","","","","","","","","","","","","","","","","640","480","","","","","","","","","","","","","","","","","","","","","","","","",""
"449.485365762","2026-05-12 18:54:13.763892","/home/sc28/SC-28/1_definition/SC-28/camera.py","capture_and_detect","263","","","","","","","","","","","","","","","","","0","","","","","","","","","","","","","","","","","","","","","","","","","","","","",""
"449.563419811","2026-05-12 18:54:13.841943","/home/sc28/SC-28/1_definition/SC-28/camera.py","capture_and_detect","264","","","","","","","","","","","","","","","","0.0","","","","","","","","","","","","","","","","","","","","","","","","","","","","","",""
"449.639219066","2026-05-12 18:54:13.917750","/home/sc28/SC-28/1_definition/SC-28/camera.py","capture_and_detect","265","","","","","","","","","","","","","","","","","","320","240","","","","","","","","","","","","","","","","","","","","","","","","","","",""
"449.662346593","2026-05-12 18:54:13.940874","/home/sc28/SC-28/1_definition/SC-28/camera.py","capture_and_detect","266","","","","","","","","","","","","","","","","","","","","640","480","","","","","","","","","","","","","","","","","","","","","","","","",""
"449.721156192","2026-05-12 18:54:13.999685","/home/sc28/SC-28/1_definition/SC-28/camera.py","capture_and_detect","263","","","","","","","","","","","","","","","","","0","","","","","","","","","","","","","","","","","","","","","","","","","","","","",""
"449.725087447","2026-05-12 18:54:14.003613","/home/sc28/SC-28/1_definition/SC-28/camera.py","capture_and_detect","264","","","","","","","","","","","","","","","","0.0","","","","","","","","","","","","","","","","","","","","","","","","","","","","","",""
"449.728830472","2026-05-12 18:54:14.007361","/home/sc28/SC-28/1_definition/SC-28/camera.py","capture_and_detect","265","","","","","","","","","","","","","","","","","","320","240","","","","","","","","","","","","","","","","","","","","","","","","","","",""
"449.73233183","2026-05-12 18:54:14.010865","/home/sc28/SC-28/1_definition/SC-28/camera.py","capture_and_detect","266","","","","","","","","","","","","","","","","","","","","640","480","","","","","","","","","","","","","","","","","","","","","","","","",""
"449.783006472","2026-05-12 18:54:14.061536","/home/sc28/SC-28/1_definition/SC-28/camera.py","capture_and_detect","263","","","","","","","","","","","","","","","","","0","","","","","","","","","","","","","","","","","","","","","","","","","","","","",""
"449.786961893","2026-05-12 18:54:14.065485","/home/sc28/SC-28/1_definition/SC-28/camera.py","capture_and_detect","264","","","","","","","","","","","","","","","","0.0","","","","","","","","","","","","","","","","","","","","","","","","","","","","","",""
"449.794756903","2026-05-12 18:54:14.073284","/home/sc28/SC-28/1_definition/SC-28/camera.py","capture_and_detect","265","","","","","","","","","","","","","","","","","","320","240","","","","","","","","","","","","","","","","","","","","","","","","","","",""
"449.797761906","2026-05-12 18:54:14.076285","/home/sc28/SC-28/1_definition/SC-28/camera.py","capture_and_detect","266","","","","","","","","","","","","","","","","","","","","640","480","","","","","","","","","","","","","","","","","","","","","","","","",""
"449.842546645","2026-05-12 18:54:14.121072","/home/sc28/SC-28/1_definition/SC-28/camera.py","capture_and_detect","263","","","","","","","","","","","","","","","","","0","","","","","","","","","","","","","","","","","","","","","","","","","","","","",""
"449.846395035","2026-05-12 18:54:14.124911","/home/sc28/SC-28/1_definition/SC-28/camera.py","capture_and_detect","264","","","","","","","","","","","","","","","","0.0","","","","","","","","","","","","","","","","","","","","","","","","","","","","","",""
"449.849547174","2026-05-12 18:54:14.128073","/home/sc28/SC-28/1_definition/SC-28/camera.py","capture_and_detect","265","","","","","","","","","","","","","","","","","","320","240","","","","","","","","","","","","","","","","","","","","","","","","","","",""
"449.856153797","2026-05-12 18:54:14.134680","/home/sc28/SC-28/1_definition/SC-28/camera.py","capture_and_detect","266","","","","","","","","","","","","","","","","","","","","640","480","","","","","","","","","","","","","","","","","","","","","","","","",""
"449.905161562","2026-05-12 18:54:14.183702","/home/sc28/SC-28/1_definition/SC-28/camera.py","capture_and_detect","263","","","","","","","","","","","","","","","","","0","","","","","","","","","","","","","","","","","","","","","","","","","","","","",""
"449.911037871","2026-05-12 18:54:14.189569","/home/sc28/SC-28/1_definition/SC-28/camera.py","capture_and_detect","264","","","","","","","","","","","","","","","","0.0","","","","","","","","","","","","","","","","","","","","","","","","","","","","","",""
"449.914740219","2026-05-12 18:54:14.193268","/home/sc28/SC-28/1_definition/SC-28/camera.py","capture_and_detect","265","","","","","","","","","","","","","","","","","","320","240","","","","","","","","","","","","","","","","","","","","","","","","","","",""
"449.918135223","2026-05-12 18:54:14.196663","/home/sc28/SC-28/1_definition/SC-28/camera.py","capture_and_detect","266","","","","","","","","","","","","","","","","","","","","640","480","","","","","","","","","","","","","","","","","","","","","","","","",""
"449.968056322","2026-05-12 18:54:14.246585","/home/sc28/SC-28/1_definition/SC-28/camera.py","capture_and_detect","263","","","","","","","","","","","","","","","","","0","","","","","","","","","","","","","","","","","","","","","","","","","","","","",""
"449.975073726","2026-05-12 18:54:14.253594","/home/sc28/SC-28/1_definition/SC-28/camera.py","capture_and_detect","264","","","","","","","","","","","","","","","","0.0","","","","","","","","","","","","","","","","","","","","","","","","","","","","","",""
"449.978134772","2026-05-12 18:54:14.256657","/home/sc28/SC-28/1_definition/SC-28/camera.py","capture_and_detect","265","","","","","","","","","","","","","","","","","","320","240","","","","","","","","","","","","","","","","","","","","","","","","","","",""
"449.981084619","2026-05-12 18:54:14.259605","/home/sc28/SC-28/1_definition/SC-28/camera.py","capture_and_detect","266","","","","","","","","","","","","","","","","","","","","640","480","","","","","","","","","","","","","","","","","","","","","","","","",""
"450.025317066","2026-05-12 18:54:14.303841","/home/sc28/SC-28/1_definition/SC-28/camera.py","capture_and_detect","263","","","","","","","","","","","","","","","","","0","","","","","","","","","","","","","","","","","","","","","","","","","","","","",""
"450.03093551","2026-05-12 18:54:14.309456","/home/sc28/SC-28/1_definition/SC-28/camera.py","capture_and_detect","264","","","","","","","","","","","","","","","","0.0","","","","","","","","","","","","","","","","","","","","","","","","","","","","","",""
"450.037569841","2026-05-12 18:54:14.316093","/home/sc28/SC-28/1_definition/SC-28/camera.py","capture_and_detect","265","","","","","","","","","","","","","","","","","","320","240","","","","","","","","","","","","","","","","","","","","","","","","","","",""
"450.04063573","2026-05-12 18:54:14.319156","/home/sc28/SC-28/1_definition/SC-28/camera.py","capture_and_detect","266","","","","","","","","","","","","","","","","","","","","640","480","","","","","","","","","","","","","","","","","","","","","","","","",""
"450.08479276","2026-05-12 18:54:14.363328","/home/sc28/SC-28/1_definition/SC-28/camera.py","capture_and_detect","263","","","","","","","","","","","","","","","","","0","","","","","","","","","","","","","","","","","","","","","","","","","","","","",""
"450.088892244","2026-05-12 18:54:14.367434","/home/sc28/SC-28/1_definition/SC-28/camera.py","capture_and_detect","264","","","","","","","","","","","","","","","","0.0","","","","","","","","","","","","","","","","","","","","","","","","","","","","","",""
"450.093347562","2026-05-12 18:54:14.371877","/home/sc28/SC-28/1_definition/SC-28/camera.py","capture_and_detect","265","","","","","","","","","","","","","","","","","","320","240","","","","","","","","","","","","","","","","","","","","","","","","","","",""
"450.09704892","2026-05-12 18:54:14.375580","/home/sc28/SC-28/1_definition/SC-28/camera.py","capture_and_detect","266","","","","","","","","","","","","","","","","","","","","640","480","","","","","","","","","","","","","","","","","","","","","","","","",""
"450.148605022","2026-05-12 18:54:14.427138","/home/sc28/SC-28/1_definition/SC-28/camera.py","capture_and_detect","263","","","","","","","","","","","","","","","","","0","","","","","","","","","","","","","","","","","","","","","","","","","","","","",""
"450.152747995","2026-05-12 18:54:14.431281","/home/sc28/SC-28/1_definition/SC-28/camera.py","capture_and_detect","264","","","","","","","","","","","","","","","","0.0","","","","","","","","","","","","","","","","","","","","","","","","","","","","","",""
"450.156992323","2026-05-12 18:54:14.435520","/home/sc28/SC-28/1_definition/SC-28/camera.py","capture_and_detect","265","","","","","","","","","","","","","","","","","","320","240","","","","","","","","","","","","","","","","","","","","","","","","","","",""
"450.160535296","2026-05-12 18:54:14.439065","/home/sc28/SC-28/1_definition/SC-28/camera.py","capture_and_detect","266","","","","","","","","","","","","","","","","","","","","640","480","","","","","","","","","","","","","","","","","","","","","","","","",""
"450.206278318","2026-05-12 18:54:14.484801","/home/sc28/SC-28/1_definition/SC-28/camera.py","capture_and_detect","263","","","","","","","","","","","","","","","","","0","","","","","","","","","","","","","","","","","","","","","","","","","","","","",""
"450.210012801","2026-05-12 18:54:14.488530","/home/sc28/SC-28/1_definition/SC-28/camera.py","capture_and_detect","264","","","","","","","","","","","","","","","","0.0","","","","","","","","","","","","","","","","","","","","","","","","","","","","","",""
"450.216797028","2026-05-12 18:54:14.495328","/home/sc28/SC-28/1_definition/SC-28/camera.py","capture_and_detect","265","","","","","","","","","","","","","","","","","","320","240","","","","","","","","","","","","","","","","","","","","","","","","","","",""
"450.221643648","2026-05-12 18:54:14.500170","/home/sc28/SC-28/1_definition/SC-28/camera.py","capture_and_detect","266","","","","","","","","","","","","","","","","","","","","640","480","","","","","","","","","","","","","","","","","","","","","","","","",""
"450.265502188","2026-05-12 18:54:14.544027","/home/sc28/SC-28/1_definition/SC-28/camera.py","capture_and_detect","263","","","","","","","","","","","","","","","","","0","","","","","","","","","","","","","","","","","","","","","","","","","","","","",""
"450.270225267","2026-05-12 18:54:14.548747","/home/sc28/SC-28/1_definition/SC-28/camera.py","capture_and_detect","264","","","","","","","","","","","","","","","","0.0","","","","","","","","","","","","","","","","","","","","","","","","","","","","","",""
"450.273261989","2026-05-12 18:54:14.551784","/home/sc28/SC-28/1_definition/SC-28/camera.py","capture_and_detect","265","","","","","","","","","","","","","","","","","","320","240","","","","","","","","","","","","","","","","","","","","","","","","","","",""
"450.28013908","2026-05-12 18:54:14.558672","/home/sc28/SC-28/1_definition/SC-28/camera.py","capture_and_detect","266","","","","","","","","","","","","","","","","","","","","640","480","","","","","","","","","","","","","","","","","","","","","","","","",""
"450.326985593","2026-05-12 18:54:14.605517","/home/sc28/SC-28/1_definition/SC-28/camera.py","capture_and_detect","263","","","","","","","","","","","","","","","","","0","","","","","","","","","","","","","","","","","","","","","","","","","","","","",""
"450.33097966","2026-05-12 18:54:14.609504","/home/sc28/SC-28/1_definition/SC-28/camera.py","capture_and_detect","264","","","","","","","","","","","","","","","","0.0","","","","","","","","","","","","","","","","","","","","","","","","","","","","","",""
"450.33450805","2026-05-12 18:54:14.613038","/home/sc28/SC-28/1_definition/SC-28/camera.py","capture_and_detect","265","","","","","","","","","","","","","","","","","","320","240","","","","","","","","","","","","","","","","","","","","","","","","","","",""
"450.338997482","2026-05-12 18:54:14.617533","/home/sc28/SC-28/1_definition/SC-28/camera.py","capture_and_detect","266","","","","","","","","","","","","","","","","","","","","640","480","","","","","","","","","","","","","","","","","","","","","","","","",""
"450.388152643","2026-05-12 18:54:14.666707","/home/sc28/SC-28/1_definition/SC-28/camera.py","capture_and_detect","263","","","","","","","","","","","","","","","","","0","","","","","","","","","","","","","","","","","","","","","","","","","","","","",""
"450.395274266","2026-05-12 18:54:14.673798","/home/sc28/SC-28/1_definition/SC-28/camera.py","capture_and_detect","264","","","","","","","","","","","","","","","","0.0","","","","","","","","","","","","","","","","","","","","","","","","","","","","","",""
"450.398339947","2026-05-12 18:54:14.676859","/home/sc28/SC-28/1_definition/SC-28/camera.py","capture_and_detect","265","","","","","","","","","","","","","","","","","","320","240","","","","","","","","","","","","","","","","","","","","","","","","","","",""
"450.40170068","2026-05-12 18:54:14.680228","/home/sc28/SC-28/1_definition/SC-28/camera.py","capture_and_detect","266","","","","","","","","","","","","","","","","","","","","640","480","","","","","","","","","","","","","","","","","","","","","","","","",""
"450.446254065","2026-05-12 18:54:14.724774","/home/sc28/SC-28/1_definition/SC-28/camera.py","capture_and_detect","263","","","","","","","","","","","","","","","","","0","","","","","","","","","","","","","","","","","","","","","","","","","","","","",""
"450.450015476","2026-05-12 18:54:14.728539","/home/sc28/SC-28/1_definition/SC-28/camera.py","capture_and_detect","264","","","","","","","","","","","","","","","","0.0","","","","","","","","","","","","","","","","","","","","","","","","","","","","","",""
"450.453108865","2026-05-12 18:54:14.731630","/home/sc28/SC-28/1_definition/SC-28/camera.py","capture_and_detect","265","","","","","","","","","","","","","","","","","","320","240","","","","","","","","","","","","","","","","","","","","","","","","","","",""
"450.459634133","2026-05-12 18:54:14.738156","/home/sc28/SC-28/1_definition/SC-28/camera.py","capture_and_detect","266","","","","","","","","","","","","","","","","","","","","640","480","","","","","","","","","","","","","","","","","","","","","","","","",""
"450.503953871","2026-05-12 18:54:14.782478","/home/sc28/SC-28/1_definition/SC-28/camera.py","capture_and_detect","263","","","","","","","","","","","","","","","","","0","","","","","","","","","","","","","","","","","","","","","","","","","","","","",""
"450.508920231","2026-05-12 18:54:14.787433","/home/sc28/SC-28/1_definition/SC-28/camera.py","capture_and_detect","264","","","","","","","","","","","","","","","","129.5","","","","","","","","","","","","","","","","","","","","","","","","","","","","","",""
"450.512066589","2026-05-12 18:54:14.790591","/home/sc28/SC-28/1_definition/SC-28/camera.py","capture_and_detect","265","","","","","","","","","","","","","","","","","","275","410","","","","","","","","","","","","","","","","","","","","","","","","","","",""
"450.515081072","2026-05-12 18:54:14.793599","/home/sc28/SC-28/1_definition/SC-28/camera.py","capture_and_detect","266","","","","","","","","","","","","","","","","","","","","640","480","","","","","","","","","","","","","","","","","","","","","","","","",""
"450.566833632","2026-05-12 18:54:14.845362","/home/sc28/SC-28/1_definition/SC-28/camera.py","capture_and_detect","263","","","","","","","","","","","","","","","","","0","","","","","","","","","","","","","","","","","","","","","","","","","","","","",""
"450.571859679","2026-05-12 18:54:14.850383","/home/sc28/SC-28/1_definition/SC-28/camera.py","capture_and_detect","264","","","","","","","","","","","","","","","","53.0","","","","","","","","","","","","","","","","","","","","","","","","","","","","","",""
"450.575488225","2026-05-12 18:54:14.854020","/home/sc28/SC-28/1_definition/SC-28/camera.py","capture_and_detect","265","","","","","","","","","","","","","","","","","","294","415","","","","","","","","","","","","","","","","","","","","","","","","","","",""
"450.579069167","2026-05-12 18:54:14.857599","/home/sc28/SC-28/1_definition/SC-28/camera.py","capture_and_detect","266","","","","","","","","","","","","","","","","","","","","640","480","","","","","","","","","","","","","","","","","","","","","","","","",""
"450.62724266","2026-05-12 18:54:14.905770","/home/sc28/SC-28/1_definition/SC-28/camera.py","capture_and_detect","263","","","","","","","","","","","","","","","","","0","","","","","","","","","","","","","","","","","","","","","","","","","","","","",""
"450.630970633","2026-05-12 18:54:14.909492","/home/sc28/SC-28/1_definition/SC-28/camera.py","capture_and_detect","264","","","","","","","","","","","","","","","","188.0","","","","","","","","","","","","","","","","","","","","","","","","","","","","","",""
"450.638042517","2026-05-12 18:54:14.916571","/home/sc28/SC-28/1_definition/SC-28/camera.py","capture_and_detect","265","","","","","","","","","","","","","","","","","","297","405","","","","","","","","","","","","","","","","","","","","","","","","","","",""
"450.641416062","2026-05-12 18:54:14.919946","/home/sc28/SC-28/1_definition/SC-28/camera.py","capture_and_detect","266","","","","","","","","","","","","","","","","","","","","640","480","","","","","","","","","","","","","","","","","","","","","","","","",""
"450.691441172","2026-05-12 18:54:14.969966","/home/sc28/SC-28/1_definition/SC-28/camera.py","capture_and_detect","263","","","","","","","","","","","","","","","","","0","","","","","","","","","","","","","","","","","","","","","","","","","","","","",""
"450.694788468","2026-05-12 18:54:14.973304","/home/sc28/SC-28/1_definition/SC-28/camera.py","capture_and_detect","264","","","","","","","","","","","","","","","","156.0","","","","","","","","","","","","","","","","","","","","","","","","","","","","","",""
"450.69774894","2026-05-12 18:54:14.976269","/home/sc28/SC-28/1_definition/SC-28/camera.py","capture_and_detect","265","","","","","","","","","","","","","","","","","","296","407","","","","","","","","","","","","","","","","","","","","","","","","","","",""
"450.701056288","2026-05-12 18:54:14.979590","/home/sc28/SC-28/1_definition/SC-28/camera.py","capture_and_detect","266","","","","","","","","","","","","","","","","","","","","640","480","","","","","","","","","","","","","","","","","","","","","","","","",""
