time,date,file,func,line,serious_error,error,warning,msg,format_exception,phase,gnss_time,lat,lon,alt,alt_base_press,goal_lat,goal_lon,temp,press,camera_area,camera_order,camera_center_x,camera_center_y,camera_frame_size_x,camera_frame_size_y,motor_l,motor_r,goal_relative_x,goal_relative_y,goal_relative_angle_rad,goal_distance,accel_all_x,accel_all_y,accel_all_z,accel_line_x,accel_line_y,accel_line_z,mag_x,mag_y,mag_z,gyro_x,gyro_y,gyro_z,grav_x,grav_y,grav_z,euler_x,euler_y,euler_z,nmea
"838.71852573","2026-05-12 19:18:19.589136","/home/sc28/SC-28/1_definition/SC-28/camera.py","capture_and_detect","263","","","","","","","","","","","","","","","","","0","","","","","","","","","","","","","","","","","","","","","","","","","","","","",""
"838.729515497","2026-05-12 19:18:19.599659","/home/sc28/SC-28/1_definition/SC-28/camera.py","capture_and_detect","264","","","","","","","","","","","","","","","","37.0","","","","","","","","","","","","","","","","","","","","","","","","","","","","","",""
"838.733521999","2026-05-12 19:18:19.603671","/home/sc28/SC-28/1_definition/SC-28/camera.py","capture_and_detect","265","","","","","","","","","","","","","","","","","","37","264","","","","","","","","","","","","","","","","","","","","","","","","","","",""
"838.740477244","2026-05-12 19:18:19.610624","/home/sc28/SC-28/1_definition/SC-28/camera.py","capture_and_detect","266","","","","","","","","","","","","","","","","","","","","640","480","","","","","","","","","","","","","","","","","","","","","","","","",""
"840.416512631","2026-05-12 19:18:21.286658","/home/sc28/SC-28/1_definition/SC-28/camera.py","capture_and_detect","263","","","","","","","","","","","","","","","","","0","","","","","","","","","","","","","","","","","","","","","","","","","","","","",""
"840.419706375","2026-05-12 19:18:21.289840","/home/sc28/SC-28/1_definition/SC-28/camera.py","capture_and_detect","264","","","","","","","","","","","","","","","","50.5","","","","","","","","","","","","","","","","","","","","","","","","","","","","","",""
"840.422621525","2026-05-12 19:18:21.292763","/home/sc28/SC-28/1_definition/SC-28/camera.py","capture_and_detect","265","","","","","","","","","","","","","","","","","","38","263","","","","","","","","","","","","","","","","","","","","","","","","","","",""
"840.425415633","2026-05-12 19:18:21.295560","/home/sc28/SC-28/1_definition/SC-28/camera.py","capture_and_detect","266","","","","","","","","","","","","","","","","","","","","640","480","","","","","","","","","","","","","","","","","","","","","","","","",""
"840.993445782","2026-05-12 19:18:21.863590","/home/sc28/SC-28/1_definition/SC-28/camera.py","capture_and_detect","263","","","","","","","","","","","","","","","","","0","","","","","","","","","","","","","","","","","","","","","","","","","","","","",""
"841.000538736","2026-05-12 19:18:21.870675","/home/sc28/SC-28/1_definition/SC-28/camera.py","capture_and_detect","264","","","","","","","","","","","","","","","","54.5","","","","","","","","","","","","","","","","","","","","","","","","","","","","","",""
"841.004096385","2026-05-12 19:18:21.874244","/home/sc28/SC-28/1_definition/SC-28/camera.py","capture_and_detect","265","","","","","","","","","","","","","","","","","","37","263","","","","","","","","","","","","","","","","","","","","","","","","","","",""
"841.007554294","2026-05-12 19:18:21.877701","/home/sc28/SC-28/1_definition/SC-28/camera.py","capture_and_detect","266","","","","","","","","","","","","","","","","","","","","640","480","","","","","","","","","","","","","","","","","","","","","","","","",""
"841.58067273","2026-05-12 19:18:22.450818","/home/sc28/SC-28/1_definition/SC-28/camera.py","capture_and_detect","263","","","","","","","","","","","","","","","","","0","","","","","","","","","","","","","","","","","","","","","","","","","","","","",""
"841.586587614","2026-05-12 19:18:22.456730","/home/sc28/SC-28/1_definition/SC-28/camera.py","capture_and_detect","264","","","","","","","","","","","","","","","","61.0","","","","","","","","","","","","","","","","","","","","","","","","","","","","","",""
"841.591008333","2026-05-12 19:18:22.461156","/home/sc28/SC-28/1_definition/SC-28/camera.py","capture_and_detect","265","","","","","","","","","","","","","","","","","","37","263","","","","","","","","","","","","","","","","","","","","","","","","","","",""
"841.59785858","2026-05-12 19:18:22.468009","/home/sc28/SC-28/1_definition/SC-28/camera.py","capture_and_detect","266","","","","","","","","","","","","","","","","","","","","640","480","","","","","","","","","","","","","","","","","","","","","","","","",""
"842.164648233","2026-05-12 19:18:23.034792","/home/sc28/SC-28/1_definition/SC-28/camera.py","capture_and_detect","263","","","","","","","","","","","","","","","","","0","","","","","","","","","","","","","","","","","","","","","","","","","","","","",""
"842.167978382","2026-05-12 19:18:23.038116","/home/sc28/SC-28/1_definition/SC-28/camera.py","capture_and_detect","264","","","","","","","","","","","","","","","","64.0","","","","","","","","","","","","","","","","","","","","","","","","","","","","","",""
"842.17084822","2026-05-12 19:18:23.040987","/home/sc28/SC-28/1_definition/SC-28/camera.py","capture_and_detect","265","","","","","","","","","","","","","","","","","","37","263","","","","","","","","","","","","","","","","","","","","","","","","","","",""
"842.173631027","2026-05-12 19:18:23.043773","/home/sc28/SC-28/1_definition/SC-28/camera.py","capture_and_detect","266","","","","","","","","","","","","","","","","","","","","640","480","","","","","","","","","","","","","","","","","","","","","","","","",""
"842.746535635","2026-05-12 19:18:23.616680","/home/sc28/SC-28/1_definition/SC-28/camera.py","capture_and_detect","263","","","","","","","","","","","","","","","","","0","","","","","","","","","","","","","","","","","","","","","","","","","","","","",""
"842.753536298","2026-05-12 19:18:23.623677","/home/sc28/SC-28/1_definition/SC-28/camera.py","capture_and_detect","264","","","","","","","","","","","","","","","","61.0","","","","","","","","","","","","","","","","","","","","","","","","","","","","","",""
"842.75707202","2026-05-12 19:18:23.627228","/home/sc28/SC-28/1_definition/SC-28/camera.py","capture_and_detect","265","","","","","","","","","","","","","","","","","","37","263","","","","","","","","","","","","","","","","","","","","","","","","","","",""
"842.760937637","2026-05-12 19:18:23.631085","/home/sc28/SC-28/1_definition/SC-28/camera.py","capture_and_detect","266","","","","","","","","","","","","","","","","","","","","640","480","","","","","","","","","","","","","","","","","","","","","","","","",""
"843.330573561","2026-05-12 19:18:24.200713","/home/sc28/SC-28/1_definition/SC-28/camera.py","capture_and_detect","263","","","","","","","","","","","","","","","","","0","","","","","","","","","","","","","","","","","","","","","","","","","","","","",""
"843.333919752","2026-05-12 19:18:24.204060","/home/sc28/SC-28/1_definition/SC-28/camera.py","capture_and_detect","264","","","","","","","","","","","","","","","","51.0","","","","","","","","","","","","","","","","","","","","","","","","","","","","","",""
"843.340319843","2026-05-12 19:18:24.210465","/home/sc28/SC-28/1_definition/SC-28/camera.py","capture_and_detect","265","","","","","","","","","","","","","","","","","","38","263","","","","","","","","","","","","","","","","","","","","","","","","","","",""
"843.34314166","2026-05-12 19:18:24.213281","/home/sc28/SC-28/1_definition/SC-28/camera.py","capture_and_detect","266","","","","","","","","","","","","","","","","","","","","640","480","","","","","","","","","","","","","","","","","","","","","","","","",""
"843.911313747","2026-05-12 19:18:24.781460","/home/sc28/SC-28/1_definition/SC-28/camera.py","capture_and_detect","263","","","","","","","","","","","","","","","","","0","","","","","","","","","","","","","","","","","","","","","","","","","","","","",""
"843.91462124","2026-05-12 19:18:24.784759","/home/sc28/SC-28/1_definition/SC-28/camera.py","capture_and_detect","264","","","","","","","","","","","","","","","","64.0","","","","","","","","","","","","","","","","","","","","","","","","","","","","","",""
"843.920252791","2026-05-12 19:18:24.790401","/home/sc28/SC-28/1_definition/SC-28/camera.py","capture_and_detect","265","","","","","","","","","","","","","","","","","","37","263","","","","","","","","","","","","","","","","","","","","","","","","","","",""
"843.936958175","2026-05-12 19:18:24.807106","/home/sc28/SC-28/1_definition/SC-28/camera.py","capture_and_detect","266","","","","","","","","","","","","","","","","","","","","640","480","","","","","","","","","","","","","","","","","","","","","","","","",""
"844.5175765","2026-05-12 19:18:25.387727","/home/sc28/SC-28/1_definition/SC-28/camera.py","capture_and_detect","263","","","","","","","","","","","","","","","","","0","","","","","","","","","","","","","","","","","","","","","","","","","","","","",""
"844.521501076","2026-05-12 19:18:25.391642","/home/sc28/SC-28/1_definition/SC-28/camera.py","capture_and_detect","264","","","","","","","","","","","","","","","","62.0","","","","","","","","","","","","","","","","","","","","","","","","","","","","","",""
"844.524527268","2026-05-12 19:18:25.394672","/home/sc28/SC-28/1_definition/SC-28/camera.py","capture_and_detect","265","","","","","","","","","","","","","","","","","","38","263","","","","","","","","","","","","","","","","","","","","","","","","","","",""
"844.52748096","2026-05-12 19:18:25.397623","/home/sc28/SC-28/1_definition/SC-28/camera.py","capture_and_detect","266","","","","","","","","","","","","","","","","","","","","640","480","","","","","","","","","","","","","","","","","","","","","","","","",""
"845.104924142","2026-05-12 19:18:25.975077","/home/sc28/SC-28/1_definition/SC-28/camera.py","capture_and_detect","263","","","","","","","","","","","","","","","","","0","","","","","","","","","","","","","","","","","","","","","","","","","","","","",""
"845.133113149","2026-05-12 19:18:26.003257","/home/sc28/SC-28/1_definition/SC-28/camera.py","capture_and_detect","264","","","","","","","","","","","","","","","","63.0","","","","","","","","","","","","","","","","","","","","","","","","","","","","","",""
"845.137621265","2026-05-12 19:18:26.007785","/home/sc28/SC-28/1_definition/SC-28/camera.py","capture_and_detect","265","","","","","","","","","","","","","","","","","","37","263","","","","","","","","","","","","","","","","","","","","","","","","","","",""
"845.14186183","2026-05-12 19:18:26.012010","/home/sc28/SC-28/1_definition/SC-28/camera.py","capture_and_detect","266","","","","","","","","","","","","","","","","","","","","640","480","","","","","","","","","","","","","","","","","","","","","","","","",""
"845.725790958","2026-05-12 19:18:26.595940","/home/sc28/SC-28/1_definition/SC-28/camera.py","capture_and_detect","263","","","","","","","","","","","","","","","","","0","","","","","","","","","","","","","","","","","","","","","","","","","","","","",""
"845.729653034","2026-05-12 19:18:26.599791","/home/sc28/SC-28/1_definition/SC-28/camera.py","capture_and_detect","264","","","","","","","","","","","","","","","","61.5","","","","","","","","","","","","","","","","","","","","","","","","","","","","","",""
"845.733057819","2026-05-12 19:18:26.603233","/home/sc28/SC-28/1_definition/SC-28/camera.py","capture_and_detect","265","","","","","","","","","","","","","","","","","","37","263","","","","","","","","","","","","","","","","","","","","","","","","","","",""
"845.740712648","2026-05-12 19:18:26.610864","/home/sc28/SC-28/1_definition/SC-28/camera.py","capture_and_detect","266","","","","","","","","","","","","","","","","","","","","640","480","","","","","","","","","","","","","","","","","","","","","","","","",""
"846.322991839","2026-05-12 19:18:27.193140","/home/sc28/SC-28/1_definition/SC-28/camera.py","capture_and_detect","263","","","","","","","","","","","","","","","","","0","","","","","","","","","","","","","","","","","","","","","","","","","","","","",""
"846.326949123","2026-05-12 19:18:27.197094","/home/sc28/SC-28/1_definition/SC-28/camera.py","capture_and_detect","264","","","","","","","","","","","","","","","","63.0","","","","","","","","","","","","","","","","","","","","","","","","","","","","","",""
"846.332385154","2026-05-12 19:18:27.202536","/home/sc28/SC-28/1_definition/SC-28/camera.py","capture_and_detect","265","","","","","","","","","","","","","","","","","","37","263","","","","","","","","","","","","","","","","","","","","","","","","","","",""
"846.337030301","2026-05-12 19:18:27.207185","/home/sc28/SC-28/1_definition/SC-28/camera.py","capture_and_detect","266","","","","","","","","","","","","","","","","","","","","640","480","","","","","","","","","","","","","","","","","","","","","","","","",""
"846.921432002","2026-05-12 19:18:27.791575","/home/sc28/SC-28/1_definition/SC-28/camera.py","capture_and_detect","263","","","","","","","","","","","","","","","","","0","","","","","","","","","","","","","","","","","","","","","","","","","","","","",""
"846.928206833","2026-05-12 19:18:27.798346","/home/sc28/SC-28/1_definition/SC-28/camera.py","capture_and_detect","264","","","","","","","","","","","","","","","","69.0","","","","","","","","","","","","","","","","","","","","","","","","","","","","","",""
"846.931088181","2026-05-12 19:18:27.801229","/home/sc28/SC-28/1_definition/SC-28/camera.py","capture_and_detect","265","","","","","","","","","","","","","","","","","","37","263","","","","","","","","","","","","","","","","","","","","","","","","","","",""
"846.93397427","2026-05-12 19:18:27.804119","/home/sc28/SC-28/1_definition/SC-28/camera.py","capture_and_detect","266","","","","","","","","","","","","","","","","","","","","640","480","","","","","","","","","","","","","","","","","","","","","","","","",""
"847.499283155","2026-05-12 19:18:28.369427","/home/sc28/SC-28/1_definition/SC-28/camera.py","capture_and_detect","263","","","","","","","","","","","","","","","","","0","","","","","","","","","","","","","","","","","","","","","","","","","","","","",""
"847.5027382","2026-05-12 19:18:28.372877","/home/sc28/SC-28/1_definition/SC-28/camera.py","capture_and_detect","264","","","","","","","","","","","","","","","","63.0","","","","","","","","","","","","","","","","","","","","","","","","","","","","","",""
"847.505774913","2026-05-12 19:18:28.375919","/home/sc28/SC-28/1_definition/SC-28/camera.py","capture_and_detect","265","","","","","","","","","","","","","","","","","","37","263","","","","","","","","","","","","","","","","","","","","","","","","","","",""
"847.512207141","2026-05-12 19:18:28.382351","/home/sc28/SC-28/1_definition/SC-28/camera.py","capture_and_detect","266","","","","","","","","","","","","","","","","","","","","640","480","","","","","","","","","","","","","","","","","","","","","","","","",""
"848.080222903","2026-05-12 19:18:28.950368","/home/sc28/SC-28/1_definition/SC-28/camera.py","capture_and_detect","263","","","","","","","","","","","","","","","","","0","","","","","","","","","","","","","","","","","","","","","","","","","","","","",""
"848.083759094","2026-05-12 19:18:28.953898","/home/sc28/SC-28/1_definition/SC-28/camera.py","capture_and_detect","264","","","","","","","","","","","","","","","","63.5","","","","","","","","","","","","","","","","","","","","","","","","","","","","","",""
"848.086967265","2026-05-12 19:18:28.957116","/home/sc28/SC-28/1_definition/SC-28/camera.py","capture_and_detect","265","","","","","","","","","","","","","","","","","","37","263","","","","","","","","","","","","","","","","","","","","","","","","","","",""
"848.091189601","2026-05-12 19:18:28.961335","/home/sc28/SC-28/1_definition/SC-28/camera.py","capture_and_detect","266","","","","","","","","","","","","","","","","","","","","640","480","","","","","","","","","","","","","","","","","","","","","","","","",""
"848.659752464","2026-05-12 19:18:29.529895","/home/sc28/SC-28/1_definition/SC-28/camera.py","capture_and_detect","263","","","","","","","","","","","","","","","","","0","","","","","","","","","","","","","","","","","","","","","","","","","","","","",""
"848.669514113","2026-05-12 19:18:29.539649","/home/sc28/SC-28/1_definition/SC-28/camera.py","capture_and_detect","264","","","","","","","","","","","","","","","","67.5","","","","","","","","","","","","","","","","","","","","","","","","","","","","","",""
"848.672381868","2026-05-12 19:18:29.542523","/home/sc28/SC-28/1_definition/SC-28/camera.py","capture_and_detect","265","","","","","","","","","","","","","","","","","","38","263","","","","","","","","","","","","","","","","","","","","","","","","","","",""
"848.675189467","2026-05-12 19:18:29.545330","/home/sc28/SC-28/1_definition/SC-28/camera.py","capture_and_detect","266","","","","","","","","","","","","","","","","","","","","640","480","","","","","","","","","","","","","","","","","","","","","","","","",""
"849.246689934","2026-05-12 19:18:30.116834","/home/sc28/SC-28/1_definition/SC-28/camera.py","capture_and_detect","263","","","","","","","","","","","","","","","","","0","","","","","","","","","","","","","","","","","","","","","","","","","","","","",""
"849.253905078","2026-05-12 19:18:30.124045","/home/sc28/SC-28/1_definition/SC-28/camera.py","capture_and_detect","264","","","","","","","","","","","","","","","","68.0","","","","","","","","","","","","","","","","","","","","","","","","","","","","","",""
"849.257451478","2026-05-12 19:18:30.127603","/home/sc28/SC-28/1_definition/SC-28/camera.py","capture_and_detect","265","","","","","","","","","","","","","","","","","","37","263","","","","","","","","","","","","","","","","","","","","","","","","","","",""
"849.260751263","2026-05-12 19:18:30.130899","/home/sc28/SC-28/1_definition/SC-28/camera.py","capture_and_detect","266","","","","","","","","","","","","","","","","","","","","640","480","","","","","","","","","","","","","","","","","","","","","","","","",""
"849.825496082","2026-05-12 19:18:30.695640","/home/sc28/SC-28/1_definition/SC-28/camera.py","capture_and_detect","263","","","","","","","","","","","","","","","","","0","","","","","","","","","","","","","","","","","","","","","","","","","","","","",""
"849.828837638","2026-05-12 19:18:30.698975","/home/sc28/SC-28/1_definition/SC-28/camera.py","capture_and_detect","264","","","","","","","","","","","","","","","","65.0","","","","","","","","","","","","","","","","","","","","","","","","","","","","","",""
"849.831528102","2026-05-12 19:18:30.701668","/home/sc28/SC-28/1_definition/SC-28/camera.py","capture_and_detect","265","","","","","","","","","","","","","","","","","","37","263","","","","","","","","","","","","","","","","","","","","","","","","","","",""
"849.837874341","2026-05-12 19:18:30.708020","/home/sc28/SC-28/1_definition/SC-28/camera.py","capture_and_detect","266","","","","","","","","","","","","","","","","","","","","640","480","","","","","","","","","","","","","","","","","","","","","","","","",""
"850.412285401","2026-05-12 19:18:31.282437","/home/sc28/SC-28/1_definition/SC-28/camera.py","capture_and_detect","263","","","","","","","","","","","","","","","","","0","","","","","","","","","","","","","","","","","","","","","","","","","","","","",""
"850.417469298","2026-05-12 19:18:31.287609","/home/sc28/SC-28/1_definition/SC-28/camera.py","capture_and_detect","264","","","","","","","","","","","","","","","","57.0","","","","","","","","","","","","","","","","","","","","","","","","","","","","","",""
"850.420352522","2026-05-12 19:18:31.290495","/home/sc28/SC-28/1_definition/SC-28/camera.py","capture_and_detect","265","","","","","","","","","","","","","","","","","","37","263","","","","","","","","","","","","","","","","","","","","","","","","","","",""
"850.423129705","2026-05-12 19:18:31.293269","/home/sc28/SC-28/1_definition/SC-28/camera.py","capture_and_detect","266","","","","","","","","","","","","","","","","","","","","640","480","","","","","","","","","","","","","","","","","","","","","","","","",""
"851.000222281","2026-05-12 19:18:31.870366","/home/sc28/SC-28/1_definition/SC-28/camera.py","capture_and_detect","263","","","","","","","","","","","","","","","","","0","","","","","","","","","","","","","","","","","","","","","","","","","","","","",""
"851.009248463","2026-05-12 19:18:31.879382","/home/sc28/SC-28/1_definition/SC-28/camera.py","capture_and_detect","264","","","","","","","","","","","","","","","","64.5","","","","","","","","","","","","","","","","","","","","","","","","","","","","","",""
"851.01212825","2026-05-12 19:18:31.882268","/home/sc28/SC-28/1_definition/SC-28/camera.py","capture_and_detect","265","","","","","","","","","","","","","","","","","","37","262","","","","","","","","","","","","","","","","","","","","","","","","","","",""
"851.015110432","2026-05-12 19:18:31.885255","/home/sc28/SC-28/1_definition/SC-28/camera.py","capture_and_detect","266","","","","","","","","","","","","","","","","","","","","640","480","","","","","","","","","","","","","","","","","","","","","","","","",""
"851.649016259","2026-05-12 19:18:32.519169","/home/sc28/SC-28/1_definition/SC-28/camera.py","capture_and_detect","263","","","","","","","","","","","","","","","","","0","","","","","","","","","","","","","","","","","","","","","","","","","","","","",""
"851.654772656","2026-05-12 19:18:32.524915","/home/sc28/SC-28/1_definition/SC-28/camera.py","capture_and_detect","264","","","","","","","","","","","","","","","","66.0","","","","","","","","","","","","","","","","","","","","","","","","","","","","","",""
"851.662045091","2026-05-12 19:18:32.532193","/home/sc28/SC-28/1_definition/SC-28/camera.py","capture_and_detect","265","","","","","","","","","","","","","","","","","","37","263","","","","","","","","","","","","","","","","","","","","","","","","","","",""
"851.666600604","2026-05-12 19:18:32.536752","/home/sc28/SC-28/1_definition/SC-28/camera.py","capture_and_detect","266","","","","","","","","","","","","","","","","","","","","640","480","","","","","","","","","","","","","","","","","","","","","","","","",""
"852.266068687","2026-05-12 19:18:33.136216","/home/sc28/SC-28/1_definition/SC-28/camera.py","capture_and_detect","263","","","","","","","","","","","","","","","","","0","","","","","","","","","","","","","","","","","","","","","","","","","","","","",""
"852.272752999","2026-05-12 19:18:33.142899","/home/sc28/SC-28/1_definition/SC-28/camera.py","capture_and_detect","264","","","","","","","","","","","","","","","","62.0","","","","","","","","","","","","","","","","","","","","","","","","","","","","","",""
"852.276395076","2026-05-12 19:18:33.146553","/home/sc28/SC-28/1_definition/SC-28/camera.py","capture_and_detect","265","","","","","","","","","","","","","","","","","","37","263","","","","","","","","","","","","","","","","","","","","","","","","","","",""
"852.280139236","2026-05-12 19:18:33.150298","/home/sc28/SC-28/1_definition/SC-28/camera.py","capture_and_detect","266","","","","","","","","","","","","","","","","","","","","640","480","","","","","","","","","","","","","","","","","","","","","","","","",""
"852.868508968","2026-05-12 19:18:33.738658","/home/sc28/SC-28/1_definition/SC-28/camera.py","capture_and_detect","263","","","","","","","","","","","","","","","","","0","","","","","","","","","","","","","","","","","","","","","","","","","","","","",""
"852.872267764","2026-05-12 19:18:33.742403","/home/sc28/SC-28/1_definition/SC-28/camera.py","capture_and_detect","264","","","","","","","","","","","","","","","","72.5","","","","","","","","","","","","","","","","","","","","","","","","","","","","","",""
"852.875393384","2026-05-12 19:18:33.745537","/home/sc28/SC-28/1_definition/SC-28/camera.py","capture_and_detect","265","","","","","","","","","","","","","","","","","","37","263","","","","","","","","","","","","","","","","","","","","","","","","","","",""
"852.878446243","2026-05-12 19:18:33.748593","/home/sc28/SC-28/1_definition/SC-28/camera.py","capture_and_detect","266","","","","","","","","","","","","","","","","","","","","640","480","","","","","","","","","","","","","","","","","","","","","","","","",""
"853.466427289","2026-05-12 19:18:34.336581","/home/sc28/SC-28/1_definition/SC-28/camera.py","capture_and_detect","263","","","","","","","","","","","","","","","","","0","","","","","","","","","","","","","","","","","","","","","","","","","","","","",""
"853.473891912","2026-05-12 19:18:34.344035","/home/sc28/SC-28/1_definition/SC-28/camera.py","capture_and_detect","264","","","","","","","","","","","","","","","","64.0","","","","","","","","","","","","","","","","","","","","","","","","","","","","","",""
"853.477203938","2026-05-12 19:18:34.347351","/home/sc28/SC-28/1_definition/SC-28/camera.py","capture_and_detect","265","","","","","","","","","","","","","","","","","","37","263","","","","","","","","","","","","","","","","","","","","","","","","","","",""
"853.480307162","2026-05-12 19:18:34.350454","/home/sc28/SC-28/1_definition/SC-28/camera.py","capture_and_detect","266","","","","","","","","","","","","","","","","","","","","640","480","","","","","","","","","","","","","","","","","","","","","","","","",""
"854.066112387","2026-05-12 19:18:34.936262","/home/sc28/SC-28/1_definition/SC-28/camera.py","capture_and_detect","263","","","","","","","","","","","","","","","","","0","","","","","","","","","","","","","","","","","","","","","","","","","","","","",""
"854.074474509","2026-05-12 19:18:34.944616","/home/sc28/SC-28/1_definition/SC-28/camera.py","capture_and_detect","264","","","","","","","","","","","","","","","","66.5","","","","","","","","","","","","","","","","","","","","","","","","","","","","","",""
"854.07820268","2026-05-12 19:18:34.948357","/home/sc28/SC-28/1_definition/SC-28/camera.py","capture_and_detect","265","","","","","","","","","","","","","","","","","","37","263","","","","","","","","","","","","","","","","","","","","","","","","","","",""
"854.085331783","2026-05-12 19:18:34.955485","/home/sc28/SC-28/1_definition/SC-28/camera.py","capture_and_detect","266","","","","","","","","","","","","","","","","","","","","640","480","","","","","","","","","","","","","","","","","","","","","","","","",""
"854.667987031","2026-05-12 19:18:35.538227","/home/sc28/SC-28/1_definition/SC-28/camera.py","capture_and_detect","263","","","","","","","","","","","","","","","","","0","","","","","","","","","","","","","","","","","","","","","","","","","","","","",""
"854.671844733","2026-05-12 19:18:35.541982","/home/sc28/SC-28/1_definition/SC-28/camera.py","capture_and_detect","264","","","","","","","","","","","","","","","","61.5","","","","","","","","","","","","","","","","","","","","","","","","","","","","","",""
"854.674989103","2026-05-12 19:18:35.545133","/home/sc28/SC-28/1_definition/SC-28/camera.py","capture_and_detect","265","","","","","","","","","","","","","","","","","","37","263","","","","","","","","","","","","","","","","","","","","","","","","","","",""
"854.678092952","2026-05-12 19:18:35.548240","/home/sc28/SC-28/1_definition/SC-28/camera.py","capture_and_detect","266","","","","","","","","","","","","","","","","","","","","640","480","","","","","","","","","","","","","","","","","","","","","","","","",""
"855.261553674","2026-05-12 19:18:36.131703","/home/sc28/SC-28/1_definition/SC-28/camera.py","capture_and_detect","263","","","","","","","","","","","","","","","","","0","","","","","","","","","","","","","","","","","","","","","","","","","","","","",""
"855.273218551","2026-05-12 19:18:36.143364","/home/sc28/SC-28/1_definition/SC-28/camera.py","capture_and_detect","264","","","","","","","","","","","","","","","","71.0","","","","","","","","","","","","","","","","","","","","","","","","","","","","","",""
"855.276548337","2026-05-12 19:18:36.146696","/home/sc28/SC-28/1_definition/SC-28/camera.py","capture_and_detect","265","","","","","","","","","","","","","","","","","","37","263","","","","","","","","","","","","","","","","","","","","","","","","","","",""
"855.279839478","2026-05-12 19:18:36.149991","/home/sc28/SC-28/1_definition/SC-28/camera.py","capture_and_detect","266","","","","","","","","","","","","","","","","","","","","640","480","","","","","","","","","","","","","","","","","","","","","","","","",""
"855.868235155","2026-05-12 19:18:36.738386","/home/sc28/SC-28/1_definition/SC-28/camera.py","capture_and_detect","263","","","","","","","","","","","","","","","","","0","","","","","","","","","","","","","","","","","","","","","","","","","","","","",""
"855.871968326","2026-05-12 19:18:36.742113","/home/sc28/SC-28/1_definition/SC-28/camera.py","capture_and_detect","264","","","","","","","","","","","","","","","","66.0","","","","","","","","","","","","","","","","","","","","","","","","","","","","","",""
"855.880881541","2026-05-12 19:18:36.751040","/home/sc28/SC-28/1_definition/SC-28/camera.py","capture_and_detect","265","","","","","","","","","","","","","","","","","","37","263","","","","","","","","","","","","","","","","","","","","","","","","","","",""
"855.88454367","2026-05-12 19:18:36.754698","/home/sc28/SC-28/1_definition/SC-28/camera.py","capture_and_detect","266","","","","","","","","","","","","","","","","","","","","640","480","","","","","","","","","","","","","","","","","","","","","","","","",""
"856.470920976","2026-05-12 19:18:37.341069","/home/sc28/SC-28/1_definition/SC-28/camera.py","capture_and_detect","263","","","","","","","","","","","","","","","","","0","","","","","","","","","","","","","","","","","","","","","","","","","","","","",""
"856.474739772","2026-05-12 19:18:37.344884","/home/sc28/SC-28/1_definition/SC-28/camera.py","capture_and_detect","264","","","","","","","","","","","","","","","","64.0","","","","","","","","","","","","","","","","","","","","","","","","","","","","","",""
"856.478362319","2026-05-12 19:18:37.348512","/home/sc28/SC-28/1_definition/SC-28/camera.py","capture_and_detect","265","","","","","","","","","","","","","","","","","","38","263","","","","","","","","","","","","","","","","","","","","","","","","","","",""
"856.481536116","2026-05-12 19:18:37.351683","/home/sc28/SC-28/1_definition/SC-28/camera.py","capture_and_detect","266","","","","","","","","","","","","","","","","","","","","640","480","","","","","","","","","","","","","","","","","","","","","","","","",""
"857.066287026","2026-05-12 19:18:37.936435","/home/sc28/SC-28/1_definition/SC-28/camera.py","capture_and_detect","263","","","","","","","","","","","","","","","","","0","","","","","","","","","","","","","","","","","","","","","","","","","","","","",""
"857.070270301","2026-05-12 19:18:37.940409","/home/sc28/SC-28/1_definition/SC-28/camera.py","capture_and_detect","264","","","","","","","","","","","","","","","","64.5","","","","","","","","","","","","","","","","","","","","","","","","","","","","","",""
"857.073765608","2026-05-12 19:18:37.943918","/home/sc28/SC-28/1_definition/SC-28/camera.py","capture_and_detect","265","","","","","","","","","","","","","","","","","","37","263","","","","","","","","","","","","","","","","","","","","","","","","","","",""
"857.077208259","2026-05-12 19:18:37.947362","/home/sc28/SC-28/1_definition/SC-28/camera.py","capture_and_detect","266","","","","","","","","","","","","","","","","","","","","640","480","","","","","","","","","","","","","","","","","","","","","","","","",""
"857.659437003","2026-05-12 19:18:38.529589","/home/sc28/SC-28/1_definition/SC-28/camera.py","capture_and_detect","263","","","","","","","","","","","","","","","","","0","","","","","","","","","","","","","","","","","","","","","","","","","","","","",""
"857.663040279","2026-05-12 19:18:38.533177","/home/sc28/SC-28/1_definition/SC-28/camera.py","capture_and_detect","264","","","","","","","","","","","","","","","","64.5","","","","","","","","","","","","","","","","","","","","","","","","","","","","","",""
"857.66973355","2026-05-12 19:18:38.539877","/home/sc28/SC-28/1_definition/SC-28/camera.py","capture_and_detect","265","","","","","","","","","","","","","","","","","","37","262","","","","","","","","","","","","","","","","","","","","","","","","","","",""
"857.672693285","2026-05-12 19:18:38.542836","/home/sc28/SC-28/1_definition/SC-28/camera.py","capture_and_detect","266","","","","","","","","","","","","","","","","","","","","640","480","","","","","","","","","","","","","","","","","","","","","","","","",""
"858.256294168","2026-05-12 19:18:39.126438","/home/sc28/SC-28/1_definition/SC-28/camera.py","capture_and_detect","263","","","","","","","","","","","","","","","","","0","","","","","","","","","","","","","","","","","","","","","","","","","","","","",""
"858.259682653","2026-05-12 19:18:39.129815","/home/sc28/SC-28/1_definition/SC-28/camera.py","capture_and_detect","264","","","","","","","","","","","","","","","","62.5","","","","","","","","","","","","","","","","","","","","","","","","","","","","","",""
"858.26250619","2026-05-12 19:18:39.132646","/home/sc28/SC-28/1_definition/SC-28/camera.py","capture_and_detect","265","","","","","","","","","","","","","","","","","","37","263","","","","","","","","","","","","","","","","","","","","","","","","","","",""
"858.268788004","2026-05-12 19:18:39.138933","/home/sc28/SC-28/1_definition/SC-28/camera.py","capture_and_detect","266","","","","","","","","","","","","","","","","","","","","640","480","","","","","","","","","","","","","","","","","","","","","","","","",""
"858.84526584","2026-05-12 19:18:39.715409","/home/sc28/SC-28/1_definition/SC-28/camera.py","capture_and_detect","263","","","","","","","","","","","","","","","","","0","","","","","","","","","","","","","","","","","","","","","","","","","","","","",""
"858.848849324","2026-05-12 19:18:39.718983","/home/sc28/SC-28/1_definition/SC-28/camera.py","capture_and_detect","264","","","","","","","","","","","","","","","","65.5","","","","","","","","","","","","","","","","","","","","","","","","","","","","","",""
"858.852116194","2026-05-12 19:18:39.722283","/home/sc28/SC-28/1_definition/SC-28/camera.py","capture_and_detect","265","","","","","","","","","","","","","","","","","","37","263","","","","","","","","","","","","","","","","","","","","","","","","","","",""
"858.861589565","2026-05-12 19:18:39.731739","/home/sc28/SC-28/1_definition/SC-28/camera.py","capture_and_detect","266","","","","","","","","","","","","","","","","","","","","640","480","","","","","","","","","","","","","","","","","","","","","","","","",""
"859.437183037","2026-05-12 19:18:40.307327","/home/sc28/SC-28/1_definition/SC-28/camera.py","capture_and_detect","263","","","","","","","","","","","","","","","","","0","","","","","","","","","","","","","","","","","","","","","","","","","","","","",""
"859.449909737","2026-05-12 19:18:40.320045","/home/sc28/SC-28/1_definition/SC-28/camera.py","capture_and_detect","264","","","","","","","","","","","","","","","","66.5","","","","","","","","","","","","","","","","","","","","","","","","","","","","","",""
"859.45284916","2026-05-12 19:18:40.322991","/home/sc28/SC-28/1_definition/SC-28/camera.py","capture_and_detect","265","","","","","","","","","","","","","","","","","","37","263","","","","","","","","","","","","","","","","","","","","","","","","","","",""
"859.455642281","2026-05-12 19:18:40.325783","/home/sc28/SC-28/1_definition/SC-28/camera.py","capture_and_detect","266","","","","","","","","","","","","","","","","","","","","640","480","","","","","","","","","","","","","","","","","","","","","","","","",""
"860.025128271","2026-05-12 19:18:40.895272","/home/sc28/SC-28/1_definition/SC-28/camera.py","capture_and_detect","263","","","","","","","","","","","","","","","","","0","","","","","","","","","","","","","","","","","","","","","","","","","","","","",""
"860.028557328","2026-05-12 19:18:40.898691","/home/sc28/SC-28/1_definition/SC-28/camera.py","capture_and_detect","264","","","","","","","","","","","","","","","","59.5","","","","","","","","","","","","","","","","","","","","","","","","","","","","","",""
"860.031390762","2026-05-12 19:18:40.901530","/home/sc28/SC-28/1_definition/SC-28/camera.py","capture_and_detect","265","","","","","","","","","","","","","","","","","","37","263","","","","","","","","","","","","","","","","","","","","","","","","","","",""
"860.039289656","2026-05-12 19:18:40.909443","/home/sc28/SC-28/1_definition/SC-28/camera.py","capture_and_detect","266","","","","","","","","","","","","","","","","","","","","640","480","","","","","","","","","","","","","","","","","","","","","","","","",""
"860.612935551","2026-05-12 19:18:41.483078","/home/sc28/SC-28/1_definition/SC-28/camera.py","capture_and_detect","263","","","","","","","","","","","","","","","","","0","","","","","","","","","","","","","","","","","","","","","","","","","","","","",""
"860.616397994","2026-05-12 19:18:41.486531","/home/sc28/SC-28/1_definition/SC-28/camera.py","capture_and_detect","264","","","","","","","","","","","","","","","","66.5","","","","","","","","","","","","","","","","","","","","","","","","","","","","","",""
"860.619234084","2026-05-12 19:18:41.489374","/home/sc28/SC-28/1_definition/SC-28/camera.py","capture_and_detect","265","","","","","","","","","","","","","","","","","","37","263","","","","","","","","","","","","","","","","","","","","","","","","","","",""
"860.621985642","2026-05-12 19:18:41.492125","/home/sc28/SC-28/1_definition/SC-28/camera.py","capture_and_detect","266","","","","","","","","","","","","","","","","","","","","640","480","","","","","","","","","","","","","","","","","","","","","","","","",""
"861.195987167","2026-05-12 19:18:42.066212","/home/sc28/SC-28/1_definition/SC-28/camera.py","capture_and_detect","263","","","","","","","","","","","","","","","","","0","","","","","","","","","","","","","","","","","","","","","","","","","","","","",""
"861.199524714","2026-05-12 19:18:42.069663","/home/sc28/SC-28/1_definition/SC-28/camera.py","capture_and_detect","264","","","","","","","","","","","","","","","","68.0","","","","","","","","","","","","","","","","","","","","","","","","","","","","","",""
"861.202413252","2026-05-12 19:18:42.072555","/home/sc28/SC-28/1_definition/SC-28/camera.py","capture_and_detect","265","","","","","","","","","","","","","","","","","","37","263","","","","","","","","","","","","","","","","","","","","","","","","","","",""
"861.205195071","2026-05-12 19:18:42.075336","/home/sc28/SC-28/1_definition/SC-28/camera.py","capture_and_detect","266","","","","","","","","","","","","","","","","","","","","640","480","","","","","","","","","","","","","","","","","","","","","","","","",""
"861.778956976","2026-05-12 19:18:42.649106","/home/sc28/SC-28/1_definition/SC-28/camera.py","capture_and_detect","263","","","","","","","","","","","","","","","","","0","","","","","","","","","","","","","","","","","","","","","","","","","","","","",""
"861.783398637","2026-05-12 19:18:42.653533","/home/sc28/SC-28/1_definition/SC-28/camera.py","capture_and_detect","264","","","","","","","","","","","","","","","","68.5","","","","","","","","","","","","","","","","","","","","","","","","","","","","","",""
"861.790105815","2026-05-12 19:18:42.660256","/home/sc28/SC-28/1_definition/SC-28/camera.py","capture_and_detect","265","","","","","","","","","","","","","","","","","","37","263","","","","","","","","","","","","","","","","","","","","","","","","","","",""
"861.79342607","2026-05-12 19:18:42.663574","/home/sc28/SC-28/1_definition/SC-28/camera.py","capture_and_detect","266","","","","","","","","","","","","","","","","","","","","640","480","","","","","","","","","","","","","","","","","","","","","","","","",""
"862.36407481","2026-05-12 19:18:43.234221","/home/sc28/SC-28/1_definition/SC-28/camera.py","capture_and_detect","263","","","","","","","","","","","","","","","","","0","","","","","","","","","","","","","","","","","","","","","","","","","","","","",""
"862.367552202","2026-05-12 19:18:43.237692","/home/sc28/SC-28/1_definition/SC-28/camera.py","capture_and_detect","264","","","","","","","","","","","","","","","","62.0","","","","","","","","","","","","","","","","","","","","","","","","","","","","","",""
"862.371102509","2026-05-12 19:18:43.241245","/home/sc28/SC-28/1_definition/SC-28/camera.py","capture_and_detect","265","","","","","","","","","","","","","","","","","","37","263","","","","","","","","","","","","","","","","","","","","","","","","","","",""
"862.378994113","2026-05-12 19:18:43.249138","/home/sc28/SC-28/1_definition/SC-28/camera.py","capture_and_detect","266","","","","","","","","","","","","","","","","","","","","640","480","","","","","","","","","","","","","","","","","","","","","","","","",""
"862.962319044","2026-05-12 19:18:43.832470","/home/sc28/SC-28/1_definition/SC-28/camera.py","capture_and_detect","263","","","","","","","","","","","","","","","","","0","","","","","","","","","","","","","","","","","","","","","","","","","","","","",""
"862.966199091","2026-05-12 19:18:43.836344","/home/sc28/SC-28/1_definition/SC-28/camera.py","capture_and_detect","264","","","","","","","","","","","","","","","","0.0","","","","","","","","","","","","","","","","","","","","","","","","","","","","","",""
"862.969588357","2026-05-12 19:18:43.839740","/home/sc28/SC-28/1_definition/SC-28/camera.py","capture_and_detect","265","","","","","","","","","","","","","","","","","","320","240","","","","","","","","","","","","","","","","","","","","","","","","","","",""
"862.973157884","2026-05-12 19:18:43.843308","/home/sc28/SC-28/1_definition/SC-28/camera.py","capture_and_detect","266","","","","","","","","","","","","","","","","","","","","640","480","","","","","","","","","","","","","","","","","","","","","","","","",""
"863.558752356","2026-05-12 19:18:44.428896","/home/sc28/SC-28/1_definition/SC-28/camera.py","capture_and_detect","263","","","","","","","","","","","","","","","","","2","","","","","","","","","","","","","","","","","","","","","","","","","","","","",""
"863.565984482","2026-05-12 19:18:44.436123","/home/sc28/SC-28/1_definition/SC-28/camera.py","capture_and_detect","264","","","","","","","","","","","","","","","","9630.0","","","","","","","","","","","","","","","","","","","","","","","","","","","","","",""
"863.568965624","2026-05-12 19:18:44.439109","/home/sc28/SC-28/1_definition/SC-28/camera.py","capture_and_detect","265","","","","","","","","","","","","","","","","","","539","267","","","","","","","","","","","","","","","","","","","","","","","","","","",""
"863.571774683","2026-05-12 19:18:44.441916","/home/sc28/SC-28/1_definition/SC-28/camera.py","capture_and_detect","266","","","","","","","","","","","","","","","","","","","","640","480","","","","","","","","","","","","","","","","","","","","","","","","",""
"864.14895136","2026-05-12 19:18:45.019094","/home/sc28/SC-28/1_definition/SC-28/camera.py","capture_and_detect","263","","","","","","","","","","","","","","","","","3","","","","","","","","","","","","","","","","","","","","","","","","","","","","",""
"864.154630936","2026-05-12 19:18:45.024773","/home/sc28/SC-28/1_definition/SC-28/camera.py","capture_and_detect","264","","","","","","","","","","","","","","","","1109.0","","","","","","","","","","","","","","","","","","","","","","","","","","","","","",""
"864.157843484","2026-05-12 19:18:45.027992","/home/sc28/SC-28/1_definition/SC-28/camera.py","capture_and_detect","265","","","","","","","","","","","","","","","","","","142","328","","","","","","","","","","","","","","","","","","","","","","","","","","",""
"864.16461436","2026-05-12 19:18:45.034764","/home/sc28/SC-28/1_definition/SC-28/camera.py","capture_and_detect","266","","","","","","","","","","","","","","","","","","","","640","480","","","","","","","","","","","","","","","","","","","","","","","","",""
"864.738098976","2026-05-12 19:18:45.608243","/home/sc28/SC-28/1_definition/SC-28/camera.py","capture_and_detect","263","","","","","","","","","","","","","","","","","0","","","","","","","","","","","","","","","","","","","","","","","","","","","","",""
"864.741563086","2026-05-12 19:18:45.611696","/home/sc28/SC-28/1_definition/SC-28/camera.py","capture_and_detect","264","","","","","","","","","","","","","","","","139.5","","","","","","","","","","","","","","","","","","","","","","","","","","","","","",""
"864.744375166","2026-05-12 19:18:45.614516","/home/sc28/SC-28/1_definition/SC-28/camera.py","capture_and_detect","265","","","","","","","","","","","","","","","","","","358","266","","","","","","","","","","","","","","","","","","","","","","","","","","",""
"864.748969691","2026-05-12 19:18:45.619115","/home/sc28/SC-28/1_definition/SC-28/camera.py","capture_and_detect","266","","","","","","","","","","","","","","","","","","","","640","480","","","","","","","","","","","","","","","","","","","","","","","","",""
"865.322089626","2026-05-12 19:18:46.192235","/home/sc28/SC-28/1_definition/SC-28/camera.py","capture_and_detect","263","","","","","","","","","","","","","","","","","1","","","","","","","","","","","","","","","","","","","","","","","","","","","","",""
"865.328773576","2026-05-12 19:18:46.198915","/home/sc28/SC-28/1_definition/SC-28/camera.py","capture_and_detect","264","","","","","","","","","","","","","","","","354.0","","","","","","","","","","","","","","","","","","","","","","","","","","","","","",""
"865.332083624","2026-05-12 19:18:46.202232","/home/sc28/SC-28/1_definition/SC-28/camera.py","capture_and_detect","265","","","","","","","","","","","","","","","","","","378","175","","","","","","","","","","","","","","","","","","","","","","","","","","",""
"865.335333203","2026-05-12 19:18:46.205481","/home/sc28/SC-28/1_definition/SC-28/camera.py","capture_and_detect","266","","","","","","","","","","","","","","","","","","","","640","480","","","","","","","","","","","","","","","","","","","","","","","","",""
"882.535204482","2026-05-12 19:19:03.405353","/home/sc28/SC-28/1_definition/SC-28/camera.py","capture_and_detect","263","","","","","","","","","","","","","","","","","1","","","","","","","","","","","","","","","","","","","","","","","","","","","","",""
"882.53945427","2026-05-12 19:19:03.409588","/home/sc28/SC-28/1_definition/SC-28/camera.py","capture_and_detect","264","","","","","","","","","","","","","","","","1846.5","","","","","","","","","","","","","","","","","","","","","","","","","","","","","",""
"882.542702184","2026-05-12 19:19:03.412854","/home/sc28/SC-28/1_definition/SC-28/camera.py","capture_and_detect","265","","","","","","","","","","","","","","","","","","441","205","","","","","","","","","","","","","","","","","","","","","","","","","","",""
"882.545838276","2026-05-12 19:19:03.415986","/home/sc28/SC-28/1_definition/SC-28/camera.py","capture_and_detect","266","","","","","","","","","","","","","","","","","","","","640","480","","","","","","","","","","","","","","","","","","","","","","","","",""
"883.121722875","2026-05-12 19:19:03.991864","/home/sc28/SC-28/1_definition/SC-28/camera.py","capture_and_detect","263","","","","","","","","","","","","","","","","","1","","","","","","","","","","","","","","","","","","","","","","","","","","","","",""
"883.128835161","2026-05-12 19:19:03.998972","/home/sc28/SC-28/1_definition/SC-28/camera.py","capture_and_detect","264","","","","","","","","","","","","","","","","676.5","","","","","","","","","","","","","","","","","","","","","","","","","","","","","",""
"883.13207495","2026-05-12 19:19:04.002232","/home/sc28/SC-28/1_definition/SC-28/camera.py","capture_and_detect","265","","","","","","","","","","","","","","","","","","343","64","","","","","","","","","","","","","","","","","","","","","","","","","","",""
"883.135291927","2026-05-12 19:19:04.005440","/home/sc28/SC-28/1_definition/SC-28/camera.py","capture_and_detect","266","","","","","","","","","","","","","","","","","","","","640","480","","","","","","","","","","","","","","","","","","","","","","","","",""
"883.714613101","2026-05-12 19:19:04.584755","/home/sc28/SC-28/1_definition/SC-28/camera.py","capture_and_detect","263","","","","","","","","","","","","","","","","","1","","","","","","","","","","","","","","","","","","","","","","","","","","","","",""
"883.71800888","2026-05-12 19:19:04.588141","/home/sc28/SC-28/1_definition/SC-28/camera.py","capture_and_detect","264","","","","","","","","","","","","","","","","505.5","","","","","","","","","","","","","","","","","","","","","","","","","","","","","",""
"883.726354498","2026-05-12 19:19:04.596501","/home/sc28/SC-28/1_definition/SC-28/camera.py","capture_and_detect","265","","","","","","","","","","","","","","","","","","355","45","","","","","","","","","","","","","","","","","","","","","","","","","","",""
"883.729267621","2026-05-12 19:19:04.599410","/home/sc28/SC-28/1_definition/SC-28/camera.py","capture_and_detect","266","","","","","","","","","","","","","","","","","","","","640","480","","","","","","","","","","","","","","","","","","","","","","","","",""
"884.300170213","2026-05-12 19:19:05.170314","/home/sc28/SC-28/1_definition/SC-28/camera.py","capture_and_detect","263","","","","","","","","","","","","","","","","","1","","","","","","","","","","","","","","","","","","","","","","","","","","","","",""
"884.303595106","2026-05-12 19:19:05.173727","/home/sc28/SC-28/1_definition/SC-28/camera.py","capture_and_detect","264","","","","","","","","","","","","","","","","564.5","","","","","","","","","","","","","","","","","","","","","","","","","","","","","",""
"884.306467343","2026-05-12 19:19:05.176610","/home/sc28/SC-28/1_definition/SC-28/camera.py","capture_and_detect","265","","","","","","","","","","","","","","","","","","323","71","","","","","","","","","","","","","","","","","","","","","","","","","","",""
"884.309292758","2026-05-12 19:19:05.179433","/home/sc28/SC-28/1_definition/SC-28/camera.py","capture_and_detect","266","","","","","","","","","","","","","","","","","","","","640","480","","","","","","","","","","","","","","","","","","","","","","","","",""
"884.883621972","2026-05-12 19:19:05.753767","/home/sc28/SC-28/1_definition/SC-28/camera.py","capture_and_detect","263","","","","","","","","","","","","","","","","","0","","","","","","","","","","","","","","","","","","","","","","","","","","","","",""
"884.887252855","2026-05-12 19:19:05.757397","/home/sc28/SC-28/1_definition/SC-28/camera.py","capture_and_detect","264","","","","","","","","","","","","","","","","0.0","","","","","","","","","","","","","","","","","","","","","","","","","","","","","",""
"884.890362176","2026-05-12 19:19:05.760511","/home/sc28/SC-28/1_definition/SC-28/camera.py","capture_and_detect","265","","","","","","","","","","","","","","","","","","320","240","","","","","","","","","","","","","","","","","","","","","","","","","","",""
"884.893866809","2026-05-12 19:19:05.764012","/home/sc28/SC-28/1_definition/SC-28/camera.py","capture_and_detect","266","","","","","","","","","","","","","","","","","","","","640","480","","","","","","","","","","","","","","","","","","","","","","","","",""
"891.737055257","2026-05-12 19:19:12.607195","/home/sc28/SC-28/1_definition/SC-28/camera.py","capture_and_detect","263","","","","","","","","","","","","","","","","","2","","","","","","","","","","","","","","","","","","","","","","","","","","","","",""
"891.744078535","2026-05-12 19:19:12.614217","/home/sc28/SC-28/1_definition/SC-28/camera.py","capture_and_detect","264","","","","","","","","","","","","","","","","1097.0","","","","","","","","","","","","","","","","","","","","","","","","","","","","","",""
"891.746962023","2026-05-12 19:19:12.617103","/home/sc28/SC-28/1_definition/SC-28/camera.py","capture_and_detect","265","","","","","","","","","","","","","","","","","","512","145","","","","","","","","","","","","","","","","","","","","","","","","","","",""
"891.749760094","2026-05-12 19:19:12.619901","/home/sc28/SC-28/1_definition/SC-28/camera.py","capture_and_detect","266","","","","","","","","","","","","","","","","","","","","640","480","","","","","","","","","","","","","","","","","","","","","","","","",""
"892.325649416","2026-05-12 19:19:13.195794","/home/sc28/SC-28/1_definition/SC-28/camera.py","capture_and_detect","263","","","","","","","","","","","","","","","","","1","","","","","","","","","","","","","","","","","","","","","","","","","","","","",""
"892.331315506","2026-05-12 19:19:13.201456","/home/sc28/SC-28/1_definition/SC-28/camera.py","capture_and_detect","264","","","","","","","","","","","","","","","","2886.0","","","","","","","","","","","","","","","","","","","","","","","","","","","","","",""
"892.339779512","2026-05-12 19:19:13.209927","/home/sc28/SC-28/1_definition/SC-28/camera.py","capture_and_detect","265","","","","","","","","","","","","","","","","","","338","49","","","","","","","","","","","","","","","","","","","","","","","","","","",""
"892.345488363","2026-05-12 19:19:13.215636","/home/sc28/SC-28/1_definition/SC-28/camera.py","capture_and_detect","266","","","","","","","","","","","","","","","","","","","","640","480","","","","","","","","","","","","","","","","","","","","","","","","",""
"892.912442908","2026-05-12 19:19:13.782586","/home/sc28/SC-28/1_definition/SC-28/camera.py","capture_and_detect","263","","","","","","","","","","","","","","","","","1","","","","","","","","","","","","","","","","","","","","","","","","","","","","",""
"892.915955718","2026-05-12 19:19:13.786090","/home/sc28/SC-28/1_definition/SC-28/camera.py","capture_and_detect","264","","","","","","","","","","","","","","","","2693.5","","","","","","","","","","","","","","","","","","","","","","","","","","","","","",""
"892.918863894","2026-05-12 19:19:13.789005","/home/sc28/SC-28/1_definition/SC-28/camera.py","capture_and_detect","265","","","","","","","","","","","","","","","","","","338","50","","","","","","","","","","","","","","","","","","","","","","","","","","",""
"892.921688996","2026-05-12 19:19:13.791831","/home/sc28/SC-28/1_definition/SC-28/camera.py","capture_and_detect","266","","","","","","","","","","","","","","","","","","","","640","480","","","","","","","","","","","","","","","","","","","","","","","","",""
"893.501656668","2026-05-12 19:19:14.371798","/home/sc28/SC-28/1_definition/SC-28/camera.py","capture_and_detect","263","","","","","","","","","","","","","","","","","1","","","","","","","","","","","","","","","","","","","","","","","","","","","","",""
"893.505110468","2026-05-12 19:19:14.375249","/home/sc28/SC-28/1_definition/SC-28/camera.py","capture_and_detect","264","","","","","","","","","","","","","","","","2855.0","","","","","","","","","","","","","","","","","","","","","","","","","","","","","",""
"893.507959894","2026-05-12 19:19:14.378100","/home/sc28/SC-28/1_definition/SC-28/camera.py","capture_and_detect","265","","","","","","","","","","","","","","","","","","338","49","","","","","","","","","","","","","","","","","","","","","","","","","","",""
"893.510807445","2026-05-12 19:19:14.380949","/home/sc28/SC-28/1_definition/SC-28/camera.py","capture_and_detect","266","","","","","","","","","","","","","","","","","","","","640","480","","","","","","","","","","","","","","","","","","","","","","","","",""
"894.08199924","2026-05-12 19:19:14.952142","/home/sc28/SC-28/1_definition/SC-28/camera.py","capture_and_detect","263","","","","","","","","","","","","","","","","","1","","","","","","","","","","","","","","","","","","","","","","","","","","","","",""
"894.085530541","2026-05-12 19:19:14.955667","/home/sc28/SC-28/1_definition/SC-28/camera.py","capture_and_detect","264","","","","","","","","","","","","","","","","2900.5","","","","","","","","","","","","","","","","","","","","","","","","","","","","","",""
"894.092339704","2026-05-12 19:19:14.962487","/home/sc28/SC-28/1_definition/SC-28/camera.py","capture_and_detect","265","","","","","","","","","","","","","","","","","","338","49","","","","","","","","","","","","","","","","","","","","","","","","","","",""
"894.097734493","2026-05-12 19:19:14.967887","/home/sc28/SC-28/1_definition/SC-28/camera.py","capture_and_detect","266","","","","","","","","","","","","","","","","","","","","640","480","","","","","","","","","","","","","","","","","","","","","","","","",""
"900.901951963","2026-05-12 19:19:21.772092","/home/sc28/SC-28/1_definition/SC-28/camera.py","capture_and_detect","263","","","","","","","","","","","","","","","","","1","","","","","","","","","","","","","","","","","","","","","","","","","","","","",""
"900.905378525","2026-05-12 19:19:21.775511","/home/sc28/SC-28/1_definition/SC-28/camera.py","capture_and_detect","264","","","","","","","","","","","","","","","","2901.5","","","","","","","","","","","","","","","","","","","","","","","","","","","","","",""
"900.913699876","2026-05-12 19:19:21.783848","/home/sc28/SC-28/1_definition/SC-28/camera.py","capture_and_detect","265","","","","","","","","","","","","","","","","","","338","50","","","","","","","","","","","","","","","","","","","","","","","","","","",""
"900.916644667","2026-05-12 19:19:21.786789","/home/sc28/SC-28/1_definition/SC-28/camera.py","capture_and_detect","266","","","","","","","","","","","","","","","","","","","","640","480","","","","","","","","","","","","","","","","","","","","","","","","",""
"901.482590735","2026-05-12 19:19:22.352737","/home/sc28/SC-28/1_definition/SC-28/camera.py","capture_and_detect","263","","","","","","","","","","","","","","","","","1","","","","","","","","","","","","","","","","","","","","","","","","","","","","",""
"901.486034692","2026-05-12 19:19:22.356167","/home/sc28/SC-28/1_definition/SC-28/camera.py","capture_and_detect","264","","","","","","","","","","","","","","","","383.5","","","","","","","","","","","","","","","","","","","","","","","","","","","","","",""
"901.488837764","2026-05-12 19:19:22.358977","/home/sc28/SC-28/1_definition/SC-28/camera.py","capture_and_detect","265","","","","","","","","","","","","","","","","","","352","72","","","","","","","","","","","","","","","","","","","","","","","","","","",""
"901.491569117","2026-05-12 19:19:22.361708","/home/sc28/SC-28/1_definition/SC-28/camera.py","capture_and_detect","266","","","","","","","","","","","","","","","","","","","","640","480","","","","","","","","","","","","","","","","","","","","","","","","",""
"902.074870289","2026-05-12 19:19:22.945011","/home/sc28/SC-28/1_definition/SC-28/camera.py","capture_and_detect","263","","","","","","","","","","","","","","","","","2","","","","","","","","","","","","","","","","","","","","","","","","","","","","",""
"902.079301694","2026-05-12 19:19:22.949447","/home/sc28/SC-28/1_definition/SC-28/camera.py","capture_and_detect","264","","","","","","","","","","","","","","","","555.0","","","","","","","","","","","","","","","","","","","","","","","","","","","","","",""
"902.083016901","2026-05-12 19:19:22.953163","/home/sc28/SC-28/1_definition/SC-28/camera.py","capture_and_detect","265","","","","","","","","","","","","","","","","","","505","246","","","","","","","","","","","","","","","","","","","","","","","","","","",""
"902.086361952","2026-05-12 19:19:22.956511","/home/sc28/SC-28/1_definition/SC-28/camera.py","capture_and_detect","266","","","","","","","","","","","","","","","","","","","","640","480","","","","","","","","","","","","","","","","","","","","","","","","",""
"902.658895692","2026-05-12 19:19:23.529040","/home/sc28/SC-28/1_definition/SC-28/camera.py","capture_and_detect","263","","","","","","","","","","","","","","","","","1","","","","","","","","","","","","","","","","","","","","","","","","","","","","",""
"902.66265418","2026-05-12 19:19:23.532795","/home/sc28/SC-28/1_definition/SC-28/camera.py","capture_and_detect","264","","","","","","","","","","","","","","","","475.0","","","","","","","","","","","","","","","","","","","","","","","","","","","","","",""
"902.66951423","2026-05-12 19:19:23.539664","/home/sc28/SC-28/1_definition/SC-28/camera.py","capture_and_detect","265","","","","","","","","","","","","","","","","","","350","71","","","","","","","","","","","","","","","","","","","","","","","","","","",""
"902.672709802","2026-05-12 19:19:23.542858","/home/sc28/SC-28/1_definition/SC-28/camera.py","capture_and_detect","266","","","","","","","","","","","","","","","","","","","","640","480","","","","","","","","","","","","","","","","","","","","","","","","",""
"903.247143649","2026-05-12 19:19:24.117289","/home/sc28/SC-28/1_definition/SC-28/camera.py","capture_and_detect","263","","","","","","","","","","","","","","","","","0","","","","","","","","","","","","","","","","","","","","","","","","","","","","",""
"903.252422189","2026-05-12 19:19:24.122558","/home/sc28/SC-28/1_definition/SC-28/camera.py","capture_and_detect","264","","","","","","","","","","","","","","","","306.5","","","","","","","","","","","","","","","","","","","","","","","","","","","","","",""
"903.255613594","2026-05-12 19:19:24.125763","/home/sc28/SC-28/1_definition/SC-28/camera.py","capture_and_detect","265","","","","","","","","","","","","","","","","","","353","73","","","","","","","","","","","","","","","","","","","","","","","","","","",""
"903.262308697","2026-05-12 19:19:24.132457","/home/sc28/SC-28/1_definition/SC-28/camera.py","capture_and_detect","266","","","","","","","","","","","","","","","","","","","","640","480","","","","","","","","","","","","","","","","","","","","","","","","",""
"910.27681039","2026-05-12 19:19:31.146950","/home/sc28/SC-28/1_definition/SC-28/camera.py","capture_and_detect","263","","","","","","","","","","","","","","","","","1","","","","","","","","","","","","","","","","","","","","","","","","","","","","",""
"910.280210338","2026-05-12 19:19:31.150348","/home/sc28/SC-28/1_definition/SC-28/camera.py","capture_and_detect","264","","","","","","","","","","","","","","","","3490.0","","","","","","","","","","","","","","","","","","","","","","","","","","","","","",""
"910.283271431","2026-05-12 19:19:31.153421","/home/sc28/SC-28/1_definition/SC-28/camera.py","capture_and_detect","265","","","","","","","","","","","","","","","","","","338","49","","","","","","","","","","","","","","","","","","","","","","","","","","",""
"910.288394972","2026-05-12 19:19:31.158540","/home/sc28/SC-28/1_definition/SC-28/camera.py","capture_and_detect","266","","","","","","","","","","","","","","","","","","","","640","480","","","","","","","","","","","","","","","","","","","","","","","","",""
"910.869035481","2026-05-12 19:19:31.739180","/home/sc28/SC-28/1_definition/SC-28/camera.py","capture_and_detect","263","","","","","","","","","","","","","","","","","1","","","","","","","","","","","","","","","","","","","","","","","","","","","","",""
"910.875963292","2026-05-12 19:19:31.746097","/home/sc28/SC-28/1_definition/SC-28/camera.py","capture_and_detect","264","","","","","","","","","","","","","","","","1697.5","","","","","","","","","","","","","","","","","","","","","","","","","","","","","",""
"910.878850375","2026-05-12 19:19:31.748992","/home/sc28/SC-28/1_definition/SC-28/camera.py","capture_and_detect","265","","","","","","","","","","","","","","","","","","340","50","","","","","","","","","","","","","","","","","","","","","","","","","","",""
"910.881781417","2026-05-12 19:19:31.751929","/home/sc28/SC-28/1_definition/SC-28/camera.py","capture_and_detect","266","","","","","","","","","","","","","","","","","","","","640","480","","","","","","","","","","","","","","","","","","","","","","","","",""
"911.461980942","2026-05-12 19:19:32.332123","/home/sc28/SC-28/1_definition/SC-28/camera.py","capture_and_detect","263","","","","","","","","","","","","","","","","","1","","","","","","","","","","","","","","","","","","","","","","","","","","","","",""
"911.468664587","2026-05-12 19:19:32.338806","/home/sc28/SC-28/1_definition/SC-28/camera.py","capture_and_detect","264","","","","","","","","","","","","","","","","3087.0","","","","","","","","","","","","","","","","","","","","","","","","","","","","","",""
"911.471885941","2026-05-12 19:19:32.342038","/home/sc28/SC-28/1_definition/SC-28/camera.py","capture_and_detect","265","","","","","","","","","","","","","","","","","","335","50","","","","","","","","","","","","","","","","","","","","","","","","","","",""
"911.478912764","2026-05-12 19:19:32.349060","/home/sc28/SC-28/1_definition/SC-28/camera.py","capture_and_detect","266","","","","","","","","","","","","","","","","","","","","640","480","","","","","","","","","","","","","","","","","","","","","","","","",""
"912.059920263","2026-05-12 19:19:32.930058","/home/sc28/SC-28/1_definition/SC-28/camera.py","capture_and_detect","263","","","","","","","","","","","","","","","","","1","","","","","","","","","","","","","","","","","","","","","","","","","","","","",""
"912.066760054","2026-05-12 19:19:32.936900","/home/sc28/SC-28/1_definition/SC-28/camera.py","capture_and_detect","264","","","","","","","","","","","","","","","","2939.5","","","","","","","","","","","","","","","","","","","","","","","","","","","","","",""
"912.070656148","2026-05-12 19:19:32.940805","/home/sc28/SC-28/1_definition/SC-28/camera.py","capture_and_detect","265","","","","","","","","","","","","","","","","","","336","50","","","","","","","","","","","","","","","","","","","","","","","","","","",""
"912.074005679","2026-05-12 19:19:32.944165","/home/sc28/SC-28/1_definition/SC-28/camera.py","capture_and_detect","266","","","","","","","","","","","","","","","","","","","","640","480","","","","","","","","","","","","","","","","","","","","","","","","",""
"912.650133033","2026-05-12 19:19:33.520275","/home/sc28/SC-28/1_definition/SC-28/camera.py","capture_and_detect","263","","","","","","","","","","","","","","","","","1","","","","","","","","","","","","","","","","","","","","","","","","","","","","",""
"912.653633762","2026-05-12 19:19:33.523771","/home/sc28/SC-28/1_definition/SC-28/camera.py","capture_and_detect","264","","","","","","","","","","","","","","","","3244.0","","","","","","","","","","","","","","","","","","","","","","","","","","","","","",""
"912.656476627","2026-05-12 19:19:33.526619","/home/sc28/SC-28/1_definition/SC-28/camera.py","capture_and_detect","265","","","","","","","","","","","","","","","","","","335","50","","","","","","","","","","","","","","","","","","","","","","","","","","",""
"912.659277772","2026-05-12 19:19:33.529417","/home/sc28/SC-28/1_definition/SC-28/camera.py","capture_and_detect","266","","","","","","","","","","","","","","","","","","","","640","480","","","","","","","","","","","","","","","","","","","","","","","","",""
"919.828207348","2026-05-12 19:19:40.698357","/home/sc28/SC-28/1_definition/SC-28/camera.py","capture_and_detect","263","","","","","","","","","","","","","","","","","1","","","","","","","","","","","","","","","","","","","","","","","","","","","","",""
"919.850830318","2026-05-12 19:19:40.720965","/home/sc28/SC-28/1_definition/SC-28/camera.py","capture_and_detect","264","","","","","","","","","","","","","","","","3576.5","","","","","","","","","","","","","","","","","","","","","","","","","","","","","",""
"919.85777735","2026-05-12 19:19:40.727920","/home/sc28/SC-28/1_definition/SC-28/camera.py","capture_and_detect","265","","","","","","","","","","","","","","","","","","337","50","","","","","","","","","","","","","","","","","","","","","","","","","","",""
"919.8608836","2026-05-12 19:19:40.731031","/home/sc28/SC-28/1_definition/SC-28/camera.py","capture_and_detect","266","","","","","","","","","","","","","","","","","","","","640","480","","","","","","","","","","","","","","","","","","","","","","","","",""
"920.439591775","2026-05-12 19:19:41.309736","/home/sc28/SC-28/1_definition/SC-28/camera.py","capture_and_detect","263","","","","","","","","","","","","","","","","","1","","","","","","","","","","","","","","","","","","","","","","","","","","","","",""
"920.443776515","2026-05-12 19:19:41.313912","/home/sc28/SC-28/1_definition/SC-28/camera.py","capture_and_detect","264","","","","","","","","","","","","","","","","3543.5","","","","","","","","","","","","","","","","","","","","","","","","","","","","","",""
"920.450431932","2026-05-12 19:19:41.320578","/home/sc28/SC-28/1_definition/SC-28/camera.py","capture_and_detect","265","","","","","","","","","","","","","","","","","","339","50","","","","","","","","","","","","","","","","","","","","","","","","","","",""
"920.453607609","2026-05-12 19:19:41.323756","/home/sc28/SC-28/1_definition/SC-28/camera.py","capture_and_detect","266","","","","","","","","","","","","","","","","","","","","640","480","","","","","","","","","","","","","","","","","","","","","","","","",""
"921.033320634","2026-05-12 19:19:41.903463","/home/sc28/SC-28/1_definition/SC-28/camera.py","capture_and_detect","263","","","","","","","","","","","","","","","","","1","","","","","","","","","","","","","","","","","","","","","","","","","","","","",""
"921.036849644","2026-05-12 19:19:41.906984","/home/sc28/SC-28/1_definition/SC-28/camera.py","capture_and_detect","264","","","","","","","","","","","","","","","","3549.5","","","","","","","","","","","","","","","","","","","","","","","","","","","","","",""
"921.039725322","2026-05-12 19:19:41.909865","/home/sc28/SC-28/1_definition/SC-28/camera.py","capture_and_detect","265","","","","","","","","","","","","","","","","","","339","50","","","","","","","","","","","","","","","","","","","","","","","","","","",""
"921.045997145","2026-05-12 19:19:41.916139","/home/sc28/SC-28/1_definition/SC-28/camera.py","capture_and_detect","266","","","","","","","","","","","","","","","","","","","","640","480","","","","","","","","","","","","","","","","","","","","","","","","",""
"921.617082886","2026-05-12 19:19:42.487242","/home/sc28/SC-28/1_definition/SC-28/camera.py","capture_and_detect","263","","","","","","","","","","","","","","","","","1","","","","","","","","","","","","","","","","","","","","","","","","","","","","",""
"921.624705335","2026-05-12 19:19:42.494841","/home/sc28/SC-28/1_definition/SC-28/camera.py","capture_and_detect","264","","","","","","","","","","","","","","","","3767.5","","","","","","","","","","","","","","","","","","","","","","","","","","","","","",""
"921.627926846","2026-05-12 19:19:42.498076","/home/sc28/SC-28/1_definition/SC-28/camera.py","capture_and_detect","265","","","","","","","","","","","","","","","","","","336","50","","","","","","","","","","","","","","","","","","","","","","","","","","",""
"921.631254763","2026-05-12 19:19:42.501402","/home/sc28/SC-28/1_definition/SC-28/camera.py","capture_and_detect","266","","","","","","","","","","","","","","","","","","","","640","480","","","","","","","","","","","","","","","","","","","","","","","","",""
"924.219871219","2026-05-12 19:19:45.090018","/home/sc28/SC-28/1_definition/SC-28/camera.py","capture_and_detect","263","","","","","","","","","","","","","","","","","1","","","","","","","","","","","","","","","","","","","","","","","","","","","","",""
"924.227370908","2026-05-12 19:19:45.097524","/home/sc28/SC-28/1_definition/SC-28/camera.py","capture_and_detect","264","","","","","","","","","","","","","","","","1571.0","","","","","","","","","","","","","","","","","","","","","","","","","","","","","",""
"924.233045076","2026-05-12 19:19:45.103194","/home/sc28/SC-28/1_definition/SC-28/camera.py","capture_and_detect","265","","","","","","","","","","","","","","","","","","347","50","","","","","","","","","","","","","","","","","","","","","","","","","","",""
"924.236667524","2026-05-12 19:19:45.106820","/home/sc28/SC-28/1_definition/SC-28/camera.py","capture_and_detect","266","","","","","","","","","","","","","","","","","","","","640","480","","","","","","","","","","","","","","","","","","","","","","","","",""
"930.500611754","2026-05-12 19:19:51.370751","/home/sc28/SC-28/1_definition/SC-28/camera.py","capture_and_detect","263","","","","","","","","","","","","","","","","","1","","","","","","","","","","","","","","","","","","","","","","","","","","","","",""
"930.503987172","2026-05-12 19:19:51.374180","/home/sc28/SC-28/1_definition/SC-28/camera.py","capture_and_detect","264","","","","","","","","","","","","","","","","1490.0","","","","","","","","","","","","","","","","","","","","","","","","","","","","","",""
"930.506886547","2026-05-12 19:19:51.377027","/home/sc28/SC-28/1_definition/SC-28/camera.py","capture_and_detect","265","","","","","","","","","","","","","","","","","","346","50","","","","","","","","","","","","","","","","","","","","","","","","","","",""
"930.50971134","2026-05-12 19:19:51.379852","/home/sc28/SC-28/1_definition/SC-28/camera.py","capture_and_detect","266","","","","","","","","","","","","","","","","","","","","640","480","","","","","","","","","","","","","","","","","","","","","","","","",""
"930.583274799","2026-05-12 19:19:51.453413","/home/sc28/SC-28/1_definition/SC-28/camera.py","capture_and_detect","263","","","","","","","","","","","","","","","","","3","","","","","","","","","","","","","","","","","","","","","","","","","","","","",""
"930.589942665","2026-05-12 19:19:51.460081","/home/sc28/SC-28/1_definition/SC-28/camera.py","capture_and_detect","264","","","","","","","","","","","","","","","","809.0","","","","","","","","","","","","","","","","","","","","","","","","","","","","","",""
"930.59268053","2026-05-12 19:19:51.462822","/home/sc28/SC-28/1_definition/SC-28/camera.py","capture_and_detect","265","","","","","","","","","","","","","","","","","","25","35","","","","","","","","","","","","","","","","","","","","","","","","","","",""
"930.595374021","2026-05-12 19:19:51.465515","/home/sc28/SC-28/1_definition/SC-28/camera.py","capture_and_detect","266","","","","","","","","","","","","","","","","","","","","640","480","","","","","","","","","","","","","","","","","","","","","","","","",""
"930.666810135","2026-05-12 19:19:51.536956","/home/sc28/SC-28/1_definition/SC-28/camera.py","capture_and_detect","263","","","","","","","","","","","","","","","","","0","","","","","","","","","","","","","","","","","","","","","","","","","","","","",""
"930.677549409","2026-05-12 19:19:51.547686","/home/sc28/SC-28/1_definition/SC-28/camera.py","capture_and_detect","264","","","","","","","","","","","","","","","","276.5","","","","","","","","","","","","","","","","","","","","","","","","","","","","","",""
"930.68081342","2026-05-12 19:19:51.550960","/home/sc28/SC-28/1_definition/SC-28/camera.py","capture_and_detect","265","","","","","","","","","","","","","","","","","","47","35","","","","","","","","","","","","","","","","","","","","","","","","","","",""
"930.687656599","2026-05-12 19:19:51.557804","/home/sc28/SC-28/1_definition/SC-28/camera.py","capture_and_detect","266","","","","","","","","","","","","","","","","","","","","640","480","","","","","","","","","","","","","","","","","","","","","","","","",""
"930.756604015","2026-05-12 19:19:51.626748","/home/sc28/SC-28/1_definition/SC-28/camera.py","capture_and_detect","263","","","","","","","","","","","","","","","","","0","","","","","","","","","","","","","","","","","","","","","","","","","","","","",""
"930.759876203","2026-05-12 19:19:51.630014","/home/sc28/SC-28/1_definition/SC-28/camera.py","capture_and_detect","264","","","","","","","","","","","","","","","","39.0","","","","","","","","","","","","","","","","","","","","","","","","","","","","","",""
"930.762760944","2026-05-12 19:19:51.632903","/home/sc28/SC-28/1_definition/SC-28/camera.py","capture_and_detect","265","","","","","","","","","","","","","","","","","","42","22","","","","","","","","","","","","","","","","","","","","","","","","","","",""
"930.765721205","2026-05-12 19:19:51.635869","/home/sc28/SC-28/1_definition/SC-28/camera.py","capture_and_detect","266","","","","","","","","","","","","","","","","","","","","640","480","","","","","","","","","","","","","","","","","","","","","","","","",""
"930.836391694","2026-05-12 19:19:51.706533","/home/sc28/SC-28/1_definition/SC-28/camera.py","capture_and_detect","263","","","","","","","","","","","","","","","","","0","","","","","","","","","","","","","","","","","","","","","","","","","","","","",""
"930.848739719","2026-05-12 19:19:51.718885","/home/sc28/SC-28/1_definition/SC-28/camera.py","capture_and_detect","264","","","","","","","","","","","","","","","","36.0","","","","","","","","","","","","","","","","","","","","","","","","","","","","","",""
"930.85225873","2026-05-12 19:19:51.722409","/home/sc28/SC-28/1_definition/SC-28/camera.py","capture_and_detect","265","","","","","","","","","","","","","","","","","","183","32","","","","","","","","","","","","","","","","","","","","","","","","","","",""
"930.855604252","2026-05-12 19:19:51.725754","/home/sc28/SC-28/1_definition/SC-28/camera.py","capture_and_detect","266","","","","","","","","","","","","","","","","","","","","640","480","","","","","","","","","","","","","","","","","","","","","","","","",""
"937.127421016","2026-05-12 19:19:57.997561","/home/sc28/SC-28/1_definition/SC-28/camera.py","capture_and_detect","263","","","","","","","","","","","","","","","","","1","","","","","","","","","","","","","","","","","","","","","","","","","","","","",""
"937.130802423","2026-05-12 19:19:58.000936","/home/sc28/SC-28/1_definition/SC-28/camera.py","capture_and_detect","264","","","","","","","","","","","","","","","","382.5","","","","","","","","","","","","","","","","","","","","","","","","","","","","","",""
"937.137117738","2026-05-12 19:19:58.007259","/home/sc28/SC-28/1_definition/SC-28/camera.py","capture_and_detect","265","","","","","","","","","","","","","","","","","","269","74","","","","","","","","","","","","","","","","","","","","","","","","","","",""
"937.139944563","2026-05-12 19:19:58.010088","/home/sc28/SC-28/1_definition/SC-28/camera.py","capture_and_detect","266","","","","","","","","","","","","","","","","","","","","640","480","","","","","","","","","","","","","","","","","","","","","","","","",""
"937.202953547","2026-05-12 19:19:58.073096","/home/sc28/SC-28/1_definition/SC-28/camera.py","capture_and_detect","263","","","","","","","","","","","","","","","","","2","","","","","","","","","","","","","","","","","","","","","","","","","","","","",""
"937.206531257","2026-05-12 19:19:58.076666","/home/sc28/SC-28/1_definition/SC-28/camera.py","capture_and_detect","264","","","","","","","","","","","","","","","","1142.5","","","","","","","","","","","","","","","","","","","","","","","","","","","","","",""
"937.209662143","2026-05-12 19:19:58.079810","/home/sc28/SC-28/1_definition/SC-28/camera.py","capture_and_detect","265","","","","","","","","","","","","","","","","","","510","127","","","","","","","","","","","","","","","","","","","","","","","","","","",""
"937.213223082","2026-05-12 19:19:58.083369","/home/sc28/SC-28/1_definition/SC-28/camera.py","capture_and_detect","266","","","","","","","","","","","","","","","","","","","","640","480","","","","","","","","","","","","","","","","","","","","","","","","",""
"937.293344313","2026-05-12 19:19:58.163487","/home/sc28/SC-28/1_definition/SC-28/camera.py","capture_and_detect","263","","","","","","","","","","","","","","","","","2","","","","","","","","","","","","","","","","","","","","","","","","","","","","",""
"937.296981919","2026-05-12 19:19:58.167125","/home/sc28/SC-28/1_definition/SC-28/camera.py","capture_and_detect","264","","","","","","","","","","","","","","","","928.0","","","","","","","","","","","","","","","","","","","","","","","","","","","","","",""
"937.30021317","2026-05-12 19:19:58.170360","/home/sc28/SC-28/1_definition/SC-28/camera.py","capture_and_detect","265","","","","","","","","","","","","","","","","","","511","137","","","","","","","","","","","","","","","","","","","","","","","","","","",""
"937.303751036","2026-05-12 19:19:58.173899","/home/sc28/SC-28/1_definition/SC-28/camera.py","capture_and_detect","266","","","","","","","","","","","","","","","","","","","","640","480","","","","","","","","","","","","","","","","","","","","","","","","",""
"937.373688513","2026-05-12 19:19:58.243831","/home/sc28/SC-28/1_definition/SC-28/camera.py","capture_and_detect","263","","","","","","","","","","","","","","","","","2","","","","","","","","","","","","","","","","","","","","","","","","","","","","",""
"937.377027837","2026-05-12 19:19:58.247165","/home/sc28/SC-28/1_definition/SC-28/camera.py","capture_and_detect","264","","","","","","","","","","","","","","","","843.0","","","","","","","","","","","","","","","","","","","","","","","","","","","","","",""
"937.383328413","2026-05-12 19:19:58.253470","/home/sc28/SC-28/1_definition/SC-28/camera.py","capture_and_detect","265","","","","","","","","","","","","","","","","","","508","142","","","","","","","","","","","","","","","","","","","","","","","","","","",""
"937.387286592","2026-05-12 19:19:58.257431","/home/sc28/SC-28/1_definition/SC-28/camera.py","capture_and_detect","266","","","","","","","","","","","","","","","","","","","","640","480","","","","","","","","","","","","","","","","","","","","","","","","",""
"937.457296048","2026-05-12 19:19:58.327439","/home/sc28/SC-28/1_definition/SC-28/camera.py","capture_and_detect","263","","","","","","","","","","","","","","","","","2","","","","","","","","","","","","","","","","","","","","","","","","","","","","",""
"937.460835841","2026-05-12 19:19:58.330978","/home/sc28/SC-28/1_definition/SC-28/camera.py","capture_and_detect","264","","","","","","","","","","","","","","","","753.0","","","","","","","","","","","","","","","","","","","","","","","","","","","","","",""
"937.463952925","2026-05-12 19:19:58.334101","/home/sc28/SC-28/1_definition/SC-28/camera.py","capture_and_detect","265","","","","","","","","","","","","","","","","","","504","147","","","","","","","","","","","","","","","","","","","","","","","","","","",""
"937.472761054","2026-05-12 19:19:58.342908","/home/sc28/SC-28/1_definition/SC-28/camera.py","capture_and_detect","266","","","","","","","","","","","","","","","","","","","","640","480","","","","","","","","","","","","","","","","","","","","","","","","",""
"943.745194015","2026-05-12 19:20:04.615335","/home/sc28/SC-28/1_definition/SC-28/camera.py","capture_and_detect","263","","","","","","","","","","","","","","","","","2","","","","","","","","","","","","","","","","","","","","","","","","","","","","",""
"943.748486516","2026-05-12 19:20:04.618625","/home/sc28/SC-28/1_definition/SC-28/camera.py","capture_and_detect","264","","","","","","","","","","","","","","","","724.0","","","","","","","","","","","","","","","","","","","","","","","","","","","","","",""
"943.751301883","2026-05-12 19:20:04.621440","/home/sc28/SC-28/1_definition/SC-28/camera.py","capture_and_detect","265","","","","","","","","","","","","","","","","","","500","138","","","","","","","","","","","","","","","","","","","","","","","","","","",""
"943.754033967","2026-05-12 19:20:04.624173","/home/sc28/SC-28/1_definition/SC-28/camera.py","capture_and_detect","266","","","","","","","","","","","","","","","","","","","","640","480","","","","","","","","","","","","","","","","","","","","","","","","",""
"943.824770306","2026-05-12 19:20:04.694912","/home/sc28/SC-28/1_definition/SC-28/camera.py","capture_and_detect","263","","","","","","","","","","","","","","","","","1","","","","","","","","","","","","","","","","","","","","","","","","","","","","",""
"943.828253901","2026-05-12 19:20:04.698403","/home/sc28/SC-28/1_definition/SC-28/camera.py","capture_and_detect","264","","","","","","","","","","","","","","","","2894.0","","","","","","","","","","","","","","","","","","","","","","","","","","","","","",""
"943.831697236","2026-05-12 19:20:04.701851","/home/sc28/SC-28/1_definition/SC-28/camera.py","capture_and_detect","265","","","","","","","","","","","","","","","","","","356","462","","","","","","","","","","","","","","","","","","","","","","","","","","",""
"943.835537915","2026-05-12 19:20:04.705685","/home/sc28/SC-28/1_definition/SC-28/camera.py","capture_and_detect","266","","","","","","","","","","","","","","","","","","","","640","480","","","","","","","","","","","","","","","","","","","","","","","","",""
"943.910497329","2026-05-12 19:20:04.780640","/home/sc28/SC-28/1_definition/SC-28/camera.py","capture_and_detect","263","","","","","","","","","","","","","","","","","1","","","","","","","","","","","","","","","","","","","","","","","","","","","","",""
"943.914125143","2026-05-12 19:20:04.784270","/home/sc28/SC-28/1_definition/SC-28/camera.py","capture_and_detect","264","","","","","","","","","","","","","","","","4717.0","","","","","","","","","","","","","","","","","","","","","","","","","","","","","",""
"943.921105043","2026-05-12 19:20:04.791254","/home/sc28/SC-28/1_definition/SC-28/camera.py","capture_and_detect","265","","","","","","","","","","","","","","","","","","343","455","","","","","","","","","","","","","","","","","","","","","","","","","","",""
"943.925536868","2026-05-12 19:20:04.795685","/home/sc28/SC-28/1_definition/SC-28/camera.py","capture_and_detect","266","","","","","","","","","","","","","","","","","","","","640","480","","","","","","","","","","","","","","","","","","","","","","","","",""
"943.995796279","2026-05-12 19:20:04.865938","/home/sc28/SC-28/1_definition/SC-28/camera.py","capture_and_detect","263","","","","","","","","","","","","","","","","","1","","","","","","","","","","","","","","","","","","","","","","","","","","","","",""
"943.999385448","2026-05-12 19:20:04.869521","/home/sc28/SC-28/1_definition/SC-28/camera.py","capture_and_detect","264","","","","","","","","","","","","","","","","2967.5","","","","","","","","","","","","","","","","","","","","","","","","","","","","","",""
"944.00248571","2026-05-12 19:20:04.872633","/home/sc28/SC-28/1_definition/SC-28/camera.py","capture_and_detect","265","","","","","","","","","","","","","","","","","","355","451","","","","","","","","","","","","","","","","","","","","","","","","","","",""
"944.009034255","2026-05-12 19:20:04.879180","/home/sc28/SC-28/1_definition/SC-28/camera.py","capture_and_detect","266","","","","","","","","","","","","","","","","","","","","640","480","","","","","","","","","","","","","","","","","","","","","","","","",""
"944.07753679","2026-05-12 19:20:04.947679","/home/sc28/SC-28/1_definition/SC-28/camera.py","capture_and_detect","263","","","","","","","","","","","","","","","","","1","","","","","","","","","","","","","","","","","","","","","","","","","","","","",""
"944.080836271","2026-05-12 19:20:04.950973","/home/sc28/SC-28/1_definition/SC-28/camera.py","capture_and_detect","264","","","","","","","","","","","","","","","","1243.0","","","","","","","","","","","","","","","","","","","","","","","","","","","","","",""
"944.083647158","2026-05-12 19:20:04.953786","/home/sc28/SC-28/1_definition/SC-28/camera.py","capture_and_detect","265","","","","","","","","","","","","","","","","","","477","72","","","","","","","","","","","","","","","","","","","","","","","","","","",""
"944.086714191","2026-05-12 19:20:04.956856","/home/sc28/SC-28/1_definition/SC-28/camera.py","capture_and_detect","266","","","","","","","","","","","","","","","","","","","","640","480","","","","","","","","","","","","","","","","","","","","","","","","",""
"950.367479773","2026-05-12 19:20:11.237620","/home/sc28/SC-28/1_definition/SC-28/camera.py","capture_and_detect","263","","","","","","","","","","","","","","","","","1","","","","","","","","","","","","","","","","","","","","","","","","","","","","",""
"950.370858369","2026-05-12 19:20:11.240992","/home/sc28/SC-28/1_definition/SC-28/camera.py","capture_and_detect","264","","","","","","","","","","","","","","","","1895.5","","","","","","","","","","","","","","","","","","","","","","","","","","","","","",""
"950.373904725","2026-05-12 19:20:11.244055","/home/sc28/SC-28/1_definition/SC-28/camera.py","capture_and_detect","265","","","","","","","","","","","","","","","","","","375","458","","","","","","","","","","","","","","","","","","","","","","","","","","",""
"950.376954259","2026-05-12 19:20:11.247099","/home/sc28/SC-28/1_definition/SC-28/camera.py","capture_and_detect","266","","","","","","","","","","","","","","","","","","","","640","480","","","","","","","","","","","","","","","","","","","","","","","","",""
"950.45092967","2026-05-12 19:20:11.321072","/home/sc28/SC-28/1_definition/SC-28/camera.py","capture_and_detect","263","","","","","","","","","","","","","","","","","3","","","","","","","","","","","","","","","","","","","","","","","","","","","","",""
"950.454475714","2026-05-12 19:20:11.324611","/home/sc28/SC-28/1_definition/SC-28/camera.py","capture_and_detect","264","","","","","","","","","","","","","","","","897.5","","","","","","","","","","","","","","","","","","","","","","","","","","","","","",""
"950.462518375","2026-05-12 19:20:11.332664","/home/sc28/SC-28/1_definition/SC-28/camera.py","capture_and_detect","265","","","","","","","","","","","","","","","","","","28","263","","","","","","","","","","","","","","","","","","","","","","","","","","",""
"950.465967127","2026-05-12 19:20:11.336112","/home/sc28/SC-28/1_definition/SC-28/camera.py","capture_and_detect","266","","","","","","","","","","","","","","","","","","","","640","480","","","","","","","","","","","","","","","","","","","","","","","","",""
"950.538048006","2026-05-12 19:20:11.408188","/home/sc28/SC-28/1_definition/SC-28/camera.py","capture_and_detect","263","","","","","","","","","","","","","","","","","1","","","","","","","","","","","","","","","","","","","","","","","","","","","","",""
"950.541586914","2026-05-12 19:20:11.411729","/home/sc28/SC-28/1_definition/SC-28/camera.py","capture_and_detect","264","","","","","","","","","","","","","","","","763.0","","","","","","","","","","","","","","","","","","","","","","","","","","","","","",""
"950.546566553","2026-05-12 19:20:11.416718","/home/sc28/SC-28/1_definition/SC-28/camera.py","capture_and_detect","265","","","","","","","","","","","","","","","","","","240","278","","","","","","","","","","","","","","","","","","","","","","","","","","",""
"950.553382182","2026-05-12 19:20:11.423529","/home/sc28/SC-28/1_definition/SC-28/camera.py","capture_and_detect","266","","","","","","","","","","","","","","","","","","","","640","480","","","","","","","","","","","","","","","","","","","","","","","","",""
"950.625281394","2026-05-12 19:20:11.495423","/home/sc28/SC-28/1_definition/SC-28/camera.py","capture_and_detect","263","","","","","","","","","","","","","","","","","1","","","","","","","","","","","","","","","","","","","","","","","","","","","","",""
"950.628815042","2026-05-12 19:20:11.498959","/home/sc28/SC-28/1_definition/SC-28/camera.py","capture_and_detect","264","","","","","","","","","","","","","","","","1249.0","","","","","","","","","","","","","","","","","","","","","","","","","","","","","",""
"950.632341659","2026-05-12 19:20:11.502486","/home/sc28/SC-28/1_definition/SC-28/camera.py","capture_and_detect","265","","","","","","","","","","","","","","","","","","247","274","","","","","","","","","","","","","","","","","","","","","","","","","","",""
"950.635635046","2026-05-12 19:20:11.505780","/home/sc28/SC-28/1_definition/SC-28/camera.py","capture_and_detect","266","","","","","","","","","","","","","","","","","","","","640","480","","","","","","","","","","","","","","","","","","","","","","","","",""
"950.712674938","2026-05-12 19:20:11.582820","/home/sc28/SC-28/1_definition/SC-28/camera.py","capture_and_detect","263","","","","","","","","","","","","","","","","","1","","","","","","","","","","","","","","","","","","","","","","","","","","","","",""
"950.720931193","2026-05-12 19:20:11.591065","/home/sc28/SC-28/1_definition/SC-28/camera.py","capture_and_detect","264","","","","","","","","","","","","","","","","1608.5","","","","","","","","","","","","","","","","","","","","","","","","","","","","","",""
"950.723883487","2026-05-12 19:20:11.594025","/home/sc28/SC-28/1_definition/SC-28/camera.py","capture_and_detect","265","","","","","","","","","","","","","","","","","","279","282","","","","","","","","","","","","","","","","","","","","","","","","","","",""
"950.726777082","2026-05-12 19:20:11.596921","/home/sc28/SC-28/1_definition/SC-28/camera.py","capture_and_detect","266","","","","","","","","","","","","","","","","","","","","640","480","","","","","","","","","","","","","","","","","","","","","","","","",""
"957.008286863","2026-05-12 19:20:17.878428","/home/sc28/SC-28/1_definition/SC-28/camera.py","capture_and_detect","263","","","","","","","","","","","","","","","","","3","","","","","","","","","","","","","","","","","","","","","","","","","","","","",""
"957.011606865","2026-05-12 19:20:17.881740","/home/sc28/SC-28/1_definition/SC-28/camera.py","capture_and_detect","264","","","","","","","","","","","","","","","","2452.5","","","","","","","","","","","","","","","","","","","","","","","","","","","","","",""
"957.019169787","2026-05-12 19:20:17.889317","/home/sc28/SC-28/1_definition/SC-28/camera.py","capture_and_detect","265","","","","","","","","","","","","","","","","","","86","306","","","","","","","","","","","","","","","","","","","","","","","","","","",""
"957.022043383","2026-05-12 19:20:17.892186","/home/sc28/SC-28/1_definition/SC-28/camera.py","capture_and_detect","266","","","","","","","","","","","","","","","","","","","","640","480","","","","","","","","","","","","","","","","","","","","","","","","",""
"957.090701453","2026-05-12 19:20:17.960847","/home/sc28/SC-28/1_definition/SC-28/camera.py","capture_and_detect","263","","","","","","","","","","","","","","","","","1","","","","","","","","","","","","","","","","","","","","","","","","","","","","",""
"957.094443539","2026-05-12 19:20:17.964577","/home/sc28/SC-28/1_definition/SC-28/camera.py","capture_and_detect","264","","","","","","","","","","","","","","","","713.5","","","","","","","","","","","","","","","","","","","","","","","","","","","","","",""
"957.097293021","2026-05-12 19:20:17.967435","/home/sc28/SC-28/1_definition/SC-28/camera.py","capture_and_detect","265","","","","","","","","","","","","","","","","","","327","409","","","","","","","","","","","","","","","","","","","","","","","","","","",""
"957.103554431","2026-05-12 19:20:17.973699","/home/sc28/SC-28/1_definition/SC-28/camera.py","capture_and_detect","266","","","","","","","","","","","","","","","","","","","","640","480","","","","","","","","","","","","","","","","","","","","","","","","",""
"957.184835116","2026-05-12 19:20:18.054976","/home/sc28/SC-28/1_definition/SC-28/camera.py","capture_and_detect","263","","","","","","","","","","","","","","","","","1","","","","","","","","","","","","","","","","","","","","","","","","","","","","",""
"957.188144962","2026-05-12 19:20:18.058285","/home/sc28/SC-28/1_definition/SC-28/camera.py","capture_and_detect","264","","","","","","","","","","","","","","","","526.0","","","","","","","","","","","","","","","","","","","","","","","","","","","","","",""
"957.191011526","2026-05-12 19:20:18.061152","/home/sc28/SC-28/1_definition/SC-28/camera.py","capture_and_detect","265","","","","","","","","","","","","","","","","","","462","423","","","","","","","","","","","","","","","","","","","","","","","","","","",""
"957.193780383","2026-05-12 19:20:18.063921","/home/sc28/SC-28/1_definition/SC-28/camera.py","capture_and_detect","266","","","","","","","","","","","","","","","","","","","","640","480","","","","","","","","","","","","","","","","","","","","","","","","",""
"957.27260893","2026-05-12 19:20:18.142750","/home/sc28/SC-28/1_definition/SC-28/camera.py","capture_and_detect","263","","","","","","","","","","","","","","","","","1","","","","","","","","","","","","","","","","","","","","","","","","","","","","",""
"957.279275862","2026-05-12 19:20:18.149409","/home/sc28/SC-28/1_definition/SC-28/camera.py","capture_and_detect","264","","","","","","","","","","","","","","","","336.5","","","","","","","","","","","","","","","","","","","","","","","","","","","","","",""
"957.282286906","2026-05-12 19:20:18.152433","/home/sc28/SC-28/1_definition/SC-28/camera.py","capture_and_detect","265","","","","","","","","","","","","","","","","","","353","406","","","","","","","","","","","","","","","","","","","","","","","","","","",""
"957.285145137","2026-05-12 19:20:18.155287","/home/sc28/SC-28/1_definition/SC-28/camera.py","capture_and_detect","266","","","","","","","","","","","","","","","","","","","","640","480","","","","","","","","","","","","","","","","","","","","","","","","",""
"957.354241334","2026-05-12 19:20:18.224382","/home/sc28/SC-28/1_definition/SC-28/camera.py","capture_and_detect","263","","","","","","","","","","","","","","","","","1","","","","","","","","","","","","","","","","","","","","","","","","","","","","",""
"957.35754243","2026-05-12 19:20:18.227676","/home/sc28/SC-28/1_definition/SC-28/camera.py","capture_and_detect","264","","","","","","","","","","","","","","","","353.5","","","","","","","","","","","","","","","","","","","","","","","","","","","","","",""
"957.365079467","2026-05-12 19:20:18.235223","/home/sc28/SC-28/1_definition/SC-28/camera.py","capture_and_detect","265","","","","","","","","","","","","","","","","","","394","402","","","","","","","","","","","","","","","","","","","","","","","","","","",""
"957.36809723","2026-05-12 19:20:18.238253","/home/sc28/SC-28/1_definition/SC-28/camera.py","capture_and_detect","266","","","","","","","","","","","","","","","","","","","","640","480","","","","","","","","","","","","","","","","","","","","","","","","",""
"963.634992467","2026-05-12 19:20:24.505134","/home/sc28/SC-28/1_definition/SC-28/camera.py","capture_and_detect","263","","","","","","","","","","","","","","","","","1","","","","","","","","","","","","","","","","","","","","","","","","","","","","",""
"963.638294501","2026-05-12 19:20:24.508428","/home/sc28/SC-28/1_definition/SC-28/camera.py","capture_and_detect","264","","","","","","","","","","","","","","","","638.5","","","","","","","","","","","","","","","","","","","","","","","","","","","","","",""
"963.641099087","2026-05-12 19:20:24.511240","/home/sc28/SC-28/1_definition/SC-28/camera.py","capture_and_detect","265","","","","","","","","","","","","","","","","","","329","355","","","","","","","","","","","","","","","","","","","","","","","","","","",""
"963.647638051","2026-05-12 19:20:24.517789","/home/sc28/SC-28/1_definition/SC-28/camera.py","capture_and_detect","266","","","","","","","","","","","","","","","","","","","","640","480","","","","","","","","","","","","","","","","","","","","","","","","",""
"963.713622636","2026-05-12 19:20:24.583771","/home/sc28/SC-28/1_definition/SC-28/camera.py","capture_and_detect","263","","","","","","","","","","","","","","","","","0","","","","","","","","","","","","","","","","","","","","","","","","","","","","",""
"963.717327327","2026-05-12 19:20:24.587477","/home/sc28/SC-28/1_definition/SC-28/camera.py","capture_and_detect","264","","","","","","","","","","","","","","","","42.0","","","","","","","","","","","","","","","","","","","","","","","","","","","","","",""
"963.722782383","2026-05-12 19:20:24.592928","/home/sc28/SC-28/1_definition/SC-28/camera.py","capture_and_detect","265","","","","","","","","","","","","","","","","","","422","406","","","","","","","","","","","","","","","","","","","","","","","","","","",""
"963.725999834","2026-05-12 19:20:24.596152","/home/sc28/SC-28/1_definition/SC-28/camera.py","capture_and_detect","266","","","","","","","","","","","","","","","","","","","","640","480","","","","","","","","","","","","","","","","","","","","","","","","",""
"963.804112398","2026-05-12 19:20:24.674260","/home/sc28/SC-28/1_definition/SC-28/camera.py","capture_and_detect","263","","","","","","","","","","","","","","","","","0","","","","","","","","","","","","","","","","","","","","","","","","","","","","",""
"963.810804226","2026-05-12 19:20:24.680945","/home/sc28/SC-28/1_definition/SC-28/camera.py","capture_and_detect","264","","","","","","","","","","","","","","","","0.0","","","","","","","","","","","","","","","","","","","","","","","","","","","","","",""
"963.813774281","2026-05-12 19:20:24.683921","/home/sc28/SC-28/1_definition/SC-28/camera.py","capture_and_detect","265","","","","","","","","","","","","","","","","","","320","240","","","","","","","","","","","","","","","","","","","","","","","","","","",""
"963.816775221","2026-05-12 19:20:24.686920","/home/sc28/SC-28/1_definition/SC-28/camera.py","capture_and_detect","266","","","","","","","","","","","","","","","","","","","","640","480","","","","","","","","","","","","","","","","","","","","","","","","",""
"963.898378778","2026-05-12 19:20:24.768520","/home/sc28/SC-28/1_definition/SC-28/camera.py","capture_and_detect","263","","","","","","","","","","","","","","","","","0","","","","","","","","","","","","","","","","","","","","","","","","","","","","",""
"963.902780136","2026-05-12 19:20:24.772922","/home/sc28/SC-28/1_definition/SC-28/camera.py","capture_and_detect","264","","","","","","","","","","","","","","","","0.0","","","","","","","","","","","","","","","","","","","","","","","","","","","","","",""
"963.909071703","2026-05-12 19:20:24.779216","/home/sc28/SC-28/1_definition/SC-28/camera.py","capture_and_detect","265","","","","","","","","","","","","","","","","","","320","240","","","","","","","","","","","","","","","","","","","","","","","","","","",""
"963.911906237","2026-05-12 19:20:24.782050","/home/sc28/SC-28/1_definition/SC-28/camera.py","capture_and_detect","266","","","","","","","","","","","","","","","","","","","","640","480","","","","","","","","","","","","","","","","","","","","","","","","",""
"963.985709579","2026-05-12 19:20:24.855854","/home/sc28/SC-28/1_definition/SC-28/camera.py","capture_and_detect","263","","","","","","","","","","","","","","","","","0","","","","","","","","","","","","","","","","","","","","","","","","","","","","",""
"963.989028175","2026-05-12 19:20:24.859170","/home/sc28/SC-28/1_definition/SC-28/camera.py","capture_and_detect","264","","","","","","","","","","","","","","","","0.0","","","","","","","","","","","","","","","","","","","","","","","","","","","","","",""
"963.991861407","2026-05-12 19:20:24.862003","/home/sc28/SC-28/1_definition/SC-28/camera.py","capture_and_detect","265","","","","","","","","","","","","","","","","","","320","240","","","","","","","","","","","","","","","","","","","","","","","","","","",""
"963.994715107","2026-05-12 19:20:24.864856","/home/sc28/SC-28/1_definition/SC-28/camera.py","capture_and_detect","266","","","","","","","","","","","","","","","","","","","","640","480","","","","","","","","","","","","","","","","","","","","","","","","",""
"964.073591422","2026-05-12 19:20:24.943743","/home/sc28/SC-28/1_definition/SC-28/camera.py","capture_and_detect","263","","","","","","","","","","","","","","","","","0","","","","","","","","","","","","","","","","","","","","","","","","","","","","",""
"964.077356165","2026-05-12 19:20:24.947496","/home/sc28/SC-28/1_definition/SC-28/camera.py","capture_and_detect","264","","","","","","","","","","","","","","","","0.0","","","","","","","","","","","","","","","","","","","","","","","","","","","","","",""
"964.0802195","2026-05-12 19:20:24.950360","/home/sc28/SC-28/1_definition/SC-28/camera.py","capture_and_detect","265","","","","","","","","","","","","","","","","","","320","240","","","","","","","","","","","","","","","","","","","","","","","","","","",""
"964.08297768","2026-05-12 19:20:24.953118","/home/sc28/SC-28/1_definition/SC-28/camera.py","capture_and_detect","266","","","","","","","","","","","","","","","","","","","","640","480","","","","","","","","","","","","","","","","","","","","","","","","",""
"964.153754769","2026-05-12 19:20:25.023899","/home/sc28/SC-28/1_definition/SC-28/camera.py","capture_and_detect","263","","","","","","","","","","","","","","","","","0","","","","","","","","","","","","","","","","","","","","","","","","","","","","",""
"964.157258366","2026-05-12 19:20:25.027405","/home/sc28/SC-28/1_definition/SC-28/camera.py","capture_and_detect","264","","","","","","","","","","","","","","","","0.0","","","","","","","","","","","","","","","","","","","","","","","","","","","","","",""
"964.165602071","2026-05-12 19:20:25.035752","/home/sc28/SC-28/1_definition/SC-28/camera.py","capture_and_detect","265","","","","","","","","","","","","","","","","","","320","240","","","","","","","","","","","","","","","","","","","","","","","","","","",""
"964.168817803","2026-05-12 19:20:25.038967","/home/sc28/SC-28/1_definition/SC-28/camera.py","capture_and_detect","266","","","","","","","","","","","","","","","","","","","","640","480","","","","","","","","","","","","","","","","","","","","","","","","",""
"964.239605622","2026-05-12 19:20:25.109751","/home/sc28/SC-28/1_definition/SC-28/camera.py","capture_and_detect","263","","","","","","","","","","","","","","","","","0","","","","","","","","","","","","","","","","","","","","","","","","","","","","",""
"964.244098387","2026-05-12 19:20:25.114240","/home/sc28/SC-28/1_definition/SC-28/camera.py","capture_and_detect","264","","","","","","","","","","","","","","","","0.0","","","","","","","","","","","","","","","","","","","","","","","","","","","","","",""
"964.247278233","2026-05-12 19:20:25.117429","/home/sc28/SC-28/1_definition/SC-28/camera.py","capture_and_detect","265","","","","","","","","","","","","","","","","","","320","240","","","","","","","","","","","","","","","","","","","","","","","","","","",""
"964.253854853","2026-05-12 19:20:25.124000","/home/sc28/SC-28/1_definition/SC-28/camera.py","capture_and_detect","266","","","","","","","","","","","","","","","","","","","","640","480","","","","","","","","","","","","","","","","","","","","","","","","",""
"964.326311476","2026-05-12 19:20:25.196455","/home/sc28/SC-28/1_definition/SC-28/camera.py","capture_and_detect","263","","","","","","","","","","","","","","","","","0","","","","","","","","","","","","","","","","","","","","","","","","","","","","",""
"964.329770802","2026-05-12 19:20:25.199912","/home/sc28/SC-28/1_definition/SC-28/camera.py","capture_and_detect","264","","","","","","","","","","","","","","","","0.0","","","","","","","","","","","","","","","","","","","","","","","","","","","","","",""
"964.332613252","2026-05-12 19:20:25.202755","/home/sc28/SC-28/1_definition/SC-28/camera.py","capture_and_detect","265","","","","","","","","","","","","","","","","","","320","240","","","","","","","","","","","","","","","","","","","","","","","","","","",""
"964.335453776","2026-05-12 19:20:25.205597","/home/sc28/SC-28/1_definition/SC-28/camera.py","capture_and_detect","266","","","","","","","","","","","","","","","","","","","","640","480","","","","","","","","","","","","","","","","","","","","","","","","",""
"964.407659096","2026-05-12 19:20:25.277804","/home/sc28/SC-28/1_definition/SC-28/camera.py","capture_and_detect","263","","","","","","","","","","","","","","","","","0","","","","","","","","","","","","","","","","","","","","","","","","","","","","",""
"964.414533738","2026-05-12 19:20:25.284674","/home/sc28/SC-28/1_definition/SC-28/camera.py","capture_and_detect","264","","","","","","","","","","","","","","","","44.0","","","","","","","","","","","","","","","","","","","","","","","","","","","","","",""
"964.417459417","2026-05-12 19:20:25.287603","/home/sc28/SC-28/1_definition/SC-28/camera.py","capture_and_detect","265","","","","","","","","","","","","","","","","","","419","406","","","","","","","","","","","","","","","","","","","","","","","","","","",""
"964.420413899","2026-05-12 19:20:25.290561","/home/sc28/SC-28/1_definition/SC-28/camera.py","capture_and_detect","266","","","","","","","","","","","","","","","","","","","","640","480","","","","","","","","","","","","","","","","","","","","","","","","",""
"964.493591773","2026-05-12 19:20:25.363739","/home/sc28/SC-28/1_definition/SC-28/camera.py","capture_and_detect","263","","","","","","","","","","","","","","","","","0","","","","","","","","","","","","","","","","","","","","","","","","","","","","",""
"964.497412297","2026-05-12 19:20:25.367560","/home/sc28/SC-28/1_definition/SC-28/camera.py","capture_and_detect","264","","","","","","","","","","","","","","","","0.0","","","","","","","","","","","","","","","","","","","","","","","","","","","","","",""
"964.501249383","2026-05-12 19:20:25.371397","/home/sc28/SC-28/1_definition/SC-28/camera.py","capture_and_detect","265","","","","","","","","","","","","","","","","","","320","240","","","","","","","","","","","","","","","","","","","","","","","","","","",""
"964.508300899","2026-05-12 19:20:25.378473","/home/sc28/SC-28/1_definition/SC-28/camera.py","capture_and_detect","266","","","","","","","","","","","","","","","","","","","","640","480","","","","","","","","","","","","","","","","","","","","","","","","",""
"964.577073405","2026-05-12 19:20:25.447217","/home/sc28/SC-28/1_definition/SC-28/camera.py","capture_and_detect","263","","","","","","","","","","","","","","","","","0","","","","","","","","","","","","","","","","","","","","","","","","","","","","",""
"964.58171169","2026-05-12 19:20:25.451854","/home/sc28/SC-28/1_definition/SC-28/camera.py","capture_and_detect","264","","","","","","","","","","","","","","","","0.0","","","","","","","","","","","","","","","","","","","","","","","","","","","","","",""
"964.585151328","2026-05-12 19:20:25.455302","/home/sc28/SC-28/1_definition/SC-28/camera.py","capture_and_detect","265","","","","","","","","","","","","","","","","","","320","240","","","","","","","","","","","","","","","","","","","","","","","","","","",""
"964.58832805","2026-05-12 19:20:25.458481","/home/sc28/SC-28/1_definition/SC-28/camera.py","capture_and_detect","266","","","","","","","","","","","","","","","","","","","","640","480","","","","","","","","","","","","","","","","","","","","","","","","",""
"964.664183426","2026-05-12 19:20:25.534328","/home/sc28/SC-28/1_definition/SC-28/camera.py","capture_and_detect","263","","","","","","","","","","","","","","","","","0","","","","","","","","","","","","","","","","","","","","","","","","","","","","",""
"964.667701814","2026-05-12 19:20:25.537845","/home/sc28/SC-28/1_definition/SC-28/camera.py","capture_and_detect","264","","","","","","","","","","","","","","","","0.0","","","","","","","","","","","","","","","","","","","","","","","","","","","","","",""
"964.670864265","2026-05-12 19:20:25.541013","/home/sc28/SC-28/1_definition/SC-28/camera.py","capture_and_detect","265","","","","","","","","","","","","","","","","","","320","240","","","","","","","","","","","","","","","","","","","","","","","","","","",""
"964.675930727","2026-05-12 19:20:25.546074","/home/sc28/SC-28/1_definition/SC-28/camera.py","capture_and_detect","266","","","","","","","","","","","","","","","","","","","","640","480","","","","","","","","","","","","","","","","","","","","","","","","",""
"964.747262245","2026-05-12 19:20:25.617408","/home/sc28/SC-28/1_definition/SC-28/camera.py","capture_and_detect","263","","","","","","","","","","","","","","","","","0","","","","","","","","","","","","","","","","","","","","","","","","","","","","",""
"964.750544592","2026-05-12 19:20:25.620684","/home/sc28/SC-28/1_definition/SC-28/camera.py","capture_and_detect","264","","","","","","","","","","","","","","","","0.0","","","","","","","","","","","","","","","","","","","","","","","","","","","","","",""
"964.75685017","2026-05-12 19:20:25.626992","/home/sc28/SC-28/1_definition/SC-28/camera.py","capture_and_detect","265","","","","","","","","","","","","","","","","","","320","240","","","","","","","","","","","","","","","","","","","","","","","","","","",""
"964.759773349","2026-05-12 19:20:25.629916","/home/sc28/SC-28/1_definition/SC-28/camera.py","capture_and_detect","266","","","","","","","","","","","","","","","","","","","","640","480","","","","","","","","","","","","","","","","","","","","","","","","",""
"964.832121639","2026-05-12 19:20:25.702298","/home/sc28/SC-28/1_definition/SC-28/camera.py","capture_and_detect","263","","","","","","","","","","","","","","","","","0","","","","","","","","","","","","","","","","","","","","","","","","","","","","",""
"964.835602684","2026-05-12 19:20:25.705746","/home/sc28/SC-28/1_definition/SC-28/camera.py","capture_and_detect","264","","","","","","","","","","","","","","","","0.0","","","","","","","","","","","","","","","","","","","","","","","","","","","","","",""
"964.838843312","2026-05-12 19:20:25.708990","/home/sc28/SC-28/1_definition/SC-28/camera.py","capture_and_detect","265","","","","","","","","","","","","","","","","","","320","240","","","","","","","","","","","","","","","","","","","","","","","","","","",""
"964.841881491","2026-05-12 19:20:25.712027","/home/sc28/SC-28/1_definition/SC-28/camera.py","capture_and_detect","266","","","","","","","","","","","","","","","","","","","","640","480","","","","","","","","","","","","","","","","","","","","","","","","",""
"964.918343951","2026-05-12 19:20:25.788494","/home/sc28/SC-28/1_definition/SC-28/camera.py","capture_and_detect","263","","","","","","","","","","","","","","","","","0","","","","","","","","","","","","","","","","","","","","","","","","","","","","",""
"964.923472862","2026-05-12 19:20:25.793613","/home/sc28/SC-28/1_definition/SC-28/camera.py","capture_and_detect","264","","","","","","","","","","","","","","","","0.0","","","","","","","","","","","","","","","","","","","","","","","","","","","","","",""
"964.926472083","2026-05-12 19:20:25.796614","/home/sc28/SC-28/1_definition/SC-28/camera.py","capture_and_detect","265","","","","","","","","","","","","","","","","","","320","240","","","","","","","","","","","","","","","","","","","","","","","","","","",""
"964.929316043","2026-05-12 19:20:25.799457","/home/sc28/SC-28/1_definition/SC-28/camera.py","capture_and_detect","266","","","","","","","","","","","","","","","","","","","","640","480","","","","","","","","","","","","","","","","","","","","","","","","",""
"965.000260947","2026-05-12 19:20:25.870406","/home/sc28/SC-28/1_definition/SC-28/camera.py","capture_and_detect","263","","","","","","","","","","","","","","","","","0","","","","","","","","","","","","","","","","","","","","","","","","","","","","",""
"965.007213609","2026-05-12 19:20:25.877358","/home/sc28/SC-28/1_definition/SC-28/camera.py","capture_and_detect","264","","","","","","","","","","","","","","","","0.0","","","","","","","","","","","","","","","","","","","","","","","","","","","","","",""
"965.01066283","2026-05-12 19:20:25.880814","/home/sc28/SC-28/1_definition/SC-28/camera.py","capture_and_detect","265","","","","","","","","","","","","","","","","","","320","240","","","","","","","","","","","","","","","","","","","","","","","","","","",""
"965.013936062","2026-05-12 19:20:25.884089","/home/sc28/SC-28/1_definition/SC-28/camera.py","capture_and_detect","266","","","","","","","","","","","","","","","","","","","","640","480","","","","","","","","","","","","","","","","","","","","","","","","",""
"965.087526332","2026-05-12 19:20:25.957671","/home/sc28/SC-28/1_definition/SC-28/camera.py","capture_and_detect","263","","","","","","","","","","","","","","","","","0","","","","","","","","","","","","","","","","","","","","","","","","","","","","",""
"965.091475554","2026-05-12 19:20:25.961618","/home/sc28/SC-28/1_definition/SC-28/camera.py","capture_and_detect","264","","","","","","","","","","","","","","","","0.0","","","","","","","","","","","","","","","","","","","","","","","","","","","","","",""
"965.094584567","2026-05-12 19:20:25.964731","/home/sc28/SC-28/1_definition/SC-28/camera.py","capture_and_detect","265","","","","","","","","","","","","","","","","","","320","240","","","","","","","","","","","","","","","","","","","","","","","","","","",""
"965.101157333","2026-05-12 19:20:25.971302","/home/sc28/SC-28/1_definition/SC-28/camera.py","capture_and_detect","266","","","","","","","","","","","","","","","","","","","","640","480","","","","","","","","","","","","","","","","","","","","","","","","",""
"965.173580155","2026-05-12 19:20:26.043724","/home/sc28/SC-28/1_definition/SC-28/camera.py","capture_and_detect","263","","","","","","","","","","","","","","","","","0","","","","","","","","","","","","","","","","","","","","","","","","","","","","",""
"965.176917241","2026-05-12 19:20:26.047058","/home/sc28/SC-28/1_definition/SC-28/camera.py","capture_and_detect","264","","","","","","","","","","","","","","","","0.0","","","","","","","","","","","","","","","","","","","","","","","","","","","","","",""
"965.17977042","2026-05-12 19:20:26.049911","/home/sc28/SC-28/1_definition/SC-28/camera.py","capture_and_detect","265","","","","","","","","","","","","","","","","","","320","240","","","","","","","","","","","","","","","","","","","","","","","","","","",""
"965.182628183","2026-05-12 19:20:26.052771","/home/sc28/SC-28/1_definition/SC-28/camera.py","capture_and_detect","266","","","","","","","","","","","","","","","","","","","","640","480","","","","","","","","","","","","","","","","","","","","","","","","",""
"965.259255801","2026-05-12 19:20:26.129418","/home/sc28/SC-28/1_definition/SC-28/camera.py","capture_and_detect","263","","","","","","","","","","","","","","","","","0","","","","","","","","","","","","","","","","","","","","","","","","","","","","",""
"965.26319846","2026-05-12 19:20:26.133337","/home/sc28/SC-28/1_definition/SC-28/camera.py","capture_and_detect","264","","","","","","","","","","","","","","","","0.0","","","","","","","","","","","","","","","","","","","","","","","","","","","","","",""
"965.266024817","2026-05-12 19:20:26.136166","/home/sc28/SC-28/1_definition/SC-28/camera.py","capture_and_detect","265","","","","","","","","","","","","","","","","","","320","240","","","","","","","","","","","","","","","","","","","","","","","","","","",""
"965.269096434","2026-05-12 19:20:26.139250","/home/sc28/SC-28/1_definition/SC-28/camera.py","capture_and_detect","266","","","","","","","","","","","","","","","","","","","","640","480","","","","","","","","","","","","","","","","","","","","","","","","",""
"965.346282802","2026-05-12 19:20:26.216425","/home/sc28/SC-28/1_definition/SC-28/camera.py","capture_and_detect","263","","","","","","","","","","","","","","","","","0","","","","","","","","","","","","","","","","","","","","","","","","","","","","",""
"965.353237235","2026-05-12 19:20:26.223378","/home/sc28/SC-28/1_definition/SC-28/camera.py","capture_and_detect","264","","","","","","","","","","","","","","","","0.0","","","","","","","","","","","","","","","","","","","","","","","","","","","","","",""
"965.356168175","2026-05-12 19:20:26.226312","/home/sc28/SC-28/1_definition/SC-28/camera.py","capture_and_detect","265","","","","","","","","","","","","","","","","","","320","240","","","","","","","","","","","","","","","","","","","","","","","","","","",""
"965.35911474","2026-05-12 19:20:26.229259","/home/sc28/SC-28/1_definition/SC-28/camera.py","capture_and_detect","266","","","","","","","","","","","","","","","","","","","","640","480","","","","","","","","","","","","","","","","","","","","","","","","",""
"965.428352038","2026-05-12 19:20:26.298500","/home/sc28/SC-28/1_definition/SC-28/camera.py","capture_and_detect","263","","","","","","","","","","","","","","","","","0","","","","","","","","","","","","","","","","","","","","","","","","","","","","",""
"965.431940322","2026-05-12 19:20:26.302082","/home/sc28/SC-28/1_definition/SC-28/camera.py","capture_and_detect","264","","","","","","","","","","","","","","","","0.0","","","","","","","","","","","","","","","","","","","","","","","","","","","","","",""
"965.436648295","2026-05-12 19:20:26.306795","/home/sc28/SC-28/1_definition/SC-28/camera.py","capture_and_detect","265","","","","","","","","","","","","","","","","","","320","240","","","","","","","","","","","","","","","","","","","","","","","","","","",""
"965.443282676","2026-05-12 19:20:26.313432","/home/sc28/SC-28/1_definition/SC-28/camera.py","capture_and_detect","266","","","","","","","","","","","","","","","","","","","","640","480","","","","","","","","","","","","","","","","","","","","","","","","",""
"965.517911906","2026-05-12 19:20:26.388083","/home/sc28/SC-28/1_definition/SC-28/camera.py","capture_and_detect","263","","","","","","","","","","","","","","","","","0","","","","","","","","","","","","","","","","","","","","","","","","","","","","",""
"965.521930087","2026-05-12 19:20:26.392071","/home/sc28/SC-28/1_definition/SC-28/camera.py","capture_and_detect","264","","","","","","","","","","","","","","","","0.0","","","","","","","","","","","","","","","","","","","","","","","","","","","","","",""
"965.524849047","2026-05-12 19:20:26.394991","/home/sc28/SC-28/1_definition/SC-28/camera.py","capture_and_detect","265","","","","","","","","","","","","","","","","","","320","240","","","","","","","","","","","","","","","","","","","","","","","","","","",""
"965.529371916","2026-05-12 19:20:26.399525","/home/sc28/SC-28/1_definition/SC-28/camera.py","capture_and_detect","266","","","","","","","","","","","","","","","","","","","","640","480","","","","","","","","","","","","","","","","","","","","","","","","",""
"965.606176825","2026-05-12 19:20:26.476322","/home/sc28/SC-28/1_definition/SC-28/camera.py","capture_and_detect","263","","","","","","","","","","","","","","","","","0","","","","","","","","","","","","","","","","","","","","","","","","","","","","",""
"965.60963313","2026-05-12 19:20:26.479773","/home/sc28/SC-28/1_definition/SC-28/camera.py","capture_and_detect","264","","","","","","","","","","","","","","","","0.0","","","","","","","","","","","","","","","","","","","","","","","","","","","","","",""
"965.612481257","2026-05-12 19:20:26.482621","/home/sc28/SC-28/1_definition/SC-28/camera.py","capture_and_detect","265","","","","","","","","","","","","","","","","","","320","240","","","","","","","","","","","","","","","","","","","","","","","","","","",""
"965.615350166","2026-05-12 19:20:26.485495","/home/sc28/SC-28/1_definition/SC-28/camera.py","capture_and_detect","266","","","","","","","","","","","","","","","","","","","","640","480","","","","","","","","","","","","","","","","","","","","","","","","",""
"965.69239419","2026-05-12 19:20:26.562540","/home/sc28/SC-28/1_definition/SC-28/camera.py","capture_and_detect","263","","","","","","","","","","","","","","","","","0","","","","","","","","","","","","","","","","","","","","","","","","","","","","",""
"965.695855808","2026-05-12 19:20:26.565999","/home/sc28/SC-28/1_definition/SC-28/camera.py","capture_and_detect","264","","","","","","","","","","","","","","","","0.0","","","","","","","","","","","","","","","","","","","","","","","","","","","","","",""
"965.702560605","2026-05-12 19:20:26.572705","/home/sc28/SC-28/1_definition/SC-28/camera.py","capture_and_detect","265","","","","","","","","","","","","","","","","","","320","240","","","","","","","","","","","","","","","","","","","","","","","","","","",""
"965.705563837","2026-05-12 19:20:26.575709","/home/sc28/SC-28/1_definition/SC-28/camera.py","capture_and_detect","266","","","","","","","","","","","","","","","","","","","","640","480","","","","","","","","","","","","","","","","","","","","","","","","",""
"965.776955356","2026-05-12 19:20:26.647100","/home/sc28/SC-28/1_definition/SC-28/camera.py","capture_and_detect","263","","","","","","","","","","","","","","","","","0","","","","","","","","","","","","","","","","","","","","","","","","","","","","",""
"965.780555671","2026-05-12 19:20:26.650699","/home/sc28/SC-28/1_definition/SC-28/camera.py","capture_and_detect","264","","","","","","","","","","","","","","","","0.0","","","","","","","","","","","","","","","","","","","","","","","","","","","","","",""
"965.784844008","2026-05-12 19:20:26.654994","/home/sc28/SC-28/1_definition/SC-28/camera.py","capture_and_detect","265","","","","","","","","","","","","","","","","","","320","240","","","","","","","","","","","","","","","","","","","","","","","","","","",""
"965.787809636","2026-05-12 19:20:26.657952","/home/sc28/SC-28/1_definition/SC-28/camera.py","capture_and_detect","266","","","","","","","","","","","","","","","","","","","","640","480","","","","","","","","","","","","","","","","","","","","","","","","",""
"965.861901105","2026-05-12 19:20:26.732045","/home/sc28/SC-28/1_definition/SC-28/camera.py","capture_and_detect","263","","","","","","","","","","","","","","","","","0","","","","","","","","","","","","","","","","","","","","","","","","","","","","",""
"965.865339181","2026-05-12 19:20:26.735480","/home/sc28/SC-28/1_definition/SC-28/camera.py","capture_and_detect","264","","","","","","","","","","","","","","","","0.0","","","","","","","","","","","","","","","","","","","","","","","","","","","","","",""
"965.872404499","2026-05-12 19:20:26.742563","/home/sc28/SC-28/1_definition/SC-28/camera.py","capture_and_detect","265","","","","","","","","","","","","","","","","","","320","240","","","","","","","","","","","","","","","","","","","","","","","","","","",""
"965.877748775","2026-05-12 19:20:26.747905","/home/sc28/SC-28/1_definition/SC-28/camera.py","capture_and_detect","266","","","","","","","","","","","","","","","","","","","","640","480","","","","","","","","","","","","","","","","","","","","","","","","",""
"965.949973315","2026-05-12 19:20:26.820117","/home/sc28/SC-28/1_definition/SC-28/camera.py","capture_and_detect","263","","","","","","","","","","","","","","","","","0","","","","","","","","","","","","","","","","","","","","","","","","","","","","",""
"965.956848425","2026-05-12 19:20:26.826988","/home/sc28/SC-28/1_definition/SC-28/camera.py","capture_and_detect","264","","","","","","","","","","","","","","","","0.0","","","","","","","","","","","","","","","","","","","","","","","","","","","","","",""
"965.959757126","2026-05-12 19:20:26.829902","/home/sc28/SC-28/1_definition/SC-28/camera.py","capture_and_detect","265","","","","","","","","","","","","","","","","","","320","240","","","","","","","","","","","","","","","","","","","","","","","","","","",""
"965.962621191","2026-05-12 19:20:26.832763","/home/sc28/SC-28/1_definition/SC-28/camera.py","capture_and_detect","266","","","","","","","","","","","","","","","","","","","","640","480","","","","","","","","","","","","","","","","","","","","","","","","",""
"966.035272451","2026-05-12 19:20:26.905418","/home/sc28/SC-28/1_definition/SC-28/camera.py","capture_and_detect","263","","","","","","","","","","","","","","","","","0","","","","","","","","","","","","","","","","","","","","","","","","","","","","",""
"966.038691047","2026-05-12 19:20:26.908831","/home/sc28/SC-28/1_definition/SC-28/camera.py","capture_and_detect","264","","","","","","","","","","","","","","","","0.0","","","","","","","","","","","","","","","","","","","","","","","","","","","","","",""
"966.041546414","2026-05-12 19:20:26.911690","/home/sc28/SC-28/1_definition/SC-28/camera.py","capture_and_detect","265","","","","","","","","","","","","","","","","","","320","240","","","","","","","","","","","","","","","","","","","","","","","","","","",""
"966.047936003","2026-05-12 19:20:26.918086","/home/sc28/SC-28/1_definition/SC-28/camera.py","capture_and_detect","266","","","","","","","","","","","","","","","","","","","","640","480","","","","","","","","","","","","","","","","","","","","","","","","",""
"966.120383304","2026-05-12 19:20:26.990534","/home/sc28/SC-28/1_definition/SC-28/camera.py","capture_and_detect","263","","","","","","","","","","","","","","","","","0","","","","","","","","","","","","","","","","","","","","","","","","","","","","",""
"966.12467612","2026-05-12 19:20:26.994815","/home/sc28/SC-28/1_definition/SC-28/camera.py","capture_and_detect","264","","","","","","","","","","","","","","","","0.0","","","","","","","","","","","","","","","","","","","","","","","","","","","","","",""
"966.127575706","2026-05-12 19:20:26.997717","/home/sc28/SC-28/1_definition/SC-28/camera.py","capture_and_detect","265","","","","","","","","","","","","","","","","","","320","240","","","","","","","","","","","","","","","","","","","","","","","","","","",""
"966.130421438","2026-05-12 19:20:27.000564","/home/sc28/SC-28/1_definition/SC-28/camera.py","capture_and_detect","266","","","","","","","","","","","","","","","","","","","","640","480","","","","","","","","","","","","","","","","","","","","","","","","",""
"966.203267126","2026-05-12 19:20:27.073412","/home/sc28/SC-28/1_definition/SC-28/camera.py","capture_and_detect","263","","","","","","","","","","","","","","","","","0","","","","","","","","","","","","","","","","","","","","","","","","","","","","",""
"966.210356038","2026-05-12 19:20:27.080491","/home/sc28/SC-28/1_definition/SC-28/camera.py","capture_and_detect","264","","","","","","","","","","","","","","","","37.5","","","","","","","","","","","","","","","","","","","","","","","","","","","","","",""
"966.213627291","2026-05-12 19:20:27.083774","/home/sc28/SC-28/1_definition/SC-28/camera.py","capture_and_detect","265","","","","","","","","","","","","","","","","","","185","358","","","","","","","","","","","","","","","","","","","","","","","","","","",""
"966.218259274","2026-05-12 19:20:27.088406","/home/sc28/SC-28/1_definition/SC-28/camera.py","capture_and_detect","266","","","","","","","","","","","","","","","","","","","","640","480","","","","","","","","","","","","","","","","","","","","","","","","",""
"966.288596522","2026-05-12 19:20:27.158741","/home/sc28/SC-28/1_definition/SC-28/camera.py","capture_and_detect","263","","","","","","","","","","","","","","","","","0","","","","","","","","","","","","","","","","","","","","","","","","","","","","",""
"966.292136578","2026-05-12 19:20:27.162276","/home/sc28/SC-28/1_definition/SC-28/camera.py","capture_and_detect","264","","","","","","","","","","","","","","","","78.0","","","","","","","","","","","","","","","","","","","","","","","","","","","","","",""
"966.299671584","2026-05-12 19:20:27.169824","/home/sc28/SC-28/1_definition/SC-28/camera.py","capture_and_detect","265","","","","","","","","","","","","","","","","","","183","360","","","","","","","","","","","","","","","","","","","","","","","","","","",""
"966.304413307","2026-05-12 19:20:27.174762","/home/sc28/SC-28/1_definition/SC-28/camera.py","capture_and_detect","266","","","","","","","","","","","","","","","","","","","","640","480","","","","","","","","","","","","","","","","","","","","","","","","",""
"966.377032745","2026-05-12 19:20:27.247177","/home/sc28/SC-28/1_definition/SC-28/camera.py","capture_and_detect","263","","","","","","","","","","","","","","","","","0","","","","","","","","","","","","","","","","","","","","","","","","","","","","",""
"966.380465039","2026-05-12 19:20:27.250604","/home/sc28/SC-28/1_definition/SC-28/camera.py","capture_and_detect","264","","","","","","","","","","","","","","","","0.0","","","","","","","","","","","","","","","","","","","","","","","","","","","","","",""
"966.383267386","2026-05-12 19:20:27.253407","/home/sc28/SC-28/1_definition/SC-28/camera.py","capture_and_detect","265","","","","","","","","","","","","","","","","","","320","240","","","","","","","","","","","","","","","","","","","","","","","","","","",""
"966.38607343","2026-05-12 19:20:27.256218","/home/sc28/SC-28/1_definition/SC-28/camera.py","capture_and_detect","266","","","","","","","","","","","","","","","","","","","","640","480","","","","","","","","","","","","","","","","","","","","","","","","",""
"966.459315889","2026-05-12 19:20:27.329460","/home/sc28/SC-28/1_definition/SC-28/camera.py","capture_and_detect","263","","","","","","","","","","","","","","","","","0","","","","","","","","","","","","","","","","","","","","","","","","","","","","",""
"966.4627186","2026-05-12 19:20:27.332856","/home/sc28/SC-28/1_definition/SC-28/camera.py","capture_and_detect","264","","","","","","","","","","","","","","","","104.0","","","","","","","","","","","","","","","","","","","","","","","","","","","","","",""
"966.465539384","2026-05-12 19:20:27.335679","/home/sc28/SC-28/1_definition/SC-28/camera.py","capture_and_detect","265","","","","","","","","","","","","","","","","","","216","371","","","","","","","","","","","","","","","","","","","","","","","","","","",""
"966.468332928","2026-05-12 19:20:27.338476","/home/sc28/SC-28/1_definition/SC-28/camera.py","capture_and_detect","266","","","","","","","","","","","","","","","","","","","","640","480","","","","","","","","","","","","","","","","","","","","","","","","",""
"966.542013565","2026-05-12 19:20:27.412162","/home/sc28/SC-28/1_definition/SC-28/camera.py","capture_and_detect","263","","","","","","","","","","","","","","","","","0","","","","","","","","","","","","","","","","","","","","","","","","","","","","",""
"966.546336329","2026-05-12 19:20:27.416482","/home/sc28/SC-28/1_definition/SC-28/camera.py","capture_and_detect","264","","","","","","","","","","","","","","","","0.0","","","","","","","","","","","","","","","","","","","","","","","","","","","","","",""
"966.556154202","2026-05-12 19:20:27.426302","/home/sc28/SC-28/1_definition/SC-28/camera.py","capture_and_detect","265","","","","","","","","","","","","","","","","","","320","240","","","","","","","","","","","","","","","","","","","","","","","","","","",""
"966.559094881","2026-05-12 19:20:27.429237","/home/sc28/SC-28/1_definition/SC-28/camera.py","capture_and_detect","266","","","","","","","","","","","","","","","","","","","","640","480","","","","","","","","","","","","","","","","","","","","","","","","",""
"966.629131557","2026-05-12 19:20:27.499279","/home/sc28/SC-28/1_definition/SC-28/camera.py","capture_and_detect","263","","","","","","","","","","","","","","","","","0","","","","","","","","","","","","","","","","","","","","","","","","","","","","",""
"966.63353906","2026-05-12 19:20:27.503682","/home/sc28/SC-28/1_definition/SC-28/camera.py","capture_and_detect","264","","","","","","","","","","","","","","","","0.0","","","","","","","","","","","","","","","","","","","","","","","","","","","","","",""
"966.63678724","2026-05-12 19:20:27.506935","/home/sc28/SC-28/1_definition/SC-28/camera.py","capture_and_detect","265","","","","","","","","","","","","","","","","","","320","240","","","","","","","","","","","","","","","","","","","","","","","","","","",""
"966.643488809","2026-05-12 19:20:27.513654","/home/sc28/SC-28/1_definition/SC-28/camera.py","capture_and_detect","266","","","","","","","","","","","","","","","","","","","","640","480","","","","","","","","","","","","","","","","","","","","","","","","",""
"966.712973244","2026-05-12 19:20:27.583118","/home/sc28/SC-28/1_definition/SC-28/camera.py","capture_and_detect","263","","","","","","","","","","","","","","","","","0","","","","","","","","","","","","","","","","","","","","","","","","","","","","",""
"966.716473611","2026-05-12 19:20:27.586616","/home/sc28/SC-28/1_definition/SC-28/camera.py","capture_and_detect","264","","","","","","","","","","","","","","","","0.0","","","","","","","","","","","","","","","","","","","","","","","","","","","","","",""
"966.719333666","2026-05-12 19:20:27.589474","/home/sc28/SC-28/1_definition/SC-28/camera.py","capture_and_detect","265","","","","","","","","","","","","","","","","","","320","240","","","","","","","","","","","","","","","","","","","","","","","","","","",""
"966.722232939","2026-05-12 19:20:27.592376","/home/sc28/SC-28/1_definition/SC-28/camera.py","capture_and_detect","266","","","","","","","","","","","","","","","","","","","","640","480","","","","","","","","","","","","","","","","","","","","","","","","",""
"966.799410871","2026-05-12 19:20:27.669555","/home/sc28/SC-28/1_definition/SC-28/camera.py","capture_and_detect","263","","","","","","","","","","","","","","","","","0","","","","","","","","","","","","","","","","","","","","","","","","","","","","",""
"966.806384887","2026-05-12 19:20:27.676525","/home/sc28/SC-28/1_definition/SC-28/camera.py","capture_and_detect","264","","","","","","","","","","","","","","","","0.0","","","","","","","","","","","","","","","","","","","","","","","","","","","","","",""
"966.809239733","2026-05-12 19:20:27.679381","/home/sc28/SC-28/1_definition/SC-28/camera.py","capture_and_detect","265","","","","","","","","","","","","","","","","","","320","240","","","","","","","","","","","","","","","","","","","","","","","","","","",""
"966.812073694","2026-05-12 19:20:27.682215","/home/sc28/SC-28/1_definition/SC-28/camera.py","capture_and_detect","266","","","","","","","","","","","","","","","","","","","","640","480","","","","","","","","","","","","","","","","","","","","","","","","",""
"966.88442209","2026-05-12 19:20:27.754565","/home/sc28/SC-28/1_definition/SC-28/camera.py","capture_and_detect","263","","","","","","","","","","","","","","","","","2","","","","","","","","","","","","","","","","","","","","","","","","","","","","",""
"966.887883135","2026-05-12 19:20:27.758017","/home/sc28/SC-28/1_definition/SC-28/camera.py","capture_and_detect","264","","","","","","","","","","","","","","","","792.5","","","","","","","","","","","","","","","","","","","","","","","","","","","","","",""
"966.895792048","2026-05-12 19:20:27.765936","/home/sc28/SC-28/1_definition/SC-28/camera.py","capture_and_detect","265","","","","","","","","","","","","","","","","","","525","248","","","","","","","","","","","","","","","","","","","","","","","","","","",""
"966.898739238","2026-05-12 19:20:27.768882","/home/sc28/SC-28/1_definition/SC-28/camera.py","capture_and_detect","266","","","","","","","","","","","","","","","","","","","","640","480","","","","","","","","","","","","","","","","","","","","","","","","",""
"966.972899354","2026-05-12 19:20:27.843039","/home/sc28/SC-28/1_definition/SC-28/camera.py","capture_and_detect","263","","","","","","","","","","","","","","","","","1","","","","","","","","","","","","","","","","","","","","","","","","","","","","",""
"966.976779253","2026-05-12 19:20:27.846914","/home/sc28/SC-28/1_definition/SC-28/camera.py","capture_and_detect","264","","","","","","","","","","","","","","","","1141.5","","","","","","","","","","","","","","","","","","","","","","","","","","","","","",""
"966.979720349","2026-05-12 19:20:27.849862","/home/sc28/SC-28/1_definition/SC-28/camera.py","capture_and_detect","265","","","","","","","","","","","","","","","","","","414","284","","","","","","","","","","","","","","","","","","","","","","","","","","",""
"966.982587227","2026-05-12 19:20:27.852730","/home/sc28/SC-28/1_definition/SC-28/camera.py","capture_and_detect","266","","","","","","","","","","","","","","","","","","","","640","480","","","","","","","","","","","","","","","","","","","","","","","","",""
"973.255671128","2026-05-12 19:20:34.125809","/home/sc28/SC-28/1_definition/SC-28/camera.py","capture_and_detect","263","","","","","","","","","","","","","","","","","3","","","","","","","","","","","","","","","","","","","","","","","","","","","","",""
"973.270335205","2026-05-12 19:20:34.140468","/home/sc28/SC-28/1_definition/SC-28/camera.py","capture_and_detect","264","","","","","","","","","","","","","","","","2095.5","","","","","","","","","","","","","","","","","","","","","","","","","","","","","",""
"973.276788649","2026-05-12 19:20:34.146931","/home/sc28/SC-28/1_definition/SC-28/camera.py","capture_and_detect","265","","","","","","","","","","","","","","","","","","144","362","","","","","","","","","","","","","","","","","","","","","","","","","","",""
"973.283148446","2026-05-12 19:20:34.153289","/home/sc28/SC-28/1_definition/SC-28/camera.py","capture_and_detect","266","","","","","","","","","","","","","","","","","","","","640","480","","","","","","","","","","","","","","","","","","","","","","","","",""
"973.349569135","2026-05-12 19:20:34.219715","/home/sc28/SC-28/1_definition/SC-28/camera.py","capture_and_detect","263","","","","","","","","","","","","","","","","","0","","","","","","","","","","","","","","","","","","","","","","","","","","","","",""
"973.352928357","2026-05-12 19:20:34.223068","/home/sc28/SC-28/1_definition/SC-28/camera.py","capture_and_detect","264","","","","","","","","","","","","","","","","0.0","","","","","","","","","","","","","","","","","","","","","","","","","","","","","",""
"973.355735808","2026-05-12 19:20:34.225876","/home/sc28/SC-28/1_definition/SC-28/camera.py","capture_and_detect","265","","","","","","","","","","","","","","","","","","320","240","","","","","","","","","","","","","","","","","","","","","","","","","","",""
"973.358568675","2026-05-12 19:20:34.228710","/home/sc28/SC-28/1_definition/SC-28/camera.py","capture_and_detect","266","","","","","","","","","","","","","","","","","","","","640","480","","","","","","","","","","","","","","","","","","","","","","","","",""
"973.43266635","2026-05-12 19:20:34.302808","/home/sc28/SC-28/1_definition/SC-28/camera.py","capture_and_detect","263","","","","","","","","","","","","","","","","","0","","","","","","","","","","","","","","","","","","","","","","","","","","","","",""
"973.441467296","2026-05-12 19:20:34.311612","/home/sc28/SC-28/1_definition/SC-28/camera.py","capture_and_detect","264","","","","","","","","","","","","","","","","0.0","","","","","","","","","","","","","","","","","","","","","","","","","","","","","",""
"973.473303004","2026-05-12 19:20:34.343453","/home/sc28/SC-28/1_definition/SC-28/camera.py","capture_and_detect","265","","","","","","","","","","","","","","","","","","320","240","","","","","","","","","","","","","","","","","","","","","","","","","","",""
"973.634609357","2026-05-12 19:20:34.504757","/home/sc28/SC-28/1_definition/SC-28/camera.py","capture_and_detect","266","","","","","","","","","","","","","","","","","","","","640","480","","","","","","","","","","","","","","","","","","","","","","","","",""
"973.706884686","2026-05-12 19:20:34.577026","/home/sc28/SC-28/1_definition/SC-28/camera.py","capture_and_detect","263","","","","","","","","","","","","","","","","","0","","","","","","","","","","","","","","","","","","","","","","","","","","","","",""
"973.710294742","2026-05-12 19:20:34.580433","/home/sc28/SC-28/1_definition/SC-28/camera.py","capture_and_detect","264","","","","","","","","","","","","","","","","0.0","","","","","","","","","","","","","","","","","","","","","","","","","","","","","",""
"973.716542612","2026-05-12 19:20:34.586688","/home/sc28/SC-28/1_definition/SC-28/camera.py","capture_and_detect","265","","","","","","","","","","","","","","","","","","320","240","","","","","","","","","","","","","","","","","","","","","","","","","","",""
"973.719428136","2026-05-12 19:20:34.589570","/home/sc28/SC-28/1_definition/SC-28/camera.py","capture_and_detect","266","","","","","","","","","","","","","","","","","","","","640","480","","","","","","","","","","","","","","","","","","","","","","","","",""
"973.789166015","2026-05-12 19:20:34.659310","/home/sc28/SC-28/1_definition/SC-28/camera.py","capture_and_detect","263","","","","","","","","","","","","","","","","","0","","","","","","","","","","","","","","","","","","","","","","","","","","","","",""
"973.79266305","2026-05-12 19:20:34.662802","/home/sc28/SC-28/1_definition/SC-28/camera.py","capture_and_detect","264","","","","","","","","","","","","","","","","0.0","","","","","","","","","","","","","","","","","","","","","","","","","","","","","",""
"973.795515448","2026-05-12 19:20:34.665656","/home/sc28/SC-28/1_definition/SC-28/camera.py","capture_and_detect","265","","","","","","","","","","","","","","","","","","320","240","","","","","","","","","","","","","","","","","","","","","","","","","","",""
"973.798290868","2026-05-12 19:20:34.668431","/home/sc28/SC-28/1_definition/SC-28/camera.py","capture_and_detect","266","","","","","","","","","","","","","","","","","","","","640","480","","","","","","","","","","","","","","","","","","","","","","","","",""
"973.869122498","2026-05-12 19:20:34.739269","/home/sc28/SC-28/1_definition/SC-28/camera.py","capture_and_detect","263","","","","","","","","","","","","","","","","","0","","","","","","","","","","","","","","","","","","","","","","","","","","","","",""
"973.873512659","2026-05-12 19:20:34.743660","/home/sc28/SC-28/1_definition/SC-28/camera.py","capture_and_detect","264","","","","","","","","","","","","","","","","0.0","","","","","","","","","","","","","","","","","","","","","","","","","","","","","",""
"973.878417091","2026-05-12 19:20:34.748568","/home/sc28/SC-28/1_definition/SC-28/camera.py","capture_and_detect","265","","","","","","","","","","","","","","","","","","320","240","","","","","","","","","","","","","","","","","","","","","","","","","","",""
"973.882631053","2026-05-12 19:20:34.752782","/home/sc28/SC-28/1_definition/SC-28/camera.py","capture_and_detect","266","","","","","","","","","","","","","","","","","","","","640","480","","","","","","","","","","","","","","","","","","","","","","","","",""
"973.951833932","2026-05-12 19:20:34.821980","/home/sc28/SC-28/1_definition/SC-28/camera.py","capture_and_detect","263","","","","","","","","","","","","","","","","","0","","","","","","","","","","","","","","","","","","","","","","","","","","","","",""
"973.960870295","2026-05-12 19:20:34.831010","/home/sc28/SC-28/1_definition/SC-28/camera.py","capture_and_detect","264","","","","","","","","","","","","","","","","0.0","","","","","","","","","","","","","","","","","","","","","","","","","","","","","",""
"973.963805766","2026-05-12 19:20:34.833947","/home/sc28/SC-28/1_definition/SC-28/camera.py","capture_and_detect","265","","","","","","","","","","","","","","","","","","320","240","","","","","","","","","","","","","","","","","","","","","","","","","","",""
"973.966653425","2026-05-12 19:20:34.836794","/home/sc28/SC-28/1_definition/SC-28/camera.py","capture_and_detect","266","","","","","","","","","","","","","","","","","","","","640","480","","","","","","","","","","","","","","","","","","","","","","","","",""
"974.036638701","2026-05-12 19:20:34.906783","/home/sc28/SC-28/1_definition/SC-28/camera.py","capture_and_detect","263","","","","","","","","","","","","","","","","","0","","","","","","","","","","","","","","","","","","","","","","","","","","","","",""
"974.040148444","2026-05-12 19:20:34.910288","/home/sc28/SC-28/1_definition/SC-28/camera.py","capture_and_detect","264","","","","","","","","","","","","","","","","0.0","","","","","","","","","","","","","","","","","","","","","","","","","","","","","",""
"974.043022509","2026-05-12 19:20:34.913164","/home/sc28/SC-28/1_definition/SC-28/camera.py","capture_and_detect","265","","","","","","","","","","","","","","","","","","320","240","","","","","","","","","","","","","","","","","","","","","","","","","","",""
"974.049805015","2026-05-12 19:20:34.919956","/home/sc28/SC-28/1_definition/SC-28/camera.py","capture_and_detect","266","","","","","","","","","","","","","","","","","","","","640","480","","","","","","","","","","","","","","","","","","","","","","","","",""
"974.121069667","2026-05-12 19:20:34.991215","/home/sc28/SC-28/1_definition/SC-28/camera.py","capture_and_detect","263","","","","","","","","","","","","","","","","","0","","","","","","","","","","","","","","","","","","","","","","","","","","","","",""
"974.124712327","2026-05-12 19:20:34.994856","/home/sc28/SC-28/1_definition/SC-28/camera.py","capture_and_detect","264","","","","","","","","","","","","","","","","0.0","","","","","","","","","","","","","","","","","","","","","","","","","","","","","",""
"974.127858528","2026-05-12 19:20:34.998005","/home/sc28/SC-28/1_definition/SC-28/camera.py","capture_and_detect","265","","","","","","","","","","","","","","","","","","320","240","","","","","","","","","","","","","","","","","","","","","","","","","","",""
"974.130831395","2026-05-12 19:20:35.000974","/home/sc28/SC-28/1_definition/SC-28/camera.py","capture_and_detect","266","","","","","","","","","","","","","","","","","","","","640","480","","","","","","","","","","","","","","","","","","","","","","","","",""
"974.19859693","2026-05-12 19:20:35.068741","/home/sc28/SC-28/1_definition/SC-28/camera.py","capture_and_detect","263","","","","","","","","","","","","","","","","","0","","","","","","","","","","","","","","","","","","","","","","","","","","","","",""
"974.205663031","2026-05-12 19:20:35.075804","/home/sc28/SC-28/1_definition/SC-28/camera.py","capture_and_detect","264","","","","","","","","","","","","","","","","0.0","","","","","","","","","","","","","","","","","","","","","","","","","","","","","",""
"974.208581523","2026-05-12 19:20:35.078724","/home/sc28/SC-28/1_definition/SC-28/camera.py","capture_and_detect","265","","","","","","","","","","","","","","","","","","320","240","","","","","","","","","","","","","","","","","","","","","","","","","","",""
"974.211422047","2026-05-12 19:20:35.081562","/home/sc28/SC-28/1_definition/SC-28/camera.py","capture_and_detect","266","","","","","","","","","","","","","","","","","","","","640","480","","","","","","","","","","","","","","","","","","","","","","","","",""
"974.28009029","2026-05-12 19:20:35.150232","/home/sc28/SC-28/1_definition/SC-28/camera.py","capture_and_detect","263","","","","","","","","","","","","","","","","","0","","","","","","","","","","","","","","","","","","","","","","","","","","","","",""
"974.285195087","2026-05-12 19:20:35.155337","/home/sc28/SC-28/1_definition/SC-28/camera.py","capture_and_detect","264","","","","","","","","","","","","","","","","0.0","","","","","","","","","","","","","","","","","","","","","","","","","","","","","",""
"974.291573895","2026-05-12 19:20:35.161716","/home/sc28/SC-28/1_definition/SC-28/camera.py","capture_and_detect","265","","","","","","","","","","","","","","","","","","320","240","","","","","","","","","","","","","","","","","","","","","","","","","","",""
"974.294456763","2026-05-12 19:20:35.164599","/home/sc28/SC-28/1_definition/SC-28/camera.py","capture_and_detect","266","","","","","","","","","","","","","","","","","","","","640","480","","","","","","","","","","","","","","","","","","","","","","","","",""
"974.366872198","2026-05-12 19:20:35.237016","/home/sc28/SC-28/1_definition/SC-28/camera.py","capture_and_detect","263","","","","","","","","","","","","","","","","","0","","","","","","","","","","","","","","","","","","","","","","","","","","","","",""
"974.370344909","2026-05-12 19:20:35.240484","/home/sc28/SC-28/1_definition/SC-28/camera.py","capture_and_detect","264","","","","","","","","","","","","","","","","0.0","","","","","","","","","","","","","","","","","","","","","","","","","","","","","",""
"974.373181058","2026-05-12 19:20:35.243322","/home/sc28/SC-28/1_definition/SC-28/camera.py","capture_and_detect","265","","","","","","","","","","","","","","","","","","320","240","","","","","","","","","","","","","","","","","","","","","","","","","","",""
"974.37595929","2026-05-12 19:20:35.246100","/home/sc28/SC-28/1_definition/SC-28/camera.py","capture_and_detect","266","","","","","","","","","","","","","","","","","","","","640","480","","","","","","","","","","","","","","","","","","","","","","","","",""
"974.447483474","2026-05-12 19:20:35.317628","/home/sc28/SC-28/1_definition/SC-28/camera.py","capture_and_detect","263","","","","","","","","","","","","","","","","","0","","","","","","","","","","","","","","","","","","","","","","","","","","","","",""
"974.451105353","2026-05-12 19:20:35.321250","/home/sc28/SC-28/1_definition/SC-28/camera.py","capture_and_detect","264","","","","","","","","","","","","","","","","0.0","","","","","","","","","","","","","","","","","","","","","","","","","","","","","",""
"974.454226189","2026-05-12 19:20:35.324376","/home/sc28/SC-28/1_definition/SC-28/camera.py","capture_and_detect","265","","","","","","","","","","","","","","","","","","320","240","","","","","","","","","","","","","","","","","","","","","","","","","","",""
"974.458209891","2026-05-12 19:20:35.328354","/home/sc28/SC-28/1_definition/SC-28/camera.py","capture_and_detect","266","","","","","","","","","","","","","","","","","","","","640","480","","","","","","","","","","","","","","","","","","","","","","","","",""
"974.526524645","2026-05-12 19:20:35.396670","/home/sc28/SC-28/1_definition/SC-28/camera.py","capture_and_detect","263","","","","","","","","","","","","","","","","","0","","","","","","","","","","","","","","","","","","","","","","","","","","","","",""
"974.530005117","2026-05-12 19:20:35.400145","/home/sc28/SC-28/1_definition/SC-28/camera.py","capture_and_detect","264","","","","","","","","","","","","","","","","0.0","","","","","","","","","","","","","","","","","","","","","","","","","","","","","",""
"974.53633455","2026-05-12 19:20:35.406477","/home/sc28/SC-28/1_definition/SC-28/camera.py","capture_and_detect","265","","","","","","","","","","","","","","","","","","320","240","","","","","","","","","","","","","","","","","","","","","","","","","","",""
"974.539172261","2026-05-12 19:20:35.409313","/home/sc28/SC-28/1_definition/SC-28/camera.py","capture_and_detect","266","","","","","","","","","","","","","","","","","","","","640","480","","","","","","","","","","","","","","","","","","","","","","","","",""
"974.610486341","2026-05-12 19:20:35.480631","/home/sc28/SC-28/1_definition/SC-28/camera.py","capture_and_detect","263","","","","","","","","","","","","","","","","","0","","","","","","","","","","","","","","","","","","","","","","","","","","","","",""
"974.615635773","2026-05-12 19:20:35.485778","/home/sc28/SC-28/1_definition/SC-28/camera.py","capture_and_detect","264","","","","","","","","","","","","","","","","0.0","","","","","","","","","","","","","","","","","","","","","","","","","","","","","",""
"974.618671141","2026-05-12 19:20:35.488813","/home/sc28/SC-28/1_definition/SC-28/camera.py","capture_and_detect","265","","","","","","","","","","","","","","","","","","320","240","","","","","","","","","","","","","","","","","","","","","","","","","","",""
"974.624919376","2026-05-12 19:20:35.495063","/home/sc28/SC-28/1_definition/SC-28/camera.py","capture_and_detect","266","","","","","","","","","","","","","","","","","","","","640","480","","","","","","","","","","","","","","","","","","","","","","","","",""
"974.695598611","2026-05-12 19:20:35.565744","/home/sc28/SC-28/1_definition/SC-28/camera.py","capture_and_detect","263","","","","","","","","","","","","","","","","","0","","","","","","","","","","","","","","","","","","","","","","","","","","","","",""
"974.699126115","2026-05-12 19:20:35.569265","/home/sc28/SC-28/1_definition/SC-28/camera.py","capture_and_detect","264","","","","","","","","","","","","","","","","0.0","","","","","","","","","","","","","","","","","","","","","","","","","","","","","",""
"974.701975961","2026-05-12 19:20:35.572120","/home/sc28/SC-28/1_definition/SC-28/camera.py","capture_and_detect","265","","","","","","","","","","","","","","","","","","320","240","","","","","","","","","","","","","","","","","","","","","","","","","","",""
"974.704858881","2026-05-12 19:20:35.575000","/home/sc28/SC-28/1_definition/SC-28/camera.py","capture_and_detect","266","","","","","","","","","","","","","","","","","","","","640","480","","","","","","","","","","","","","","","","","","","","","","","","",""
"974.774256136","2026-05-12 19:20:35.644399","/home/sc28/SC-28/1_definition/SC-28/camera.py","capture_and_detect","263","","","","","","","","","","","","","","","","","0","","","","","","","","","","","","","","","","","","","","","","","","","","","","",""
"974.78121609","2026-05-12 19:20:35.651357","/home/sc28/SC-28/1_definition/SC-28/camera.py","capture_and_detect","264","","","","","","","","","","","","","","","","0.0","","","","","","","","","","","","","","","","","","","","","","","","","","","","","",""
"974.784075885","2026-05-12 19:20:35.654218","/home/sc28/SC-28/1_definition/SC-28/camera.py","capture_and_detect","265","","","","","","","","","","","","","","","","","","320","240","","","","","","","","","","","","","","","","","","","","","","","","","","",""
"974.786893804","2026-05-12 19:20:35.657035","/home/sc28/SC-28/1_definition/SC-28/camera.py","capture_and_detect","266","","","","","","","","","","","","","","","","","","","","640","480","","","","","","","","","","","","","","","","","","","","","","","","",""
"974.858558457","2026-05-12 19:20:35.728703","/home/sc28/SC-28/1_definition/SC-28/camera.py","capture_and_detect","263","","","","","","","","","","","","","","","","","0","","","","","","","","","","","","","","","","","","","","","","","","","","","","",""
"974.862039346","2026-05-12 19:20:35.732179","/home/sc28/SC-28/1_definition/SC-28/camera.py","capture_and_detect","264","","","","","","","","","","","","","","","","0.0","","","","","","","","","","","","","","","","","","","","","","","","","","","","","",""
"974.864877474","2026-05-12 19:20:35.735017","/home/sc28/SC-28/1_definition/SC-28/camera.py","capture_and_detect","265","","","","","","","","","","","","","","","","","","320","240","","","","","","","","","","","","","","","","","","","","","","","","","","",""
"974.871106751","2026-05-12 19:20:35.741248","/home/sc28/SC-28/1_definition/SC-28/camera.py","capture_and_detect","266","","","","","","","","","","","","","","","","","","","","640","480","","","","","","","","","","","","","","","","","","","","","","","","",""
"974.942214059","2026-05-12 19:20:35.812361","/home/sc28/SC-28/1_definition/SC-28/camera.py","capture_and_detect","263","","","","","","","","","","","","","","","","","0","","","","","","","","","","","","","","","","","","","","","","","","","","","","",""
"974.946075209","2026-05-12 19:20:35.816219","/home/sc28/SC-28/1_definition/SC-28/camera.py","capture_and_detect","264","","","","","","","","","","","","","","","","0.0","","","","","","","","","","","","","","","","","","","","","","","","","","","","","",""
"974.949091879","2026-05-12 19:20:35.819236","/home/sc28/SC-28/1_definition/SC-28/camera.py","capture_and_detect","265","","","","","","","","","","","","","","","","","","320","240","","","","","","","","","","","","","","","","","","","","","","","","","","",""
"974.951930215","2026-05-12 19:20:35.822070","/home/sc28/SC-28/1_definition/SC-28/camera.py","capture_and_detect","266","","","","","","","","","","","","","","","","","","","","640","480","","","","","","","","","","","","","","","","","","","","","","","","",""
"975.023724399","2026-05-12 19:20:35.893878","/home/sc28/SC-28/1_definition/SC-28/camera.py","capture_and_detect","263","","","","","","","","","","","","","","","","","0","","","","","","","","","","","","","","","","","","","","","","","","","","","","",""
"975.027588257","2026-05-12 19:20:35.897728","/home/sc28/SC-28/1_definition/SC-28/camera.py","capture_and_detect","264","","","","","","","","","","","","","","","","0.0","","","","","","","","","","","","","","","","","","","","","","","","","","","","","",""
"975.030554718","2026-05-12 19:20:35.900696","/home/sc28/SC-28/1_definition/SC-28/camera.py","capture_and_detect","265","","","","","","","","","","","","","","","","","","320","240","","","","","","","","","","","","","","","","","","","","","","","","","","",""
"975.033405294","2026-05-12 19:20:35.903547","/home/sc28/SC-28/1_definition/SC-28/camera.py","capture_and_detect","266","","","","","","","","","","","","","","","","","","","","640","480","","","","","","","","","","","","","","","","","","","","","","","","",""
"975.108330054","2026-05-12 19:20:35.978475","/home/sc28/SC-28/1_definition/SC-28/camera.py","capture_and_detect","263","","","","","","","","","","","","","","","","","0","","","","","","","","","","","","","","","","","","","","","","","","","","","","",""
"975.112108235","2026-05-12 19:20:35.982251","/home/sc28/SC-28/1_definition/SC-28/camera.py","capture_and_detect","264","","","","","","","","","","","","","","","","0.0","","","","","","","","","","","","","","","","","","","","","","","","","","","","","",""
"975.118775481","2026-05-12 19:20:35.988921","/home/sc28/SC-28/1_definition/SC-28/camera.py","capture_and_detect","265","","","","","","","","","","","","","","","","","","320","240","","","","","","","","","","","","","","","","","","","","","","","","","","",""
"975.121791317","2026-05-12 19:20:35.991936","/home/sc28/SC-28/1_definition/SC-28/camera.py","capture_and_detect","266","","","","","","","","","","","","","","","","","","","","640","480","","","","","","","","","","","","","","","","","","","","","","","","",""
"975.191705917","2026-05-12 19:20:36.061849","/home/sc28/SC-28/1_definition/SC-28/camera.py","capture_and_detect","263","","","","","","","","","","","","","","","","","0","","","","","","","","","","","","","","","","","","","","","","","","","","","","",""
"975.195188213","2026-05-12 19:20:36.065333","/home/sc28/SC-28/1_definition/SC-28/camera.py","capture_and_detect","264","","","","","","","","","","","","","","","","0.0","","","","","","","","","","","","","","","","","","","","","","","","","","","","","",""
"975.198378632","2026-05-12 19:20:36.068527","/home/sc28/SC-28/1_definition/SC-28/camera.py","capture_and_detect","265","","","","","","","","","","","","","","","","","","320","240","","","","","","","","","","","","","","","","","","","","","","","","","","",""
"975.201425198","2026-05-12 19:20:36.071572","/home/sc28/SC-28/1_definition/SC-28/camera.py","capture_and_detect","266","","","","","","","","","","","","","","","","","","","","640","480","","","","","","","","","","","","","","","","","","","","","","","","",""
"975.274815114","2026-05-12 19:20:36.144965","/home/sc28/SC-28/1_definition/SC-28/camera.py","capture_and_detect","263","","","","","","","","","","","","","","","","","0","","","","","","","","","","","","","","","","","","","","","","","","","","","","",""
"975.281508558","2026-05-12 19:20:36.151658","/home/sc28/SC-28/1_definition/SC-28/camera.py","capture_and_detect","264","","","","","","","","","","","","","","","","0.0","","","","","","","","","","","","","","","","","","","","","","","","","","","","","",""
"975.287713825","2026-05-12 19:20:36.157862","/home/sc28/SC-28/1_definition/SC-28/camera.py","capture_and_detect","265","","","","","","","","","","","","","","","","","","320","240","","","","","","","","","","","","","","","","","","","","","","","","","","",""
"975.291173411","2026-05-12 19:20:36.161328","/home/sc28/SC-28/1_definition/SC-28/camera.py","capture_and_detect","266","","","","","","","","","","","","","","","","","","","","640","480","","","","","","","","","","","","","","","","","","","","","","","","",""
"975.361212126","2026-05-12 19:20:36.231357","/home/sc28/SC-28/1_definition/SC-28/camera.py","capture_and_detect","263","","","","","","","","","","","","","","","","","0","","","","","","","","","","","","","","","","","","","","","","","","","","","","",""
"975.368751561","2026-05-12 19:20:36.238890","/home/sc28/SC-28/1_definition/SC-28/camera.py","capture_and_detect","264","","","","","","","","","","","","","","","","66.5","","","","","","","","","","","","","","","","","","","","","","","","","","","","","",""
"975.372045835","2026-05-12 19:20:36.242198","/home/sc28/SC-28/1_definition/SC-28/camera.py","capture_and_detect","265","","","","","","","","","","","","","","","","","","279","293","","","","","","","","","","","","","","","","","","","","","","","","","","",""
"975.376242454","2026-05-12 19:20:36.246402","/home/sc28/SC-28/1_definition/SC-28/camera.py","capture_and_detect","266","","","","","","","","","","","","","","","","","","","","640","480","","","","","","","","","","","","","","","","","","","","","","","","",""
"975.449575963","2026-05-12 19:20:36.319717","/home/sc28/SC-28/1_definition/SC-28/camera.py","capture_and_detect","263","","","","","","","","","","","","","","","","","1","","","","","","","","","","","","","","","","","","","","","","","","","","","","",""
"975.453054456","2026-05-12 19:20:36.323187","/home/sc28/SC-28/1_definition/SC-28/camera.py","capture_and_detect","264","","","","","","","","","","","","","","","","628.5","","","","","","","","","","","","","","","","","","","","","","","","","","","","","",""
"975.455911647","2026-05-12 19:20:36.326052","/home/sc28/SC-28/1_definition/SC-28/camera.py","capture_and_detect","265","","","","","","","","","","","","","","","","","","286","292","","","","","","","","","","","","","","","","","","","","","","","","","","",""
"975.462377278","2026-05-12 19:20:36.332527","/home/sc28/SC-28/1_definition/SC-28/camera.py","capture_and_detect","266","","","","","","","","","","","","","","","","","","","","640","480","","","","","","","","","","","","","","","","","","","","","","","","",""
"981.822803375","2026-05-12 19:20:42.692943","/home/sc28/SC-28/1_definition/SC-28/camera.py","capture_and_detect","263","","","","","","","","","","","","","","","","","1","","","","","","","","","","","","","","","","","","","","","","","","","","","","",""
"981.827265775","2026-05-12 19:20:42.697405","/home/sc28/SC-28/1_definition/SC-28/camera.py","capture_and_detect","264","","","","","","","","","","","","","","","","1436.0","","","","","","","","","","","","","","","","","","","","","","","","","","","","","",""
"981.830219945","2026-05-12 19:20:42.700362","/home/sc28/SC-28/1_definition/SC-28/camera.py","capture_and_detect","265","","","","","","","","","","","","","","","","","","287","292","","","","","","","","","","","","","","","","","","","","","","","","","","",""
"981.834614377","2026-05-12 19:20:42.704758","/home/sc28/SC-28/1_definition/SC-28/camera.py","capture_and_detect","266","","","","","","","","","","","","","","","","","","","","640","480","","","","","","","","","","","","","","","","","","","","","","","","",""
"981.909542217","2026-05-12 19:20:42.779686","/home/sc28/SC-28/1_definition/SC-28/camera.py","capture_and_detect","263","","","","","","","","","","","","","","","","","0","","","","","","","","","","","","","","","","","","","","","","","","","","","","",""
"981.913181231","2026-05-12 19:20:42.783324","/home/sc28/SC-28/1_definition/SC-28/camera.py","capture_and_detect","264","","","","","","","","","","","","","","","","61.0","","","","","","","","","","","","","","","","","","","","","","","","","","","","","",""
"981.916453943","2026-05-12 19:20:42.786603","/home/sc28/SC-28/1_definition/SC-28/camera.py","capture_and_detect","265","","","","","","","","","","","","","","","","","","605","398","","","","","","","","","","","","","","","","","","","","","","","","","","",""
"981.919744467","2026-05-12 19:20:42.789894","/home/sc28/SC-28/1_definition/SC-28/camera.py","capture_and_detect","266","","","","","","","","","","","","","","","","","","","","640","480","","","","","","","","","","","","","","","","","","","","","","","","",""
"981.991268241","2026-05-12 19:20:42.861414","/home/sc28/SC-28/1_definition/SC-28/camera.py","capture_and_detect","263","","","","","","","","","","","","","","","","","0","","","","","","","","","","","","","","","","","","","","","","","","","","","","",""
"981.995310068","2026-05-12 19:20:42.865443","/home/sc28/SC-28/1_definition/SC-28/camera.py","capture_and_detect","264","","","","","","","","","","","","","","","","45.5","","","","","","","","","","","","","","","","","","","","","","","","","","","","","",""
"982.002265075","2026-05-12 19:20:42.872413","/home/sc28/SC-28/1_definition/SC-28/camera.py","capture_and_detect","265","","","","","","","","","","","","","","","","","","602","402","","","","","","","","","","","","","","","","","","","","","","","","","","",""
"982.006693205","2026-05-12 19:20:42.876843","/home/sc28/SC-28/1_definition/SC-28/camera.py","capture_and_detect","266","","","","","","","","","","","","","","","","","","","","640","480","","","","","","","","","","","","","","","","","","","","","","","","",""
"982.083305891","2026-05-12 19:20:42.953450","/home/sc28/SC-28/1_definition/SC-28/camera.py","capture_and_detect","263","","","","","","","","","","","","","","","","","0","","","","","","","","","","","","","","","","","","","","","","","","","","","","",""
"982.086769801","2026-05-12 19:20:42.956903","/home/sc28/SC-28/1_definition/SC-28/camera.py","capture_and_detect","264","","","","","","","","","","","","","","","","52.5","","","","","","","","","","","","","","","","","","","","","","","","","","","","","",""
"982.089672877","2026-05-12 19:20:42.959817","/home/sc28/SC-28/1_definition/SC-28/camera.py","capture_and_detect","265","","","","","","","","","","","","","","","","","","592","416","","","","","","","","","","","","","","","","","","","","","","","","","","",""
"982.092621526","2026-05-12 19:20:42.962765","/home/sc28/SC-28/1_definition/SC-28/camera.py","capture_and_detect","266","","","","","","","","","","","","","","","","","","","","640","480","","","","","","","","","","","","","","","","","","","","","","","","",""
"982.169727754","2026-05-12 19:20:43.039875","/home/sc28/SC-28/1_definition/SC-28/camera.py","capture_and_detect","263","","","","","","","","","","","","","","","","","0","","","","","","","","","","","","","","","","","","","","","","","","","","","","",""
"982.173561404","2026-05-12 19:20:43.043699","/home/sc28/SC-28/1_definition/SC-28/camera.py","capture_and_detect","264","","","","","","","","","","","","","","","","60.0","","","","","","","","","","","","","","","","","","","","","","","","","","","","","",""
"982.176493907","2026-05-12 19:20:43.046636","/home/sc28/SC-28/1_definition/SC-28/camera.py","capture_and_detect","265","","","","","","","","","","","","","","","","","","585","419","","","","","","","","","","","","","","","","","","","","","","","","","","",""
"982.180896568","2026-05-12 19:20:43.051042","/home/sc28/SC-28/1_definition/SC-28/camera.py","capture_and_detect","266","","","","","","","","","","","","","","","","","","","","640","480","","","","","","","","","","","","","","","","","","","","","","","","",""
"982.253708417","2026-05-12 19:20:43.123851","/home/sc28/SC-28/1_definition/SC-28/camera.py","capture_and_detect","263","","","","","","","","","","","","","","","","","0","","","","","","","","","","","","","","","","","","","","","","","","","","","","",""
"982.262047332","2026-05-12 19:20:43.132189","/home/sc28/SC-28/1_definition/SC-28/camera.py","capture_and_detect","264","","","","","","","","","","","","","","","","52.0","","","","","","","","","","","","","","","","","","","","","","","","","","","","","",""
"982.265170825","2026-05-12 19:20:43.135315","/home/sc28/SC-28/1_definition/SC-28/camera.py","capture_and_detect","265","","","","","","","","","","","","","","","","","","581","421","","","","","","","","","","","","","","","","","","","","","","","","","","",""
"982.268176818","2026-05-12 19:20:43.138321","/home/sc28/SC-28/1_definition/SC-28/camera.py","capture_and_detect","266","","","","","","","","","","","","","","","","","","","","640","480","","","","","","","","","","","","","","","","","","","","","","","","",""
"982.336711683","2026-05-12 19:20:43.206857","/home/sc28/SC-28/1_definition/SC-28/camera.py","capture_and_detect","263","","","","","","","","","","","","","","","","","0","","","","","","","","","","","","","","","","","","","","","","","","","","","","",""
"982.340369239","2026-05-12 19:20:43.210511","/home/sc28/SC-28/1_definition/SC-28/camera.py","capture_and_detect","264","","","","","","","","","","","","","","","","59.0","","","","","","","","","","","","","","","","","","","","","","","","","","","","","",""
"982.343769139","2026-05-12 19:20:43.213916","/home/sc28/SC-28/1_definition/SC-28/camera.py","capture_and_detect","265","","","","","","","","","","","","","","","","","","576","422","","","","","","","","","","","","","","","","","","","","","","","","","","",""
"982.350689875","2026-05-12 19:20:43.220836","/home/sc28/SC-28/1_definition/SC-28/camera.py","capture_and_detect","266","","","","","","","","","","","","","","","","","","","","640","480","","","","","","","","","","","","","","","","","","","","","","","","",""
"982.418087812","2026-05-12 19:20:43.288232","/home/sc28/SC-28/1_definition/SC-28/camera.py","capture_and_detect","263","","","","","","","","","","","","","","","","","0","","","","","","","","","","","","","","","","","","","","","","","","","","","","",""
"982.421572972","2026-05-12 19:20:43.291706","/home/sc28/SC-28/1_definition/SC-28/camera.py","capture_and_detect","264","","","","","","","","","","","","","","","","47.5","","","","","","","","","","","","","","","","","","","","","","","","","","","","","",""
"982.424437975","2026-05-12 19:20:43.294577","/home/sc28/SC-28/1_definition/SC-28/camera.py","capture_and_detect","265","","","","","","","","","","","","","","","","","","87","188","","","","","","","","","","","","","","","","","","","","","","","","","","",""
"982.427235061","2026-05-12 19:20:43.297375","/home/sc28/SC-28/1_definition/SC-28/camera.py","capture_and_detect","266","","","","","","","","","","","","","","","","","","","","640","480","","","","","","","","","","","","","","","","","","","","","","","","",""
"982.499244983","2026-05-12 19:20:43.369389","/home/sc28/SC-28/1_definition/SC-28/camera.py","capture_and_detect","263","","","","","","","","","","","","","","","","","0","","","","","","","","","","","","","","","","","","","","","","","","","","","","",""
"982.506143896","2026-05-12 19:20:43.376278","/home/sc28/SC-28/1_definition/SC-28/camera.py","capture_and_detect","264","","","","","","","","","","","","","","","","39.5","","","","","","","","","","","","","","","","","","","","","","","","","","","","","",""
"982.509067181","2026-05-12 19:20:43.379208","/home/sc28/SC-28/1_definition/SC-28/camera.py","capture_and_detect","265","","","","","","","","","","","","","","","","","","82","187","","","","","","","","","","","","","","","","","","","","","","","","","","",""
"982.513450519","2026-05-12 19:20:43.383598","/home/sc28/SC-28/1_definition/SC-28/camera.py","capture_and_detect","266","","","","","","","","","","","","","","","","","","","","640","480","","","","","","","","","","","","","","","","","","","","","","","","",""
"982.585920596","2026-05-12 19:20:43.456065","/home/sc28/SC-28/1_definition/SC-28/camera.py","capture_and_detect","263","","","","","","","","","","","","","","","","","0","","","","","","","","","","","","","","","","","","","","","","","","","","","","",""
"982.589446382","2026-05-12 19:20:43.459584","/home/sc28/SC-28/1_definition/SC-28/camera.py","capture_and_detect","264","","","","","","","","","","","","","","","","56.0","","","","","","","","","","","","","","","","","","","","","","","","","","","","","",""
"982.595720295","2026-05-12 19:20:43.465862","/home/sc28/SC-28/1_definition/SC-28/camera.py","capture_and_detect","265","","","","","","","","","","","","","","","","","","557","438","","","","","","","","","","","","","","","","","","","","","","","","","","",""
"982.598599881","2026-05-12 19:20:43.468740","/home/sc28/SC-28/1_definition/SC-28/camera.py","capture_and_detect","266","","","","","","","","","","","","","","","","","","","","640","480","","","","","","","","","","","","","","","","","","","","","","","","",""
"982.668688758","2026-05-12 19:20:43.538833","/home/sc28/SC-28/1_definition/SC-28/camera.py","capture_and_detect","263","","","","","","","","","","","","","","","","","0","","","","","","","","","","","","","","","","","","","","","","","","","","","","",""
"982.672448398","2026-05-12 19:20:43.542591","/home/sc28/SC-28/1_definition/SC-28/camera.py","capture_and_detect","264","","","","","","","","","","","","","","","","60.0","","","","","","","","","","","","","","","","","","","","","","","","","","","","","",""
"982.675646839","2026-05-12 19:20:43.545795","/home/sc28/SC-28/1_definition/SC-28/camera.py","capture_and_detect","265","","","","","","","","","","","","","","","","","","556","445","","","","","","","","","","","","","","","","","","","","","","","","","","",""
"982.67897153","2026-05-12 19:20:43.549119","/home/sc28/SC-28/1_definition/SC-28/camera.py","capture_and_detect","266","","","","","","","","","","","","","","","","","","","","640","480","","","","","","","","","","","","","","","","","","","","","","","","",""
"982.753375568","2026-05-12 19:20:43.623522","/home/sc28/SC-28/1_definition/SC-28/camera.py","capture_and_detect","263","","","","","","","","","","","","","","","","","0","","","","","","","","","","","","","","","","","","","","","","","","","","","","",""
"982.757044061","2026-05-12 19:20:43.627181","/home/sc28/SC-28/1_definition/SC-28/camera.py","capture_and_detect","264","","","","","","","","","","","","","","","","53.5","","","","","","","","","","","","","","","","","","","","","","","","","","","","","",""
"982.760306044","2026-05-12 19:20:43.630457","/home/sc28/SC-28/1_definition/SC-28/camera.py","capture_and_detect","265","","","","","","","","","","","","","","","","","","557","450","","","","","","","","","","","","","","","","","","","","","","","","","","",""
"982.764810424","2026-05-12 19:20:43.634960","/home/sc28/SC-28/1_definition/SC-28/camera.py","capture_and_detect","266","","","","","","","","","","","","","","","","","","","","640","480","","","","","","","","","","","","","","","","","","","","","","","","",""
"982.837502742","2026-05-12 19:20:43.707643","/home/sc28/SC-28/1_definition/SC-28/camera.py","capture_and_detect","263","","","","","","","","","","","","","","","","","0","","","","","","","","","","","","","","","","","","","","","","","","","","","","",""
"982.840906964","2026-05-12 19:20:43.711039","/home/sc28/SC-28/1_definition/SC-28/camera.py","capture_and_detect","264","","","","","","","","","","","","","","","","63.5","","","","","","","","","","","","","","","","","","","","","","","","","","","","","",""
"982.848391243","2026-05-12 19:20:43.718536","/home/sc28/SC-28/1_definition/SC-28/camera.py","capture_and_detect","265","","","","","","","","","","","","","","","","","","558","454","","","","","","","","","","","","","","","","","","","","","","","","","","",""
"982.851267913","2026-05-12 19:20:43.721410","/home/sc28/SC-28/1_definition/SC-28/camera.py","capture_and_detect","266","","","","","","","","","","","","","","","","","","","","640","480","","","","","","","","","","","","","","","","","","","","","","","","",""
"982.92186528","2026-05-12 19:20:43.792009","/home/sc28/SC-28/1_definition/SC-28/camera.py","capture_and_detect","263","","","","","","","","","","","","","","","","","0","","","","","","","","","","","","","","","","","","","","","","","","","","","","",""
"982.925329555","2026-05-12 19:20:43.795467","/home/sc28/SC-28/1_definition/SC-28/camera.py","capture_and_detect","264","","","","","","","","","","","","","","","","58.0","","","","","","","","","","","","","","","","","","","","","","","","","","","","","",""
"982.928229037","2026-05-12 19:20:43.798372","/home/sc28/SC-28/1_definition/SC-28/camera.py","capture_and_detect","265","","","","","","","","","","","","","","","","","","566","458","","","","","","","","","","","","","","","","","","","","","","","","","","",""
"982.93448045","2026-05-12 19:20:43.804621","/home/sc28/SC-28/1_definition/SC-28/camera.py","capture_and_detect","266","","","","","","","","","","","","","","","","","","","","640","480","","","","","","","","","","","","","","","","","","","","","","","","",""
"983.010932407","2026-05-12 19:20:43.881078","/home/sc28/SC-28/1_definition/SC-28/camera.py","capture_and_detect","263","","","","","","","","","","","","","","","","","0","","","","","","","","","","","","","","","","","","","","","","","","","","","","",""
"983.014447202","2026-05-12 19:20:43.884587","/home/sc28/SC-28/1_definition/SC-28/camera.py","capture_and_detect","264","","","","","","","","","","","","","","","","48.0","","","","","","","","","","","","","","","","","","","","","","","","","","","","","",""
"983.01739231","2026-05-12 19:20:43.887535","/home/sc28/SC-28/1_definition/SC-28/camera.py","capture_and_detect","265","","","","","","","","","","","","","","","","","","569","465","","","","","","","","","","","","","","","","","","","","","","","","","","",""
"983.020242417","2026-05-12 19:20:43.890384","/home/sc28/SC-28/1_definition/SC-28/camera.py","capture_and_detect","266","","","","","","","","","","","","","","","","","","","","640","480","","","","","","","","","","","","","","","","","","","","","","","","",""
"983.09368911","2026-05-12 19:20:43.963838","/home/sc28/SC-28/1_definition/SC-28/camera.py","capture_and_detect","263","","","","","","","","","","","","","","","","","0","","","","","","","","","","","","","","","","","","","","","","","","","","","","",""
"983.10097292","2026-05-12 19:20:43.971108","/home/sc28/SC-28/1_definition/SC-28/camera.py","capture_and_detect","264","","","","","","","","","","","","","","","","56.5","","","","","","","","","","","","","","","","","","","","","","","","","","","","","",""
"983.104184799","2026-05-12 19:20:43.974333","/home/sc28/SC-28/1_definition/SC-28/camera.py","capture_and_detect","265","","","","","","","","","","","","","","","","","","571","472","","","","","","","","","","","","","","","","","","","","","","","","","","",""
"983.10739725","2026-05-12 19:20:43.977544","/home/sc28/SC-28/1_definition/SC-28/camera.py","capture_and_detect","266","","","","","","","","","","","","","","","","","","","","640","480","","","","","","","","","","","","","","","","","","","","","","","","",""
"983.177529722","2026-05-12 19:20:44.047670","/home/sc28/SC-28/1_definition/SC-28/camera.py","capture_and_detect","263","","","","","","","","","","","","","","","","","0","","","","","","","","","","","","","","","","","","","","","","","","","","","","",""
"983.181027486","2026-05-12 19:20:44.051161","/home/sc28/SC-28/1_definition/SC-28/camera.py","capture_and_detect","264","","","","","","","","","","","","","","","","47.5","","","","","","","","","","","","","","","","","","","","","","","","","","","","","",""
"983.189313589","2026-05-12 19:20:44.059466","/home/sc28/SC-28/1_definition/SC-28/camera.py","capture_and_detect","265","","","","","","","","","","","","","","","","","","123","203","","","","","","","","","","","","","","","","","","","","","","","","","","",""
"983.192770416","2026-05-12 19:20:44.062920","/home/sc28/SC-28/1_definition/SC-28/camera.py","capture_and_detect","266","","","","","","","","","","","","","","","","","","","","640","480","","","","","","","","","","","","","","","","","","","","","","","","",""
"983.263052731","2026-05-12 19:20:44.133197","/home/sc28/SC-28/1_definition/SC-28/camera.py","capture_and_detect","263","","","","","","","","","","","","","","","","","0","","","","","","","","","","","","","","","","","","","","","","","","","","","","",""
"983.266543881","2026-05-12 19:20:44.136682","/home/sc28/SC-28/1_definition/SC-28/camera.py","capture_and_detect","264","","","","","","","","","","","","","","","","51.0","","","","","","","","","","","","","","","","","","","","","","","","","","","","","",""
"983.26945029","2026-05-12 19:20:44.139593","/home/sc28/SC-28/1_definition/SC-28/camera.py","capture_and_detect","265","","","","","","","","","","","","","","","","","","124","201","","","","","","","","","","","","","","","","","","","","","","","","","","",""
"983.272299825","2026-05-12 19:20:44.142442","/home/sc28/SC-28/1_definition/SC-28/camera.py","capture_and_detect","266","","","","","","","","","","","","","","","","","","","","640","480","","","","","","","","","","","","","","","","","","","","","","","","",""
"983.349201054","2026-05-12 19:20:44.219342","/home/sc28/SC-28/1_definition/SC-28/camera.py","capture_and_detect","263","","","","","","","","","","","","","","","","","0","","","","","","","","","","","","","","","","","","","","","","","","","","","","",""
"983.352716214","2026-05-12 19:20:44.222854","/home/sc28/SC-28/1_definition/SC-28/camera.py","capture_and_detect","264","","","","","","","","","","","","","","","","42.0","","","","","","","","","","","","","","","","","","","","","","","","","","","","","",""
"983.355640384","2026-05-12 19:20:44.225782","/home/sc28/SC-28/1_definition/SC-28/camera.py","capture_and_detect","265","","","","","","","","","","","","","","","","","","121","201","","","","","","","","","","","","","","","","","","","","","","","","","","",""
"983.358605804","2026-05-12 19:20:44.228748","/home/sc28/SC-28/1_definition/SC-28/camera.py","capture_and_detect","266","","","","","","","","","","","","","","","","","","","","640","480","","","","","","","","","","","","","","","","","","","","","","","","",""
"983.428830255","2026-05-12 19:20:44.298980","/home/sc28/SC-28/1_definition/SC-28/camera.py","capture_and_detect","263","","","","","","","","","","","","","","","","","0","","","","","","","","","","","","","","","","","","","","","","","","","","","","",""
"983.433961094","2026-05-12 19:20:44.304101","/home/sc28/SC-28/1_definition/SC-28/camera.py","capture_and_detect","264","","","","","","","","","","","","","","","","36.0","","","","","","","","","","","","","","","","","","","","","","","","","","","","","",""
"983.44033157","2026-05-12 19:20:44.310476","/home/sc28/SC-28/1_definition/SC-28/camera.py","capture_and_detect","265","","","","","","","","","","","","","","","","","","120","201","","","","","","","","","","","","","","","","","","","","","","","","","","",""
"983.443236781","2026-05-12 19:20:44.313378","/home/sc28/SC-28/1_definition/SC-28/camera.py","capture_and_detect","266","","","","","","","","","","","","","","","","","","","","640","480","","","","","","","","","","","","","","","","","","","","","","","","",""
"983.516293371","2026-05-12 19:20:44.386450","/home/sc28/SC-28/1_definition/SC-28/camera.py","capture_and_detect","263","","","","","","","","","","","","","","","","","0","","","","","","","","","","","","","","","","","","","","","","","","","","","","",""
"983.521593898","2026-05-12 19:20:44.391738","/home/sc28/SC-28/1_definition/SC-28/camera.py","capture_and_detect","264","","","","","","","","","","","","","","","","41.0","","","","","","","","","","","","","","","","","","","","","","","","","","","","","",""
"983.527004997","2026-05-12 19:20:44.397154","/home/sc28/SC-28/1_definition/SC-28/camera.py","capture_and_detect","265","","","","","","","","","","","","","","","","","","117","199","","","","","","","","","","","","","","","","","","","","","","","","","","",""
"983.533832036","2026-05-12 19:20:44.403980","/home/sc28/SC-28/1_definition/SC-28/camera.py","capture_and_detect","266","","","","","","","","","","","","","","","","","","","","640","480","","","","","","","","","","","","","","","","","","","","","","","","",""
"983.603847789","2026-05-12 19:20:44.473993","/home/sc28/SC-28/1_definition/SC-28/camera.py","capture_and_detect","263","","","","","","","","","","","","","","","","","0","","","","","","","","","","","","","","","","","","","","","","","","","","","","",""
"983.607438835","2026-05-12 19:20:44.477572","/home/sc28/SC-28/1_definition/SC-28/camera.py","capture_and_detect","264","","","","","","","","","","","","","","","","40.5","","","","","","","","","","","","","","","","","","","","","","","","","","","","","",""
"983.610376182","2026-05-12 19:20:44.480521","/home/sc28/SC-28/1_definition/SC-28/camera.py","capture_and_detect","265","","","","","","","","","","","","","","","","","","117","199","","","","","","","","","","","","","","","","","","","","","","","","","","",""
"983.613291654","2026-05-12 19:20:44.483436","/home/sc28/SC-28/1_definition/SC-28/camera.py","capture_and_detect","266","","","","","","","","","","","","","","","","","","","","640","480","","","","","","","","","","","","","","","","","","","","","","","","",""
"983.690241112","2026-05-12 19:20:44.560386","/home/sc28/SC-28/1_definition/SC-28/camera.py","capture_and_detect","263","","","","","","","","","","","","","","","","","0","","","","","","","","","","","","","","","","","","","","","","","","","","","","",""
"983.697233672","2026-05-12 19:20:44.567368","/home/sc28/SC-28/1_definition/SC-28/camera.py","capture_and_detect","264","","","","","","","","","","","","","","","","52.5","","","","","","","","","","","","","","","","","","","","","","","","","","","","","",""
"983.700192842","2026-05-12 19:20:44.570334","/home/sc28/SC-28/1_definition/SC-28/camera.py","capture_and_detect","265","","","","","","","","","","","","","","","","","","117","199","","","","","","","","","","","","","","","","","","","","","","","","","","",""
"983.703024043","2026-05-12 19:20:44.573164","/home/sc28/SC-28/1_definition/SC-28/camera.py","capture_and_detect","266","","","","","","","","","","","","","","","","","","","","640","480","","","","","","","","","","","","","","","","","","","","","","","","",""
"983.779780428","2026-05-12 19:20:44.649925","/home/sc28/SC-28/1_definition/SC-28/camera.py","capture_and_detect","263","","","","","","","","","","","","","","","","","0","","","","","","","","","","","","","","","","","","","","","","","","","","","","",""
"983.783280224","2026-05-12 19:20:44.653419","/home/sc28/SC-28/1_definition/SC-28/camera.py","capture_and_detect","264","","","","","","","","","","","","","","","","50.0","","","","","","","","","","","","","","","","","","","","","","","","","","","","","",""
"983.786145643","2026-05-12 19:20:44.656288","/home/sc28/SC-28/1_definition/SC-28/camera.py","capture_and_detect","265","","","","","","","","","","","","","","","","","","117","197","","","","","","","","","","","","","","","","","","","","","","","","","","",""
"983.792350181","2026-05-12 19:20:44.662494","/home/sc28/SC-28/1_definition/SC-28/camera.py","capture_and_detect","266","","","","","","","","","","","","","","","","","","","","640","480","","","","","","","","","","","","","","","","","","","","","","","","",""
"983.863399165","2026-05-12 19:20:44.733553","/home/sc28/SC-28/1_definition/SC-28/camera.py","capture_and_detect","263","","","","","","","","","","","","","","","","","0","","","","","","","","","","","","","","","","","","","","","","","","","","","","",""
"983.868650004","2026-05-12 19:20:44.738789","/home/sc28/SC-28/1_definition/SC-28/camera.py","capture_and_detect","264","","","","","","","","","","","","","","","","55.0","","","","","","","","","","","","","","","","","","","","","","","","","","","","","",""
"983.871556778","2026-05-12 19:20:44.741700","/home/sc28/SC-28/1_definition/SC-28/camera.py","capture_and_detect","265","","","","","","","","","","","","","","","","","","554","476","","","","","","","","","","","","","","","","","","","","","","","","","","",""
"983.874389177","2026-05-12 19:20:44.744531","/home/sc28/SC-28/1_definition/SC-28/camera.py","capture_and_detect","266","","","","","","","","","","","","","","","","","","","","640","480","","","","","","","","","","","","","","","","","","","","","","","","",""
"983.949641654","2026-05-12 19:20:44.819789","/home/sc28/SC-28/1_definition/SC-28/camera.py","capture_and_detect","263","","","","","","","","","","","","","","","","","0","","","","","","","","","","","","","","","","","","","","","","","","","","","","",""
"983.953541658","2026-05-12 19:20:44.823681","/home/sc28/SC-28/1_definition/SC-28/camera.py","capture_and_detect","264","","","","","","","","","","","","","","","","61.5","","","","","","","","","","","","","","","","","","","","","","","","","","","","","",""
"983.956774162","2026-05-12 19:20:44.826924","/home/sc28/SC-28/1_definition/SC-28/camera.py","capture_and_detect","265","","","","","","","","","","","","","","","","","","551","475","","","","","","","","","","","","","","","","","","","","","","","","","","",""
"983.961254688","2026-05-12 19:20:44.831403","/home/sc28/SC-28/1_definition/SC-28/camera.py","capture_and_detect","266","","","","","","","","","","","","","","","","","","","","640","480","","","","","","","","","","","","","","","","","","","","","","","","",""
"984.036968051","2026-05-12 19:20:44.907113","/home/sc28/SC-28/1_definition/SC-28/camera.py","capture_and_detect","263","","","","","","","","","","","","","","","","","0","","","","","","","","","","","","","","","","","","","","","","","","","","","","",""
"984.040400972","2026-05-12 19:20:44.910534","/home/sc28/SC-28/1_definition/SC-28/camera.py","capture_and_detect","264","","","","","","","","","","","","","","","","51.5","","","","","","","","","","","","","","","","","","","","","","","","","","","","","",""
"984.046659833","2026-05-12 19:20:44.916802","/home/sc28/SC-28/1_definition/SC-28/camera.py","capture_and_detect","265","","","","","","","","","","","","","","","","","","549","470","","","","","","","","","","","","","","","","","","","","","","","","","","",""
"984.049645461","2026-05-12 19:20:44.919793","/home/sc28/SC-28/1_definition/SC-28/camera.py","capture_and_detect","266","","","","","","","","","","","","","","","","","","","","640","480","","","","","","","","","","","","","","","","","","","","","","","","",""
"984.120707986","2026-05-12 19:20:44.990852","/home/sc28/SC-28/1_definition/SC-28/camera.py","capture_and_detect","263","","","","","","","","","","","","","","","","","0","","","","","","","","","","","","","","","","","","","","","","","","","","","","",""
"984.124203563","2026-05-12 19:20:44.994337","/home/sc28/SC-28/1_definition/SC-28/camera.py","capture_and_detect","264","","","","","","","","","","","","","","","","46.5","","","","","","","","","","","","","","","","","","","","","","","","","","","","","",""
"984.127074712","2026-05-12 19:20:44.997214","/home/sc28/SC-28/1_definition/SC-28/camera.py","capture_and_detect","265","","","","","","","","","","","","","","","","","","116","186","","","","","","","","","","","","","","","","","","","","","","","","","","",""
"984.129873517","2026-05-12 19:20:45.000014","/home/sc28/SC-28/1_definition/SC-28/camera.py","capture_and_detect","266","","","","","","","","","","","","","","","","","","","","640","480","","","","","","","","","","","","","","","","","","","","","","","","",""
"984.205251308","2026-05-12 19:20:45.075396","/home/sc28/SC-28/1_definition/SC-28/camera.py","capture_and_detect","263","","","","","","","","","","","","","","","","","0","","","","","","","","","","","","","","","","","","","","","","","","","","","","",""
"984.210268865","2026-05-12 19:20:45.080409","/home/sc28/SC-28/1_definition/SC-28/camera.py","capture_and_detect","264","","","","","","","","","","","","","","","","43.0","","","","","","","","","","","","","","","","","","","","","","","","","","","","","",""
"984.213139493","2026-05-12 19:20:45.083281","/home/sc28/SC-28/1_definition/SC-28/camera.py","capture_and_detect","265","","","","","","","","","","","","","","","","","","545","462","","","","","","","","","","","","","","","","","","","","","","","","","","",""
"984.216119809","2026-05-12 19:20:45.086265","/home/sc28/SC-28/1_definition/SC-28/camera.py","capture_and_detect","266","","","","","","","","","","","","","","","","","","","","640","480","","","","","","","","","","","","","","","","","","","","","","","","",""
"984.28654848","2026-05-12 19:20:45.156693","/home/sc28/SC-28/1_definition/SC-28/camera.py","capture_and_detect","263","","","","","","","","","","","","","","","","","0","","","","","","","","","","","","","","","","","","","","","","","","","","","","",""
"984.293397134","2026-05-12 19:20:45.163536","/home/sc28/SC-28/1_definition/SC-28/camera.py","capture_and_detect","264","","","","","","","","","","","","","","","","62.0","","","","","","","","","","","","","","","","","","","","","","","","","","","","","",""
"984.296303647","2026-05-12 19:20:45.166445","/home/sc28/SC-28/1_definition/SC-28/camera.py","capture_and_detect","265","","","","","","","","","","","","","","","","","","545","460","","","","","","","","","","","","","","","","","","","","","","","","","","",""
"984.299164432","2026-05-12 19:20:45.169304","/home/sc28/SC-28/1_definition/SC-28/camera.py","capture_and_detect","266","","","","","","","","","","","","","","","","","","","","640","480","","","","","","","","","","","","","","","","","","","","","","","","",""
"984.367729507","2026-05-12 19:20:45.237879","/home/sc28/SC-28/1_definition/SC-28/camera.py","capture_and_detect","263","","","","","","","","","","","","","","","","","0","","","","","","","","","","","","","","","","","","","","","","","","","","","","",""
"984.371709303","2026-05-12 19:20:45.241848","/home/sc28/SC-28/1_definition/SC-28/camera.py","capture_and_detect","264","","","","","","","","","","","","","","","","47.0","","","","","","","","","","","","","","","","","","","","","","","","","","","","","",""
"984.374684723","2026-05-12 19:20:45.244828","/home/sc28/SC-28/1_definition/SC-28/camera.py","capture_and_detect","265","","","","","","","","","","","","","","","","","","112","179","","","","","","","","","","","","","","","","","","","","","","","","","","",""
"984.38131822","2026-05-12 19:20:45.251468","/home/sc28/SC-28/1_definition/SC-28/camera.py","capture_and_detect","266","","","","","","","","","","","","","","","","","","","","640","480","","","","","","","","","","","","","","","","","","","","","","","","",""
"984.454109029","2026-05-12 19:20:45.324251","/home/sc28/SC-28/1_definition/SC-28/camera.py","capture_and_detect","263","","","","","","","","","","","","","","","","","0","","","","","","","","","","","","","","","","","","","","","","","","","","","","",""
"984.457547314","2026-05-12 19:20:45.327681","/home/sc28/SC-28/1_definition/SC-28/camera.py","capture_and_detect","264","","","","","","","","","","","","","","","","50.5","","","","","","","","","","","","","","","","","","","","","","","","","","","","","",""
"984.460434765","2026-05-12 19:20:45.330578","/home/sc28/SC-28/1_definition/SC-28/camera.py","capture_and_detect","265","","","","","","","","","","","","","","","","","","543","458","","","","","","","","","","","","","","","","","","","","","","","","","","",""
"984.463336591","2026-05-12 19:20:45.333478","/home/sc28/SC-28/1_definition/SC-28/camera.py","capture_and_detect","266","","","","","","","","","","","","","","","","","","","","640","480","","","","","","","","","","","","","","","","","","","","","","","","",""
"984.541172354","2026-05-12 19:20:45.411315","/home/sc28/SC-28/1_definition/SC-28/camera.py","capture_and_detect","263","","","","","","","","","","","","","","","","","0","","","","","","","","","","","","","","","","","","","","","","","","","","","","",""
"984.544641472","2026-05-12 19:20:45.414781","/home/sc28/SC-28/1_definition/SC-28/camera.py","capture_and_detect","264","","","","","","","","","","","","","","","","42.0","","","","","","","","","","","","","","","","","","","","","","","","","","","","","",""
"984.547588559","2026-05-12 19:20:45.417730","/home/sc28/SC-28/1_definition/SC-28/camera.py","capture_and_detect","265","","","","","","","","","","","","","","","","","","550","454","","","","","","","","","","","","","","","","","","","","","","","","","","",""
"984.55053601","2026-05-12 19:20:45.420677","/home/sc28/SC-28/1_definition/SC-28/camera.py","capture_and_detect","266","","","","","","","","","","","","","","","","","","","","640","480","","","","","","","","","","","","","","","","","","","","","","","","",""
"984.619877388","2026-05-12 19:20:45.490029","/home/sc28/SC-28/1_definition/SC-28/camera.py","capture_and_detect","263","","","","","","","","","","","","","","","","","0","","","","","","","","","","","","","","","","","","","","","","","","","","","","",""
"984.624066924","2026-05-12 19:20:45.494206","/home/sc28/SC-28/1_definition/SC-28/camera.py","capture_and_detect","264","","","","","","","","","","","","","","","","61.0","","","","","","","","","","","","","","","","","","","","","","","","","","","","","",""
"984.630874952","2026-05-12 19:20:45.501021","/home/sc28/SC-28/1_definition/SC-28/camera.py","capture_and_detect","265","","","","","","","","","","","","","","","","","","556","450","","","","","","","","","","","","","","","","","","","","","","","","","","",""
"984.634165841","2026-05-12 19:20:45.504316","/home/sc28/SC-28/1_definition/SC-28/camera.py","capture_and_detect","266","","","","","","","","","","","","","","","","","","","","640","480","","","","","","","","","","","","","","","","","","","","","","","","",""
"984.703474147","2026-05-12 19:20:45.573618","/home/sc28/SC-28/1_definition/SC-28/camera.py","capture_and_detect","263","","","","","","","","","","","","","","","","","0","","","","","","","","","","","","","","","","","","","","","","","","","","","","",""
"984.707071911","2026-05-12 19:20:45.577213","/home/sc28/SC-28/1_definition/SC-28/camera.py","capture_and_detect","264","","","","","","","","","","","","","","","","49.0","","","","","","","","","","","","","","","","","","","","","","","","","","","","","",""
"984.711604624","2026-05-12 19:20:45.581752","/home/sc28/SC-28/1_definition/SC-28/camera.py","capture_and_detect","265","","","","","","","","","","","","","","","","","","560","443","","","","","","","","","","","","","","","","","","","","","","","","","","",""
"984.718623174","2026-05-12 19:20:45.588775","/home/sc28/SC-28/1_definition/SC-28/camera.py","capture_and_detect","266","","","","","","","","","","","","","","","","","","","","640","480","","","","","","","","","","","","","","","","","","","","","","","","",""
"984.798655761","2026-05-12 19:20:45.668800","/home/sc28/SC-28/1_definition/SC-28/camera.py","capture_and_detect","263","","","","","","","","","","","","","","","","","0","","","","","","","","","","","","","","","","","","","","","","","","","","","","",""
"984.802187692","2026-05-12 19:20:45.672327","/home/sc28/SC-28/1_definition/SC-28/camera.py","capture_and_detect","264","","","","","","","","","","","","","","","","58.0","","","","","","","","","","","","","","","","","","","","","","","","","","","","","",""
"984.8050828","2026-05-12 19:20:45.675223","/home/sc28/SC-28/1_definition/SC-28/camera.py","capture_and_detect","265","","","","","","","","","","","","","","","","","","559","444","","","","","","","","","","","","","","","","","","","","","","","","","","",""
"984.807888897","2026-05-12 19:20:45.678028","/home/sc28/SC-28/1_definition/SC-28/camera.py","capture_and_detect","266","","","","","","","","","","","","","","","","","","","","640","480","","","","","","","","","","","","","","","","","","","","","","","","",""
"984.888660027","2026-05-12 19:20:45.758804","/home/sc28/SC-28/1_definition/SC-28/camera.py","capture_and_detect","263","","","","","","","","","","","","","","","","","0","","","","","","","","","","","","","","","","","","","","","","","","","","","","",""
"984.895520295","2026-05-12 19:20:45.765658","/home/sc28/SC-28/1_definition/SC-28/camera.py","capture_and_detect","264","","","","","","","","","","","","","","","","55.0","","","","","","","","","","","","","","","","","","","","","","","","","","","","","",""
"984.898482798","2026-05-12 19:20:45.768625","/home/sc28/SC-28/1_definition/SC-28/camera.py","capture_and_detect","265","","","","","","","","","","","","","","","","","","557","438","","","","","","","","","","","","","","","","","","","","","","","","","","",""
"984.901439833","2026-05-12 19:20:45.771590","/home/sc28/SC-28/1_definition/SC-28/camera.py","capture_and_detect","266","","","","","","","","","","","","","","","","","","","","640","480","","","","","","","","","","","","","","","","","","","","","","","","",""
"984.977099707","2026-05-12 19:20:45.847245","/home/sc28/SC-28/1_definition/SC-28/camera.py","capture_and_detect","263","","","","","","","","","","","","","","","","","0","","","","","","","","","","","","","","","","","","","","","","","","","","","","",""
"984.980602159","2026-05-12 19:20:45.850735","/home/sc28/SC-28/1_definition/SC-28/camera.py","capture_and_detect","264","","","","","","","","","","","","","","","","62.5","","","","","","","","","","","","","","","","","","","","","","","","","","","","","",""
"984.983458985","2026-05-12 19:20:45.853599","/home/sc28/SC-28/1_definition/SC-28/camera.py","capture_and_detect","265","","","","","","","","","","","","","","","","","","561","431","","","","","","","","","","","","","","","","","","","","","","","","","","",""
"984.989876128","2026-05-12 19:20:45.860025","/home/sc28/SC-28/1_definition/SC-28/camera.py","capture_and_detect","266","","","","","","","","","","","","","","","","","","","","640","480","","","","","","","","","","","","","","","","","","","","","","","","",""
"985.065880378","2026-05-12 19:20:45.936025","/home/sc28/SC-28/1_definition/SC-28/camera.py","capture_and_detect","263","","","","","","","","","","","","","","","","","0","","","","","","","","","","","","","","","","","","","","","","","","","","","","",""
"985.06939309","2026-05-12 19:20:45.939525","/home/sc28/SC-28/1_definition/SC-28/camera.py","capture_and_detect","264","","","","","","","","","","","","","","","","53.5","","","","","","","","","","","","","","","","","","","","","","","","","","","","","",""
"985.072435333","2026-05-12 19:20:45.942586","/home/sc28/SC-28/1_definition/SC-28/camera.py","capture_and_detect","265","","","","","","","","","","","","","","","","","","563","429","","","","","","","","","","","","","","","","","","","","","","","","","","",""
"985.075618305","2026-05-12 19:20:45.945764","/home/sc28/SC-28/1_definition/SC-28/camera.py","capture_and_detect","266","","","","","","","","","","","","","","","","","","","","640","480","","","","","","","","","","","","","","","","","","","","","","","","",""
"985.146021039","2026-05-12 19:20:46.016167","/home/sc28/SC-28/1_definition/SC-28/camera.py","capture_and_detect","263","","","","","","","","","","","","","","","","","0","","","","","","","","","","","","","","","","","","","","","","","","","","","","",""
"985.153333495","2026-05-12 19:20:46.023485","/home/sc28/SC-28/1_definition/SC-28/camera.py","capture_and_detect","264","","","","","","","","","","","","","","","","57.0","","","","","","","","","","","","","","","","","","","","","","","","","","","","","",""
"985.156833238","2026-05-12 19:20:46.026982","/home/sc28/SC-28/1_definition/SC-28/camera.py","capture_and_detect","265","","","","","","","","","","","","","","","","","","566","428","","","","","","","","","","","","","","","","","","","","","","","","","","",""
"985.160490951","2026-05-12 19:20:46.030646","/home/sc28/SC-28/1_definition/SC-28/camera.py","capture_and_detect","266","","","","","","","","","","","","","","","","","","","","640","480","","","","","","","","","","","","","","","","","","","","","","","","",""
"985.232233374","2026-05-12 19:20:46.102379","/home/sc28/SC-28/1_definition/SC-28/camera.py","capture_and_detect","263","","","","","","","","","","","","","","","","","0","","","","","","","","","","","","","","","","","","","","","","","","","","","","",""
"985.235703951","2026-05-12 19:20:46.105837","/home/sc28/SC-28/1_definition/SC-28/camera.py","capture_and_detect","264","","","","","","","","","","","","","","","","56.5","","","","","","","","","","","","","","","","","","","","","","","","","","","","","",""
"985.242183333","2026-05-12 19:20:46.112333","/home/sc28/SC-28/1_definition/SC-28/camera.py","capture_and_detect","265","","","","","","","","","","","","","","","","","","566","429","","","","","","","","","","","","","","","","","","","","","","","","","","",""
"985.245583754","2026-05-12 19:20:46.115728","/home/sc28/SC-28/1_definition/SC-28/camera.py","capture_and_detect","266","","","","","","","","","","","","","","","","","","","","640","480","","","","","","","","","","","","","","","","","","","","","","","","",""
"985.318808366","2026-05-12 19:20:46.188953","/home/sc28/SC-28/1_definition/SC-28/camera.py","capture_and_detect","263","","","","","","","","","","","","","","","","","0","","","","","","","","","","","","","","","","","","","","","","","","","","","","",""
"985.322304047","2026-05-12 19:20:46.192441","/home/sc28/SC-28/1_definition/SC-28/camera.py","capture_and_detect","264","","","","","","","","","","","","","","","","56.0","","","","","","","","","","","","","","","","","","","","","","","","","","","","","",""
"985.325183529","2026-05-12 19:20:46.195325","/home/sc28/SC-28/1_definition/SC-28/camera.py","capture_and_detect","265","","","","","","","","","","","","","","","","","","568","432","","","","","","","","","","","","","","","","","","","","","","","","","","",""
"985.328307648","2026-05-12 19:20:46.198454","/home/sc28/SC-28/1_definition/SC-28/camera.py","capture_and_detect","266","","","","","","","","","","","","","","","","","","","","640","480","","","","","","","","","","","","","","","","","","","","","","","","",""
"985.404230909","2026-05-12 19:20:46.274376","/home/sc28/SC-28/1_definition/SC-28/camera.py","capture_and_detect","263","","","","","","","","","","","","","","","","","0","","","","","","","","","","","","","","","","","","","","","","","","","","","","",""
"985.407627475","2026-05-12 19:20:46.277765","/home/sc28/SC-28/1_definition/SC-28/camera.py","capture_and_detect","264","","","","","","","","","","","","","","","","55.0","","","","","","","","","","","","","","","","","","","","","","","","","","","","","",""
"985.410454718","2026-05-12 19:20:46.280596","/home/sc28/SC-28/1_definition/SC-28/camera.py","capture_and_detect","265","","","","","","","","","","","","","","","","","","569","432","","","","","","","","","","","","","","","","","","","","","","","","","","",""
"985.413482898","2026-05-12 19:20:46.283633","/home/sc28/SC-28/1_definition/SC-28/camera.py","capture_and_detect","266","","","","","","","","","","","","","","","","","","","","640","480","","","","","","","","","","","","","","","","","","","","","","","","",""
"985.482437089","2026-05-12 19:20:46.352584","/home/sc28/SC-28/1_definition/SC-28/camera.py","capture_and_detect","263","","","","","","","","","","","","","","","","","0","","","","","","","","","","","","","","","","","","","","","","","","","","","","",""
"985.486104281","2026-05-12 19:20:46.356240","/home/sc28/SC-28/1_definition/SC-28/camera.py","capture_and_detect","264","","","","","","","","","","","","","","","","54.5","","","","","","","","","","","","","","","","","","","","","","","","","","","","","",""
"985.513092488","2026-05-12 19:20:46.383238","/home/sc28/SC-28/1_definition/SC-28/camera.py","capture_and_detect","265","","","","","","","","","","","","","","","","","","565","433","","","","","","","","","","","","","","","","","","","","","","","","","","",""
"985.517610879","2026-05-12 19:20:46.387757","/home/sc28/SC-28/1_definition/SC-28/camera.py","capture_and_detect","266","","","","","","","","","","","","","","","","","","","","640","480","","","","","","","","","","","","","","","","","","","","","","","","",""
"985.588238197","2026-05-12 19:20:46.458398","/home/sc28/SC-28/1_definition/SC-28/camera.py","capture_and_detect","263","","","","","","","","","","","","","","","","","0","","","","","","","","","","","","","","","","","","","","","","","","","","","","",""
"985.592254816","2026-05-12 19:20:46.462395","/home/sc28/SC-28/1_definition/SC-28/camera.py","capture_and_detect","264","","","","","","","","","","","","","","","","63.0","","","","","","","","","","","","","","","","","","","","","","","","","","","","","",""
"985.595706955","2026-05-12 19:20:46.465854","/home/sc28/SC-28/1_definition/SC-28/camera.py","capture_and_detect","265","","","","","","","","","","","","","","","","","","564","429","","","","","","","","","","","","","","","","","","","","","","","","","","",""
"985.602493525","2026-05-12 19:20:46.472641","/home/sc28/SC-28/1_definition/SC-28/camera.py","capture_and_detect","266","","","","","","","","","","","","","","","","","","","","640","480","","","","","","","","","","","","","","","","","","","","","","","","",""
"985.672101258","2026-05-12 19:20:46.542258","/home/sc28/SC-28/1_definition/SC-28/camera.py","capture_and_detect","263","","","","","","","","","","","","","","","","","0","","","","","","","","","","","","","","","","","","","","","","","","","","","","",""
"985.67648418","2026-05-12 19:20:46.546623","/home/sc28/SC-28/1_definition/SC-28/camera.py","capture_and_detect","264","","","","","","","","","","","","","","","","55.0","","","","","","","","","","","","","","","","","","","","","","","","","","","","","",""
"985.679658975","2026-05-12 19:20:46.549810","/home/sc28/SC-28/1_definition/SC-28/camera.py","capture_and_detect","265","","","","","","","","","","","","","","","","","","563","431","","","","","","","","","","","","","","","","","","","","","","","","","","",""
"985.685513252","2026-05-12 19:20:46.555666","/home/sc28/SC-28/1_definition/SC-28/camera.py","capture_and_detect","266","","","","","","","","","","","","","","","","","","","","640","480","","","","","","","","","","","","","","","","","","","","","","","","",""
"985.756831248","2026-05-12 19:20:46.626975","/home/sc28/SC-28/1_definition/SC-28/camera.py","capture_and_detect","263","","","","","","","","","","","","","","","","","0","","","","","","","","","","","","","","","","","","","","","","","","","","","","",""
"985.764101048","2026-05-12 19:20:46.634235","/home/sc28/SC-28/1_definition/SC-28/camera.py","capture_and_detect","264","","","","","","","","","","","","","","","","60.5","","","","","","","","","","","","","","","","","","","","","","","","","","","","","",""
"985.767076676","2026-05-12 19:20:46.637220","/home/sc28/SC-28/1_definition/SC-28/camera.py","capture_and_detect","265","","","","","","","","","","","","","","","","","","564","433","","","","","","","","","","","","","","","","","","","","","","","","","","",""
"985.769957252","2026-05-12 19:20:46.640099","/home/sc28/SC-28/1_definition/SC-28/camera.py","capture_and_detect","266","","","","","","","","","","","","","","","","","","","","640","480","","","","","","","","","","","","","","","","","","","","","","","","",""
"985.843706761","2026-05-12 19:20:46.713852","/home/sc28/SC-28/1_definition/SC-28/camera.py","capture_and_detect","263","","","","","","","","","","","","","","","","","0","","","","","","","","","","","","","","","","","","","","","","","","","","","","",""
"985.847666141","2026-05-12 19:20:46.717801","/home/sc28/SC-28/1_definition/SC-28/camera.py","capture_and_detect","264","","","","","","","","","","","","","","","","52.5","","","","","","","","","","","","","","","","","","","","","","","","","","","","","",""
"985.850603748","2026-05-12 19:20:46.720748","/home/sc28/SC-28/1_definition/SC-28/camera.py","capture_and_detect","265","","","","","","","","","","","","","","","","","","570","428","","","","","","","","","","","","","","","","","","","","","","","","","","",""
"985.858110632","2026-05-12 19:20:46.728256","/home/sc28/SC-28/1_definition/SC-28/camera.py","capture_and_detect","266","","","","","","","","","","","","","","","","","","","","640","480","","","","","","","","","","","","","","","","","","","","","","","","",""
"985.93046816","2026-05-12 19:20:46.800611","/home/sc28/SC-28/1_definition/SC-28/camera.py","capture_and_detect","263","","","","","","","","","","","","","","","","","0","","","","","","","","","","","","","","","","","","","","","","","","","","","","",""
"985.933954362","2026-05-12 19:20:46.804088","/home/sc28/SC-28/1_definition/SC-28/camera.py","capture_and_detect","264","","","","","","","","","","","","","","","","61.5","","","","","","","","","","","","","","","","","","","","","","","","","","","","","",""
"985.936889834","2026-05-12 19:20:46.807034","/home/sc28/SC-28/1_definition/SC-28/camera.py","capture_and_detect","265","","","","","","","","","","","","","","","","","","579","423","","","","","","","","","","","","","","","","","","","","","","","","","","",""
"985.939736087","2026-05-12 19:20:46.809878","/home/sc28/SC-28/1_definition/SC-28/camera.py","capture_and_detect","266","","","","","","","","","","","","","","","","","","","","640","480","","","","","","","","","","","","","","","","","","","","","","","","",""
"986.017648934","2026-05-12 19:20:46.887791","/home/sc28/SC-28/1_definition/SC-28/camera.py","capture_and_detect","263","","","","","","","","","","","","","","","","","0","","","","","","","","","","","","","","","","","","","","","","","","","","","","",""
"986.021143885","2026-05-12 19:20:46.891279","/home/sc28/SC-28/1_definition/SC-28/camera.py","capture_and_detect","264","","","","","","","","","","","","","","","","45.5","","","","","","","","","","","","","","","","","","","","","","","","","","","","","",""
"986.024054357","2026-05-12 19:20:46.894196","/home/sc28/SC-28/1_definition/SC-28/camera.py","capture_and_detect","265","","","","","","","","","","","","","","","","","","581","421","","","","","","","","","","","","","","","","","","","","","","","","","","",""
"986.026888788","2026-05-12 19:20:46.897030","/home/sc28/SC-28/1_definition/SC-28/camera.py","capture_and_detect","266","","","","","","","","","","","","","","","","","","","","640","480","","","","","","","","","","","","","","","","","","","","","","","","",""
"986.102038767","2026-05-12 19:20:46.972186","/home/sc28/SC-28/1_definition/SC-28/camera.py","capture_and_detect","263","","","","","","","","","","","","","","","","","0","","","","","","","","","","","","","","","","","","","","","","","","","","","","",""
"986.106039084","2026-05-12 19:20:46.976176","/home/sc28/SC-28/1_definition/SC-28/camera.py","capture_and_detect","264","","","","","","","","","","","","","","","","61.5","","","","","","","","","","","","","","","","","","","","","","","","","","","","","",""
"986.112763154","2026-05-12 19:20:46.982911","/home/sc28/SC-28/1_definition/SC-28/camera.py","capture_and_detect","265","","","","","","","","","","","","","","","","","","581","420","","","","","","","","","","","","","","","","","","","","","","","","","","",""
"986.115988001","2026-05-12 19:20:46.986306","/home/sc28/SC-28/1_definition/SC-28/camera.py","capture_and_detect","266","","","","","","","","","","","","","","","","","","","","640","480","","","","","","","","","","","","","","","","","","","","","","","","",""
"986.185613444","2026-05-12 19:20:47.055756","/home/sc28/SC-28/1_definition/SC-28/camera.py","capture_and_detect","263","","","","","","","","","","","","","","","","","0","","","","","","","","","","","","","","","","","","","","","","","","","","","","",""
"986.189237771","2026-05-12 19:20:47.059375","/home/sc28/SC-28/1_definition/SC-28/camera.py","capture_and_detect","264","","","","","","","","","","","","","","","","61.0","","","","","","","","","","","","","","","","","","","","","","","","","","","","","",""
"986.192161941","2026-05-12 19:20:47.062306","/home/sc28/SC-28/1_definition/SC-28/camera.py","capture_and_detect","265","","","","","","","","","","","","","","","","","","583","418","","","","","","","","","","","","","","","","","","","","","","","","","","",""
"986.200127575","2026-05-12 19:20:47.070273","/home/sc28/SC-28/1_definition/SC-28/camera.py","capture_and_detect","266","","","","","","","","","","","","","","","","","","","","640","480","","","","","","","","","","","","","","","","","","","","","","","","",""
"986.27031432","2026-05-12 19:20:47.140456","/home/sc28/SC-28/1_definition/SC-28/camera.py","capture_and_detect","263","","","","","","","","","","","","","","","","","0","","","","","","","","","","","","","","","","","","","","","","","","","","","","",""
"986.273822918","2026-05-12 19:20:47.143963","/home/sc28/SC-28/1_definition/SC-28/camera.py","capture_and_detect","264","","","","","","","","","","","","","","","","65.0","","","","","","","","","","","","","","","","","","","","","","","","","","","","","",""
"986.276765265","2026-05-12 19:20:47.146910","/home/sc28/SC-28/1_definition/SC-28/camera.py","capture_and_detect","265","","","","","","","","","","","","","","","","","","584","417","","","","","","","","","","","","","","","","","","","","","","","","","","",""
"986.279629695","2026-05-12 19:20:47.149772","/home/sc28/SC-28/1_definition/SC-28/camera.py","capture_and_detect","266","","","","","","","","","","","","","","","","","","","","640","480","","","","","","","","","","","","","","","","","","","","","","","","",""
"986.352891965","2026-05-12 19:20:47.223037","/home/sc28/SC-28/1_definition/SC-28/camera.py","capture_and_detect","263","","","","","","","","","","","","","","","","","0","","","","","","","","","","","","","","","","","","","","","","","","","","","","",""
"986.360242546","2026-05-12 19:20:47.230381","/home/sc28/SC-28/1_definition/SC-28/camera.py","capture_and_detect","264","","","","","","","","","","","","","","","","64.0","","","","","","","","","","","","","","","","","","","","","","","","","","","","","",""
"986.36325807","2026-05-12 19:20:47.233402","/home/sc28/SC-28/1_definition/SC-28/camera.py","capture_and_detect","265","","","","","","","","","","","","","","","","","","585","416","","","","","","","","","","","","","","","","","","","","","","","","","","",""
"986.366132084","2026-05-12 19:20:47.236274","/home/sc28/SC-28/1_definition/SC-28/camera.py","capture_and_detect","266","","","","","","","","","","","","","","","","","","","","640","480","","","","","","","","","","","","","","","","","","","","","","","","",""
"986.438971228","2026-05-12 19:20:47.309113","/home/sc28/SC-28/1_definition/SC-28/camera.py","capture_and_detect","263","","","","","","","","","","","","","","","","","0","","","","","","","","","","","","","","","","","","","","","","","","","","","","",""
"986.442465399","2026-05-12 19:20:47.312604","/home/sc28/SC-28/1_definition/SC-28/camera.py","capture_and_detect","264","","","","","","","","","","","","","","","","58.0","","","","","","","","","","","","","","","","","","","","","","","","","","","","","",""
"986.445332798","2026-05-12 19:20:47.315474","/home/sc28/SC-28/1_definition/SC-28/camera.py","capture_and_detect","265","","","","","","","","","","","","","","","","","","586","417","","","","","","","","","","","","","","","","","","","","","","","","","","",""
"986.451562961","2026-05-12 19:20:47.321708","/home/sc28/SC-28/1_definition/SC-28/camera.py","capture_and_detect","266","","","","","","","","","","","","","","","","","","","","640","480","","","","","","","","","","","","","","","","","","","","","","","","",""
"986.523385281","2026-05-12 19:20:47.393533","/home/sc28/SC-28/1_definition/SC-28/camera.py","capture_and_detect","263","","","","","","","","","","","","","","","","","0","","","","","","","","","","","","","","","","","","","","","","","","","","","","",""
"986.527309348","2026-05-12 19:20:47.397451","/home/sc28/SC-28/1_definition/SC-28/camera.py","capture_and_detect","264","","","","","","","","","","","","","","","","57.0","","","","","","","","","","","","","","","","","","","","","","","","","","","","","",""
"986.532846646","2026-05-12 19:20:47.402995","/home/sc28/SC-28/1_definition/SC-28/camera.py","capture_and_detect","265","","","","","","","","","","","","","","","","","","581","422","","","","","","","","","","","","","","","","","","","","","","","","","","",""
"986.536204618","2026-05-12 19:20:47.406351","/home/sc28/SC-28/1_definition/SC-28/camera.py","capture_and_detect","266","","","","","","","","","","","","","","","","","","","","640","480","","","","","","","","","","","","","","","","","","","","","","","","",""
"986.611879339","2026-05-12 19:20:47.482025","/home/sc28/SC-28/1_definition/SC-28/camera.py","capture_and_detect","263","","","","","","","","","","","","","","","","","0","","","","","","","","","","","","","","","","","","","","","","","","","","","","",""
"986.616666479","2026-05-12 19:20:47.486804","/home/sc28/SC-28/1_definition/SC-28/camera.py","capture_and_detect","264","","","","","","","","","","","","","","","","53.5","","","","","","","","","","","","","","","","","","","","","","","","","","","","","",""
"986.619942837","2026-05-12 19:20:47.490091","/home/sc28/SC-28/1_definition/SC-28/camera.py","capture_and_detect","265","","","","","","","","","","","","","","","","","","582","422","","","","","","","","","","","","","","","","","","","","","","","","","","",""
"986.62315331","2026-05-12 19:20:47.493301","/home/sc28/SC-28/1_definition/SC-28/camera.py","capture_and_detect","266","","","","","","","","","","","","","","","","","","","","640","480","","","","","","","","","","","","","","","","","","","","","","","","",""
"986.695462505","2026-05-12 19:20:47.565613","/home/sc28/SC-28/1_definition/SC-28/camera.py","capture_and_detect","263","","","","","","","","","","","","","","","","","0","","","","","","","","","","","","","","","","","","","","","","","","","","","","",""
"986.699677041","2026-05-12 19:20:47.569811","/home/sc28/SC-28/1_definition/SC-28/camera.py","capture_and_detect","264","","","","","","","","","","","","","","","","54.5","","","","","","","","","","","","","","","","","","","","","","","","","","","","","",""
"986.706019028","2026-05-12 19:20:47.576164","/home/sc28/SC-28/1_definition/SC-28/camera.py","capture_and_detect","265","","","","","","","","","","","","","","","","","","581","419","","","","","","","","","","","","","","","","","","","","","","","","","","",""
"986.708956948","2026-05-12 19:20:47.579101","/home/sc28/SC-28/1_definition/SC-28/camera.py","capture_and_detect","266","","","","","","","","","","","","","","","","","","","","640","480","","","","","","","","","","","","","","","","","","","","","","","","",""
"986.783795313","2026-05-12 19:20:47.653940","/home/sc28/SC-28/1_definition/SC-28/camera.py","capture_and_detect","263","","","","","","","","","","","","","","","","","0","","","","","","","","","","","","","","","","","","","","","","","","","","","","",""
"986.787331983","2026-05-12 19:20:47.657471","/home/sc28/SC-28/1_definition/SC-28/camera.py","capture_and_detect","264","","","","","","","","","","","","","","","","51.0","","","","","","","","","","","","","","","","","","","","","","","","","","","","","",""
"986.790228705","2026-05-12 19:20:47.660372","/home/sc28/SC-28/1_definition/SC-28/camera.py","capture_and_detect","265","","","","","","","","","","","","","","","","","","583","414","","","","","","","","","","","","","","","","","","","","","","","","","","",""
"986.793045063","2026-05-12 19:20:47.663186","/home/sc28/SC-28/1_definition/SC-28/camera.py","capture_and_detect","266","","","","","","","","","","","","","","","","","","","","640","480","","","","","","","","","","","","","","","","","","","","","","","","",""
"986.86816421","2026-05-12 19:20:47.738306","/home/sc28/SC-28/1_definition/SC-28/camera.py","capture_and_detect","263","","","","","","","","","","","","","","","","","0","","","","","","","","","","","","","","","","","","","","","","","","","","","","",""
"986.871556193","2026-05-12 19:20:47.741688","/home/sc28/SC-28/1_definition/SC-28/camera.py","capture_and_detect","264","","","","","","","","","","","","","","","","50.5","","","","","","","","","","","","","","","","","","","","","","","","","","","","","",""
"986.87607","2026-05-12 19:20:47.746216","/home/sc28/SC-28/1_definition/SC-28/camera.py","capture_and_detect","265","","","","","","","","","","","","","","","","","","582","412","","","","","","","","","","","","","","","","","","","","","","","","","","",""
"986.878980524","2026-05-12 19:20:47.749122","/home/sc28/SC-28/1_definition/SC-28/camera.py","capture_and_detect","266","","","","","","","","","","","","","","","","","","","","640","480","","","","","","","","","","","","","","","","","","","","","","","","",""
"986.954927744","2026-05-12 19:20:47.825075","/home/sc28/SC-28/1_definition/SC-28/camera.py","capture_and_detect","263","","","","","","","","","","","","","","","","","0","","","","","","","","","","","","","","","","","","","","","","","","","","","","",""
"986.962018794","2026-05-12 19:20:47.832154","/home/sc28/SC-28/1_definition/SC-28/camera.py","capture_and_detect","264","","","","","","","","","","","","","","","","46.5","","","","","","","","","","","","","","","","","","","","","","","","","","","","","",""
"986.965037027","2026-05-12 19:20:47.835181","/home/sc28/SC-28/1_definition/SC-28/camera.py","capture_and_detect","265","","","","","","","","","","","","","","","","","","148","142","","","","","","","","","","","","","","","","","","","","","","","","","","",""
"986.967925415","2026-05-12 19:20:47.838066","/home/sc28/SC-28/1_definition/SC-28/camera.py","capture_and_detect","266","","","","","","","","","","","","","","","","","","","","640","480","","","","","","","","","","","","","","","","","","","","","","","","",""
"987.041413779","2026-05-12 19:20:47.911559","/home/sc28/SC-28/1_definition/SC-28/camera.py","capture_and_detect","263","","","","","","","","","","","","","","","","","0","","","","","","","","","","","","","","","","","","","","","","","","","","","","",""
"987.04854311","2026-05-12 19:20:47.918684","/home/sc28/SC-28/1_definition/SC-28/camera.py","capture_and_detect","264","","","","","","","","","","","","","","","","65.0","","","","","","","","","","","","","","","","","","","","","","","","","","","","","",""
"987.051515457","2026-05-12 19:20:47.921657","/home/sc28/SC-28/1_definition/SC-28/camera.py","capture_and_detect","265","","","","","","","","","","","","","","","","","","592","418","","","","","","","","","","","","","","","","","","","","","","","","","","",""
"987.057841974","2026-05-12 19:20:47.927990","/home/sc28/SC-28/1_definition/SC-28/camera.py","capture_and_detect","266","","","","","","","","","","","","","","","","","","","","640","480","","","","","","","","","","","","","","","","","","","","","","","","",""
"987.127970959","2026-05-12 19:20:47.998173","/home/sc28/SC-28/1_definition/SC-28/camera.py","capture_and_detect","263","","","","","","","","","","","","","","","","","0","","","","","","","","","","","","","","","","","","","","","","","","","","","","",""
"987.131801328","2026-05-12 19:20:48.001937","/home/sc28/SC-28/1_definition/SC-28/camera.py","capture_and_detect","264","","","","","","","","","","","","","","","","42.5","","","","","","","","","","","","","","","","","","","","","","","","","","","","","",""
"987.135168103","2026-05-12 19:20:48.005316","/home/sc28/SC-28/1_definition/SC-28/camera.py","capture_and_detect","265","","","","","","","","","","","","","","","","","","590","419","","","","","","","","","","","","","","","","","","","","","","","","","","",""
"987.138364877","2026-05-12 19:20:48.008513","/home/sc28/SC-28/1_definition/SC-28/camera.py","capture_and_detect","266","","","","","","","","","","","","","","","","","","","","640","480","","","","","","","","","","","","","","","","","","","","","","","","",""
"987.209992354","2026-05-12 19:20:48.080137","/home/sc28/SC-28/1_definition/SC-28/camera.py","capture_and_detect","263","","","","","","","","","","","","","","","","","0","","","","","","","","","","","","","","","","","","","","","","","","","","","","",""
"987.218328614","2026-05-12 19:20:48.088464","/home/sc28/SC-28/1_definition/SC-28/camera.py","capture_and_detect","264","","","","","","","","","","","","","","","","40.5","","","","","","","","","","","","","","","","","","","","","","","","","","","","","",""
"987.221277055","2026-05-12 19:20:48.091419","/home/sc28/SC-28/1_definition/SC-28/camera.py","capture_and_detect","265","","","","","","","","","","","","","","","","","","151","151","","","","","","","","","","","","","","","","","","","","","","","","","","",""
"987.224170339","2026-05-12 19:20:48.094312","/home/sc28/SC-28/1_definition/SC-28/camera.py","capture_and_detect","266","","","","","","","","","","","","","","","","","","","","640","480","","","","","","","","","","","","","","","","","","","","","","","","",""
"987.302421834","2026-05-12 19:20:48.172567","/home/sc28/SC-28/1_definition/SC-28/camera.py","capture_and_detect","263","","","","","","","","","","","","","","","","","0","","","","","","","","","","","","","","","","","","","","","","","","","","","","",""
"987.305955224","2026-05-12 19:20:48.176094","/home/sc28/SC-28/1_definition/SC-28/camera.py","capture_and_detect","264","","","","","","","","","","","","","","","","37.0","","","","","","","","","","","","","","","","","","","","","","","","","","","","","",""
"987.312245752","2026-05-12 19:20:48.182388","/home/sc28/SC-28/1_definition/SC-28/camera.py","capture_and_detect","265","","","","","","","","","","","","","","","","","","149","154","","","","","","","","","","","","","","","","","","","","","","","","","","",""
"987.315551328","2026-05-12 19:20:48.185699","/home/sc28/SC-28/1_definition/SC-28/camera.py","capture_and_detect","266","","","","","","","","","","","","","","","","","","","","640","480","","","","","","","","","","","","","","","","","","","","","","","","",""
"987.386221356","2026-05-12 19:20:48.256366","/home/sc28/SC-28/1_definition/SC-28/camera.py","capture_and_detect","263","","","","","","","","","","","","","","","","","0","","","","","","","","","","","","","","","","","","","","","","","","","","","","",""
"987.389776881","2026-05-12 19:20:48.259909","/home/sc28/SC-28/1_definition/SC-28/camera.py","capture_and_detect","264","","","","","","","","","","","","","","","","40.5","","","","","","","","","","","","","","","","","","","","","","","","","","","","","",""
"987.39265251","2026-05-12 19:20:48.262794","/home/sc28/SC-28/1_definition/SC-28/camera.py","capture_and_detect","265","","","","","","","","","","","","","","","","","","149","152","","","","","","","","","","","","","","","","","","","","","","","","","","",""
"987.395516107","2026-05-12 19:20:48.265658","/home/sc28/SC-28/1_definition/SC-28/camera.py","capture_and_detect","266","","","","","","","","","","","","","","","","","","","","640","480","","","","","","","","","","","","","","","","","","","","","","","","",""
"987.468757127","2026-05-12 19:20:48.338902","/home/sc28/SC-28/1_definition/SC-28/camera.py","capture_and_detect","263","","","","","","","","","","","","","","","","","0","","","","","","","","","","","","","","","","","","","","","","","","","","","","",""
"987.472222808","2026-05-12 19:20:48.342361","/home/sc28/SC-28/1_definition/SC-28/camera.py","capture_and_detect","264","","","","","","","","","","","","","","","","40.0","","","","","","","","","","","","","","","","","","","","","","","","","","","","","",""
"987.474974842","2026-05-12 19:20:48.345116","/home/sc28/SC-28/1_definition/SC-28/camera.py","capture_and_detect","265","","","","","","","","","","","","","","","","","","152","155","","","","","","","","","","","","","","","","","","","","","","","","","","",""
"987.477673023","2026-05-12 19:20:48.347815","/home/sc28/SC-28/1_definition/SC-28/camera.py","capture_and_detect","266","","","","","","","","","","","","","","","","","","","","640","480","","","","","","","","","","","","","","","","","","","","","","","","",""
"987.548553624","2026-05-12 19:20:48.418703","/home/sc28/SC-28/1_definition/SC-28/camera.py","capture_and_detect","263","","","","","","","","","","","","","","","","","0","","","","","","","","","","","","","","","","","","","","","","","","","","","","",""
"987.562692025","2026-05-12 19:20:48.432833","/home/sc28/SC-28/1_definition/SC-28/camera.py","capture_and_detect","264","","","","","","","","","","","","","","","","33.0","","","","","","","","","","","","","","","","","","","","","","","","","","","","","",""
"987.566058592","2026-05-12 19:20:48.436206","/home/sc28/SC-28/1_definition/SC-28/camera.py","capture_and_detect","265","","","","","","","","","","","","","","","","","","596","432","","","","","","","","","","","","","","","","","","","","","","","","","","",""
"987.56907422","2026-05-12 19:20:48.439222","/home/sc28/SC-28/1_definition/SC-28/camera.py","capture_and_detect","266","","","","","","","","","","","","","","","","","","","","640","480","","","","","","","","","","","","","","","","","","","","","","","","",""
"987.643149096","2026-05-12 19:20:48.513300","/home/sc28/SC-28/1_definition/SC-28/camera.py","capture_and_detect","263","","","","","","","","","","","","","","","","","0","","","","","","","","","","","","","","","","","","","","","","","","","","","","",""
"987.646909204","2026-05-12 19:20:48.517050","/home/sc28/SC-28/1_definition/SC-28/camera.py","capture_and_detect","264","","","","","","","","","","","","","","","","34.0","","","","","","","","","","","","","","","","","","","","","","","","","","","","","",""
"987.65014202","2026-05-12 19:20:48.520290","/home/sc28/SC-28/1_definition/SC-28/camera.py","capture_and_detect","265","","","","","","","","","","","","","","","","","","148","183","","","","","","","","","","","","","","","","","","","","","","","","","","",""
"987.656891872","2026-05-12 19:20:48.527044","/home/sc28/SC-28/1_definition/SC-28/camera.py","capture_and_detect","266","","","","","","","","","","","","","","","","","","","","640","480","","","","","","","","","","","","","","","","","","","","","","","","",""
"987.725843044","2026-05-12 19:20:48.595987","/home/sc28/SC-28/1_definition/SC-28/camera.py","capture_and_detect","263","","","","","","","","","","","","","","","","","0","","","","","","","","","","","","","","","","","","","","","","","","","","","","",""
"987.729334037","2026-05-12 19:20:48.599473","/home/sc28/SC-28/1_definition/SC-28/camera.py","capture_and_detect","264","","","","","","","","","","","","","","","","29.0","","","","","","","","","","","","","","","","","","","","","","","","","","","","","",""
"987.732210134","2026-05-12 19:20:48.602352","/home/sc28/SC-28/1_definition/SC-28/camera.py","capture_and_detect","265","","","","","","","","","","","","","","","","","","586","435","","","","","","","","","","","","","","","","","","","","","","","","","","",""
"987.734986335","2026-05-12 19:20:48.605127","/home/sc28/SC-28/1_definition/SC-28/camera.py","capture_and_detect","266","","","","","","","","","","","","","","","","","","","","640","480","","","","","","","","","","","","","","","","","","","","","","","","",""
"987.807198917","2026-05-12 19:20:48.677340","/home/sc28/SC-28/1_definition/SC-28/camera.py","capture_and_detect","263","","","","","","","","","","","","","","","","","0","","","","","","","","","","","","","","","","","","","","","","","","","","","","",""
"987.814052102","2026-05-12 19:20:48.684191","/home/sc28/SC-28/1_definition/SC-28/camera.py","capture_and_detect","264","","","","","","","","","","","","","","","","31.0","","","","","","","","","","","","","","","","","","","","","","","","","","","","","",""
"987.817033355","2026-05-12 19:20:48.687178","/home/sc28/SC-28/1_definition/SC-28/camera.py","capture_and_detect","265","","","","","","","","","","","","","","","","","","152","165","","","","","","","","","","","","","","","","","","","","","","","","","","",""
"987.819892421","2026-05-12 19:20:48.690034","/home/sc28/SC-28/1_definition/SC-28/camera.py","capture_and_detect","266","","","","","","","","","","","","","","","","","","","","640","480","","","","","","","","","","","","","","","","","","","","","","","","",""
"987.891499846","2026-05-12 19:20:48.761645","/home/sc28/SC-28/1_definition/SC-28/camera.py","capture_and_detect","263","","","","","","","","","","","","","","","","","0","","","","","","","","","","","","","","","","","","","","","","","","","","","","",""
"987.897352353","2026-05-12 19:20:48.767487","/home/sc28/SC-28/1_definition/SC-28/camera.py","capture_and_detect","264","","","","","","","","","","","","","","","","40.5","","","","","","","","","","","","","","","","","","","","","","","","","","","","","",""
"987.904043194","2026-05-12 19:20:48.774190","/home/sc28/SC-28/1_definition/SC-28/camera.py","capture_and_detect","265","","","","","","","","","","","","","","","","","","585","441","","","","","","","","","","","","","","","","","","","","","","","","","","",""
"987.906977624","2026-05-12 19:20:48.777119","/home/sc28/SC-28/1_definition/SC-28/camera.py","capture_and_detect","266","","","","","","","","","","","","","","","","","","","","640","480","","","","","","","","","","","","","","","","","","","","","","","","",""
"987.97986229","2026-05-12 19:20:48.850013","/home/sc28/SC-28/1_definition/SC-28/camera.py","capture_and_detect","263","","","","","","","","","","","","","","","","","0","","","","","","","","","","","","","","","","","","","","","","","","","","","","",""
"987.984256149","2026-05-12 19:20:48.854395","/home/sc28/SC-28/1_definition/SC-28/camera.py","capture_and_detect","264","","","","","","","","","","","","","","","","30.0","","","","","","","","","","","","","","","","","","","","","","","","","","","","","",""
"987.987199225","2026-05-12 19:20:48.857340","/home/sc28/SC-28/1_definition/SC-28/camera.py","capture_and_detect","265","","","","","","","","","","","","","","","","","","587","444","","","","","","","","","","","","","","","","","","","","","","","","","","",""
"987.990053239","2026-05-12 19:20:48.860194","/home/sc28/SC-28/1_definition/SC-28/camera.py","capture_and_detect","266","","","","","","","","","","","","","","","","","","","","640","480","","","","","","","","","","","","","","","","","","","","","","","","",""
"988.065726398","2026-05-12 19:20:48.935874","/home/sc28/SC-28/1_definition/SC-28/camera.py","capture_and_detect","263","","","","","","","","","","","","","","","","","0","","","","","","","","","","","","","","","","","","","","","","","","","","","","",""
"988.069798069","2026-05-12 19:20:48.939937","/home/sc28/SC-28/1_definition/SC-28/camera.py","capture_and_detect","264","","","","","","","","","","","","","","","","33.5","","","","","","","","","","","","","","","","","","","","","","","","","","","","","",""
"988.074085834","2026-05-12 19:20:48.944235","/home/sc28/SC-28/1_definition/SC-28/camera.py","capture_and_detect","265","","","","","","","","","","","","","","","","","","144","185","","","","","","","","","","","","","","","","","","","","","","","","","","",""
"988.077437921","2026-05-12 19:20:48.947586","/home/sc28/SC-28/1_definition/SC-28/camera.py","capture_and_detect","266","","","","","","","","","","","","","","","","","","","","640","480","","","","","","","","","","","","","","","","","","","","","","","","",""
"988.148272064","2026-05-12 19:20:49.018417","/home/sc28/SC-28/1_definition/SC-28/camera.py","capture_and_detect","263","","","","","","","","","","","","","","","","","0","","","","","","","","","","","","","","","","","","","","","","","","","","","","",""
"988.151802954","2026-05-12 19:20:49.021942","/home/sc28/SC-28/1_definition/SC-28/camera.py","capture_and_detect","264","","","","","","","","","","","","","","","","36.0","","","","","","","","","","","","","","","","","","","","","","","","","","","","","",""
"988.160546506","2026-05-12 19:20:49.030693","/home/sc28/SC-28/1_definition/SC-28/camera.py","capture_and_detect","265","","","","","","","","","","","","","","","","","","145","194","","","","","","","","","","","","","","","","","","","","","","","","","","",""
"988.164222864","2026-05-12 19:20:49.034376","/home/sc28/SC-28/1_definition/SC-28/camera.py","capture_and_detect","266","","","","","","","","","","","","","","","","","","","","640","480","","","","","","","","","","","","","","","","","","","","","","","","",""
"988.23705852","2026-05-12 19:20:49.107203","/home/sc28/SC-28/1_definition/SC-28/camera.py","capture_and_detect","263","","","","","","","","","","","","","","","","","0","","","","","","","","","","","","","","","","","","","","","","","","","","","","",""
"988.240504253","2026-05-12 19:20:49.110643","/home/sc28/SC-28/1_definition/SC-28/camera.py","capture_and_detect","264","","","","","","","","","","","","","","","","37.0","","","","","","","","","","","","","","","","","","","","","","","","","","","","","",""
"988.243325559","2026-05-12 19:20:49.113464","/home/sc28/SC-28/1_definition/SC-28/camera.py","capture_and_detect","265","","","","","","","","","","","","","","","","","","151","191","","","","","","","","","","","","","","","","","","","","","","","","","","",""
"988.249617285","2026-05-12 19:20:49.119768","/home/sc28/SC-28/1_definition/SC-28/camera.py","capture_and_detect","266","","","","","","","","","","","","","","","","","","","","640","480","","","","","","","","","","","","","","","","","","","","","","","","",""
"988.32562508","2026-05-12 19:20:49.195770","/home/sc28/SC-28/1_definition/SC-28/camera.py","capture_and_detect","263","","","","","","","","","","","","","","","","","0","","","","","","","","","","","","","","","","","","","","","","","","","","","","",""
"988.329136438","2026-05-12 19:20:49.199270","/home/sc28/SC-28/1_definition/SC-28/camera.py","capture_and_detect","264","","","","","","","","","","","","","","","","32.5","","","","","","","","","","","","","","","","","","","","","","","","","","","","","",""
"988.331976598","2026-05-12 19:20:49.202116","/home/sc28/SC-28/1_definition/SC-28/camera.py","capture_and_detect","265","","","","","","","","","","","","","","","","","","133","185","","","","","","","","","","","","","","","","","","","","","","","","","","",""
"988.334812643","2026-05-12 19:20:49.204953","/home/sc28/SC-28/1_definition/SC-28/camera.py","capture_and_detect","266","","","","","","","","","","","","","","","","","","","","640","480","","","","","","","","","","","","","","","","","","","","","","","","",""
"988.409057624","2026-05-12 19:20:49.279201","/home/sc28/SC-28/1_definition/SC-28/camera.py","capture_and_detect","263","","","","","","","","","","","","","","","","","0","","","","","","","","","","","","","","","","","","","","","","","","","","","","",""
"988.415848673","2026-05-12 19:20:49.285984","/home/sc28/SC-28/1_definition/SC-28/camera.py","capture_and_detect","264","","","","","","","","","","","","","","","","28.5","","","","","","","","","","","","","","","","","","","","","","","","","","","","","",""
"988.418828156","2026-05-12 19:20:49.288970","/home/sc28/SC-28/1_definition/SC-28/camera.py","capture_and_detect","265","","","","","","","","","","","","","","","","","","155","170","","","","","","","","","","","","","","","","","","","","","","","","","","",""
"988.421687013","2026-05-12 19:20:49.291830","/home/sc28/SC-28/1_definition/SC-28/camera.py","capture_and_detect","266","","","","","","","","","","","","","","","","","","","","640","480","","","","","","","","","","","","","","","","","","","","","","","","",""
"988.494585638","2026-05-12 19:20:49.364728","/home/sc28/SC-28/1_definition/SC-28/camera.py","capture_and_detect","263","","","","","","","","","","","","","","","","","0","","","","","","","","","","","","","","","","","","","","","","","","","","","","",""
"988.498316684","2026-05-12 19:20:49.368459","/home/sc28/SC-28/1_definition/SC-28/camera.py","capture_and_detect","264","","","","","","","","","","","","","","","","34.0","","","","","","","","","","","","","","","","","","","","","","","","","","","","","",""
"988.501548719","2026-05-12 19:20:49.371696","/home/sc28/SC-28/1_definition/SC-28/camera.py","capture_and_detect","265","","","","","","","","","","","","","","","","","","156","167","","","","","","","","","","","","","","","","","","","","","","","","","","",""
"988.508280862","2026-05-12 19:20:49.378429","/home/sc28/SC-28/1_definition/SC-28/camera.py","capture_and_detect","266","","","","","","","","","","","","","","","","","","","","640","480","","","","","","","","","","","","","","","","","","","","","","","","",""
"988.58189928","2026-05-12 19:20:49.452043","/home/sc28/SC-28/1_definition/SC-28/camera.py","capture_and_detect","263","","","","","","","","","","","","","","","","","0","","","","","","","","","","","","","","","","","","","","","","","","","","","","",""
"988.58543668","2026-05-12 19:20:49.455571","/home/sc28/SC-28/1_definition/SC-28/camera.py","capture_and_detect","264","","","","","","","","","","","","","","","","40.5","","","","","","","","","","","","","","","","","","","","","","","","","","","","","",""
"988.588330589","2026-05-12 19:20:49.458470","/home/sc28/SC-28/1_definition/SC-28/camera.py","capture_and_detect","265","","","","","","","","","","","","","","","","","","598","435","","","","","","","","","","","","","","","","","","","","","","","","","","",""
"988.591143405","2026-05-12 19:20:49.461285","/home/sc28/SC-28/1_definition/SC-28/camera.py","capture_and_detect","266","","","","","","","","","","","","","","","","","","","","640","480","","","","","","","","","","","","","","","","","","","","","","","","",""
"988.670864278","2026-05-12 19:20:49.541010","/home/sc28/SC-28/1_definition/SC-28/camera.py","capture_and_detect","263","","","","","","","","","","","","","","","","","0","","","","","","","","","","","","","","","","","","","","","","","","","","","","",""
"988.674341261","2026-05-12 19:20:49.544479","/home/sc28/SC-28/1_definition/SC-28/camera.py","capture_and_detect","264","","","","","","","","","","","","","","","","45.0","","","","","","","","","","","","","","","","","","","","","","","","","","","","","",""
"988.677340848","2026-05-12 19:20:49.547484","/home/sc28/SC-28/1_definition/SC-28/camera.py","capture_and_detect","265","","","","","","","","","","","","","","","","","","599","435","","","","","","","","","","","","","","","","","","","","","","","","","","",""
"988.680231632","2026-05-12 19:20:49.550373","/home/sc28/SC-28/1_definition/SC-28/camera.py","capture_and_detect","266","","","","","","","","","","","","","","","","","","","","640","480","","","","","","","","","","","","","","","","","","","","","","","","",""
"988.753571352","2026-05-12 19:20:49.623715","/home/sc28/SC-28/1_definition/SC-28/camera.py","capture_and_detect","263","","","","","","","","","","","","","","","","","0","","","","","","","","","","","","","","","","","","","","","","","","","","","","",""
"988.757204897","2026-05-12 19:20:49.627342","/home/sc28/SC-28/1_definition/SC-28/camera.py","capture_and_detect","264","","","","","","","","","","","","","","","","52.5","","","","","","","","","","","","","","","","","","","","","","","","","","","","","",""
"988.764178239","2026-05-12 19:20:49.634323","/home/sc28/SC-28/1_definition/SC-28/camera.py","capture_and_detect","265","","","","","","","","","","","","","","","","","","599","435","","","","","","","","","","","","","","","","","","","","","","","","","","",""
"988.767186784","2026-05-12 19:20:49.637330","/home/sc28/SC-28/1_definition/SC-28/camera.py","capture_and_detect","266","","","","","","","","","","","","","","","","","","","","640","480","","","","","","","","","","","","","","","","","","","","","","","","",""
"988.838272595","2026-05-12 19:20:49.708418","/home/sc28/SC-28/1_definition/SC-28/camera.py","capture_and_detect","263","","","","","","","","","","","","","","","","","0","","","","","","","","","","","","","","","","","","","","","","","","","","","","",""
"988.84359083","2026-05-12 19:20:49.713730","/home/sc28/SC-28/1_definition/SC-28/camera.py","capture_and_detect","264","","","","","","","","","","","","","","","","34.0","","","","","","","","","","","","","","","","","","","","","","","","","","","","","",""
"988.847021719","2026-05-12 19:20:49.717166","/home/sc28/SC-28/1_definition/SC-28/camera.py","capture_and_detect","265","","","","","","","","","","","","","","","","","","594","437","","","","","","","","","","","","","","","","","","","","","","","","","","",""
"988.84997042","2026-05-12 19:20:49.720112","/home/sc28/SC-28/1_definition/SC-28/camera.py","capture_and_detect","266","","","","","","","","","","","","","","","","","","","","640","480","","","","","","","","","","","","","","","","","","","","","","","","",""
"988.922465503","2026-05-12 19:20:49.792613","/home/sc28/SC-28/1_definition/SC-28/camera.py","capture_and_detect","263","","","","","","","","","","","","","","","","","0","","","","","","","","","","","","","","","","","","","","","","","","","","","","",""
"988.927568686","2026-05-12 19:20:49.797712","/home/sc28/SC-28/1_definition/SC-28/camera.py","capture_and_detect","264","","","","","","","","","","","","","","","","58.0","","","","","","","","","","","","","","","","","","","","","","","","","","","","","",""
"988.931184107","2026-05-12 19:20:49.801339","/home/sc28/SC-28/1_definition/SC-28/camera.py","capture_and_detect","265","","","","","","","","","","","","","","","","","","591","437","","","","","","","","","","","","","","","","","","","","","","","","","","",""
"988.935194633","2026-05-12 19:20:49.805349","/home/sc28/SC-28/1_definition/SC-28/camera.py","capture_and_detect","266","","","","","","","","","","","","","","","","","","","","640","480","","","","","","","","","","","","","","","","","","","","","","","","",""
"989.006638204","2026-05-12 19:20:49.876782","/home/sc28/SC-28/1_definition/SC-28/camera.py","capture_and_detect","263","","","","","","","","","","","","","","","","","0","","","","","","","","","","","","","","","","","","","","","","","","","","","","",""
"989.013544202","2026-05-12 19:20:49.883685","/home/sc28/SC-28/1_definition/SC-28/camera.py","capture_and_detect","264","","","","","","","","","","","","","","","","51.0","","","","","","","","","","","","","","","","","","","","","","","","","","","","","",""
"989.016721132","2026-05-12 19:20:49.886874","/home/sc28/SC-28/1_definition/SC-28/camera.py","capture_and_detect","265","","","","","","","","","","","","","","","","","","598","437","","","","","","","","","","","","","","","","","","","","","","","","","","",""
"989.020589574","2026-05-12 19:20:49.890741","/home/sc28/SC-28/1_definition/SC-28/camera.py","capture_and_detect","266","","","","","","","","","","","","","","","","","","","","640","480","","","","","","","","","","","","","","","","","","","","","","","","",""
"989.096194244","2026-05-12 19:20:49.966338","/home/sc28/SC-28/1_definition/SC-28/camera.py","capture_and_detect","263","","","","","","","","","","","","","","","","","0","","","","","","","","","","","","","","","","","","","","","","","","","","","","",""
"989.09975253","2026-05-12 19:20:49.969890","/home/sc28/SC-28/1_definition/SC-28/camera.py","capture_and_detect","264","","","","","","","","","","","","","","","","55.0","","","","","","","","","","","","","","","","","","","","","","","","","","","","","",""
"989.102769408","2026-05-12 19:20:49.972911","/home/sc28/SC-28/1_definition/SC-28/camera.py","capture_and_detect","265","","","","","","","","","","","","","","","","","","600","431","","","","","","","","","","","","","","","","","","","","","","","","","","",""
"989.109306863","2026-05-12 19:20:49.979452","/home/sc28/SC-28/1_definition/SC-28/camera.py","capture_and_detect","266","","","","","","","","","","","","","","","","","","","","640","480","","","","","","","","","","","","","","","","","","","","","","","","",""
"989.181664707","2026-05-12 19:20:50.051808","/home/sc28/SC-28/1_definition/SC-28/camera.py","capture_and_detect","263","","","","","","","","","","","","","","","","","0","","","","","","","","","","","","","","","","","","","","","","","","","","","","",""
"989.185137628","2026-05-12 19:20:50.055271","/home/sc28/SC-28/1_definition/SC-28/camera.py","capture_and_detect","264","","","","","","","","","","","","","","","","39.5","","","","","","","","","","","","","","","","","","","","","","","","","","","","","",""
"989.18797336","2026-05-12 19:20:50.058113","/home/sc28/SC-28/1_definition/SC-28/camera.py","capture_and_detect","265","","","","","","","","","","","","","","","","","","595","431","","","","","","","","","","","","","","","","","","","","","","","","","","",""
"989.192387324","2026-05-12 19:20:50.062535","/home/sc28/SC-28/1_definition/SC-28/camera.py","capture_and_detect","266","","","","","","","","","","","","","","","","","","","","640","480","","","","","","","","","","","","","","","","","","","","","","","","",""
"989.271299759","2026-05-12 19:20:50.141450","/home/sc28/SC-28/1_definition/SC-28/camera.py","capture_and_detect","263","","","","","","","","","","","","","","","","","0","","","","","","","","","","","","","","","","","","","","","","","","","","","","",""
"989.275301066","2026-05-12 19:20:50.145444","/home/sc28/SC-28/1_definition/SC-28/camera.py","capture_and_detect","264","","","","","","","","","","","","","","","","44.0","","","","","","","","","","","","","","","","","","","","","","","","","","","","","",""
"989.278549351","2026-05-12 19:20:50.148697","/home/sc28/SC-28/1_definition/SC-28/camera.py","capture_and_detect","265","","","","","","","","","","","","","","","","","","586","433","","","","","","","","","","","","","","","","","","","","","","","","","","",""
"989.281819927","2026-05-12 19:20:50.151971","/home/sc28/SC-28/1_definition/SC-28/camera.py","capture_and_detect","266","","","","","","","","","","","","","","","","","","","","640","480","","","","","","","","","","","","","","","","","","","","","","","","",""
"989.365005492","2026-05-12 19:20:50.235155","/home/sc28/SC-28/1_definition/SC-28/camera.py","capture_and_detect","263","","","","","","","","","","","","","","","","","0","","","","","","","","","","","","","","","","","","","","","","","","","","","","",""
"989.368894247","2026-05-12 19:20:50.239030","/home/sc28/SC-28/1_definition/SC-28/camera.py","capture_and_detect","264","","","","","","","","","","","","","","","","46.5","","","","","","","","","","","","","","","","","","","","","","","","","","","","","",""
"989.376817121","2026-05-12 19:20:50.246965","/home/sc28/SC-28/1_definition/SC-28/camera.py","capture_and_detect","265","","","","","","","","","","","","","","","","","","592","427","","","","","","","","","","","","","","","","","","","","","","","","","","",""
"989.380194781","2026-05-12 19:20:50.250339","/home/sc28/SC-28/1_definition/SC-28/camera.py","capture_and_detect","266","","","","","","","","","","","","","","","","","","","","640","480","","","","","","","","","","","","","","","","","","","","","","","","",""
"989.449559601","2026-05-12 19:20:50.319703","/home/sc28/SC-28/1_definition/SC-28/camera.py","capture_and_detect","263","","","","","","","","","","","","","","","","","0","","","","","","","","","","","","","","","","","","","","","","","","","","","","",""
"989.453156949","2026-05-12 19:20:50.323300","/home/sc28/SC-28/1_definition/SC-28/camera.py","capture_and_detect","264","","","","","","","","","","","","","","","","36.0","","","","","","","","","","","","","","","","","","","","","","","","","","","","","",""
"989.458579403","2026-05-12 19:20:50.328732","/home/sc28/SC-28/1_definition/SC-28/camera.py","capture_and_detect","265","","","","","","","","","","","","","","","","","","603","433","","","","","","","","","","","","","","","","","","","","","","","","","","",""
"989.462153886","2026-05-12 19:20:50.332308","/home/sc28/SC-28/1_definition/SC-28/camera.py","capture_and_detect","266","","","","","","","","","","","","","","","","","","","","640","480","","","","","","","","","","","","","","","","","","","","","","","","",""
"989.534784699","2026-05-12 19:20:50.404928","/home/sc28/SC-28/1_definition/SC-28/camera.py","capture_and_detect","263","","","","","","","","","","","","","","","","","0","","","","","","","","","","","","","","","","","","","","","","","","","","","","",""
"989.538285589","2026-05-12 19:20:50.408418","/home/sc28/SC-28/1_definition/SC-28/camera.py","capture_and_detect","264","","","","","","","","","","","","","","","","49.5","","","","","","","","","","","","","","","","","","","","","","","","","","","","","",""
"989.541138092","2026-05-12 19:20:50.411279","/home/sc28/SC-28/1_definition/SC-28/camera.py","capture_and_detect","265","","","","","","","","","","","","","","","","","","612","431","","","","","","","","","","","","","","","","","","","","","","","","","","",""
"989.545514816","2026-05-12 19:20:50.415658","/home/sc28/SC-28/1_definition/SC-28/camera.py","capture_and_detect","266","","","","","","","","","","","","","","","","","","","","640","480","","","","","","","","","","","","","","","","","","","","","","","","",""
"989.619296307","2026-05-12 19:20:50.489441","/home/sc28/SC-28/1_definition/SC-28/camera.py","capture_and_detect","263","","","","","","","","","","","","","","","","","0","","","","","","","","","","","","","","","","","","","","","","","","","","","","",""
"989.626172513","2026-05-12 19:20:50.496312","/home/sc28/SC-28/1_definition/SC-28/camera.py","capture_and_detect","264","","","","","","","","","","","","","","","","43.0","","","","","","","","","","","","","","","","","","","","","","","","","","","","","",""
"989.629051631","2026-05-12 19:20:50.499194","/home/sc28/SC-28/1_definition/SC-28/camera.py","capture_and_detect","265","","","","","","","","","","","","","","","","","","611","428","","","","","","","","","","","","","","","","","","","","","","","","","","",""
"989.631838926","2026-05-12 19:20:50.501978","/home/sc28/SC-28/1_definition/SC-28/camera.py","capture_and_detect","266","","","","","","","","","","","","","","","","","","","","640","480","","","","","","","","","","","","","","","","","","","","","","","","",""
"989.705763387","2026-05-12 19:20:50.575905","/home/sc28/SC-28/1_definition/SC-28/camera.py","capture_and_detect","263","","","","","","","","","","","","","","","","","0","","","","","","","","","","","","","","","","","","","","","","","","","","","","",""
"989.709518079","2026-05-12 19:20:50.579656","/home/sc28/SC-28/1_definition/SC-28/camera.py","capture_and_detect","264","","","","","","","","","","","","","","","","34.0","","","","","","","","","","","","","","","","","","","","","","","","","","","","","",""
"989.712481155","2026-05-12 19:20:50.582627","/home/sc28/SC-28/1_definition/SC-28/camera.py","capture_and_detect","265","","","","","","","","","","","","","","","","","","200","129","","","","","","","","","","","","","","","","","","","","","","","","","","",""
"989.718851475","2026-05-12 19:20:50.588998","/home/sc28/SC-28/1_definition/SC-28/camera.py","capture_and_detect","266","","","","","","","","","","","","","","","","","","","","640","480","","","","","","","","","","","","","","","","","","","","","","","","",""
"989.793289478","2026-05-12 19:20:50.663433","/home/sc28/SC-28/1_definition/SC-28/camera.py","capture_and_detect","263","","","","","","","","","","","","","","","","","0","","","","","","","","","","","","","","","","","","","","","","","","","","","","",""
"989.796975732","2026-05-12 19:20:50.667111","/home/sc28/SC-28/1_definition/SC-28/camera.py","capture_and_detect","264","","","","","","","","","","","","","","","","41.5","","","","","","","","","","","","","","","","","","","","","","","","","","","","","",""
"989.800383392","2026-05-12 19:20:50.670531","/home/sc28/SC-28/1_definition/SC-28/camera.py","capture_and_detect","265","","","","","","","","","","","","","","","","","","606","422","","","","","","","","","","","","","","","","","","","","","","","","","","",""
"989.803309489","2026-05-12 19:20:50.673452","/home/sc28/SC-28/1_definition/SC-28/camera.py","capture_and_detect","266","","","","","","","","","","","","","","","","","","","","640","480","","","","","","","","","","","","","","","","","","","","","","","","",""
"989.871599777","2026-05-12 19:20:50.741751","/home/sc28/SC-28/1_definition/SC-28/camera.py","capture_and_detect","263","","","","","","","","","","","","","","","","","0","","","","","","","","","","","","","","","","","","","","","","","","","","","","",""
"989.879512025","2026-05-12 19:20:50.749654","/home/sc28/SC-28/1_definition/SC-28/camera.py","capture_and_detect","264","","","","","","","","","","","","","","","","49.0","","","","","","","","","","","","","","","","","","","","","","","","","","","","","",""
"989.884461979","2026-05-12 19:20:50.754613","/home/sc28/SC-28/1_definition/SC-28/camera.py","capture_and_detect","265","","","","","","","","","","","","","","","","","","608","423","","","","","","","","","","","","","","","","","","","","","","","","","","",""
"989.88785667","2026-05-12 19:20:50.758005","/home/sc28/SC-28/1_definition/SC-28/camera.py","capture_and_detect","266","","","","","","","","","","","","","","","","","","","","640","480","","","","","","","","","","","","","","","","","","","","","","","","",""
"989.963078112","2026-05-12 19:20:50.833218","/home/sc28/SC-28/1_definition/SC-28/camera.py","capture_and_detect","263","","","","","","","","","","","","","","","","","0","","","","","","","","","","","","","","","","","","","","","","","","","","","","",""
"989.966530928","2026-05-12 19:20:50.836664","/home/sc28/SC-28/1_definition/SC-28/camera.py","capture_and_detect","264","","","","","","","","","","","","","","","","47.5","","","","","","","","","","","","","","","","","","","","","","","","","","","","","",""
"989.972965831","2026-05-12 19:20:50.843109","/home/sc28/SC-28/1_definition/SC-28/camera.py","capture_and_detect","265","","","","","","","","","","","","","","","","","","608","424","","","","","","","","","","","","","","","","","","","","","","","","","","",""
"989.975848647","2026-05-12 19:20:50.846007","/home/sc28/SC-28/1_definition/SC-28/camera.py","capture_and_detect","266","","","","","","","","","","","","","","","","","","","","640","480","","","","","","","","","","","","","","","","","","","","","","","","",""
"990.054728895","2026-05-12 19:20:50.924873","/home/sc28/SC-28/1_definition/SC-28/camera.py","capture_and_detect","263","","","","","","","","","","","","","","","","","0","","","","","","","","","","","","","","","","","","","","","","","","","","","","",""
"990.058249524","2026-05-12 19:20:50.928384","/home/sc28/SC-28/1_definition/SC-28/camera.py","capture_and_detect","264","","","","","","","","","","","","","","","","55.5","","","","","","","","","","","","","","","","","","","","","","","","","","","","","",""
"990.061135621","2026-05-12 19:20:50.931276","/home/sc28/SC-28/1_definition/SC-28/camera.py","capture_and_detect","265","","","","","","","","","","","","","","","","","","601","423","","","","","","","","","","","","","","","","","","","","","","","","","","",""
"990.063955103","2026-05-12 19:20:50.934095","/home/sc28/SC-28/1_definition/SC-28/camera.py","capture_and_detect","266","","","","","","","","","","","","","","","","","","","","640","480","","","","","","","","","","","","","","","","","","","","","","","","",""
"990.137972324","2026-05-12 19:20:51.008116","/home/sc28/SC-28/1_definition/SC-28/camera.py","capture_and_detect","263","","","","","","","","","","","","","","","","","0","","","","","","","","","","","","","","","","","","","","","","","","","","","","",""
"990.141393578","2026-05-12 19:20:51.011531","/home/sc28/SC-28/1_definition/SC-28/camera.py","capture_and_detect","264","","","","","","","","","","","","","","","","48.0","","","","","","","","","","","","","","","","","","","","","","","","","","","","","",""
"990.144229988","2026-05-12 19:20:51.014376","/home/sc28/SC-28/1_definition/SC-28/camera.py","capture_and_detect","265","","","","","","","","","","","","","","","","","","604","417","","","","","","","","","","","","","","","","","","","","","","","","","","",""
"990.147093325","2026-05-12 19:20:51.017235","/home/sc28/SC-28/1_definition/SC-28/camera.py","capture_and_detect","266","","","","","","","","","","","","","","","","","","","","640","480","","","","","","","","","","","","","","","","","","","","","","","","",""
"990.219716483","2026-05-12 19:20:51.089859","/home/sc28/SC-28/1_definition/SC-28/camera.py","capture_and_detect","263","","","","","","","","","","","","","","","","","0","","","","","","","","","","","","","","","","","","","","","","","","","","","","",""
"990.223195914","2026-05-12 19:20:51.093337","/home/sc28/SC-28/1_definition/SC-28/camera.py","capture_and_detect","264","","","","","","","","","","","","","","","","54.0","","","","","","","","","","","","","","","","","","","","","","","","","","","","","",""
"990.23183733","2026-05-12 19:20:51.101984","/home/sc28/SC-28/1_definition/SC-28/camera.py","capture_and_detect","265","","","","","","","","","","","","","","","","","","605","412","","","","","","","","","","","","","","","","","","","","","","","","","","",""
"990.234849261","2026-05-12 19:20:51.104992","/home/sc28/SC-28/1_definition/SC-28/camera.py","capture_and_detect","266","","","","","","","","","","","","","","","","","","","","640","480","","","","","","","","","","","","","","","","","","","","","","","","",""
"990.305782104","2026-05-12 19:20:51.175933","/home/sc28/SC-28/1_definition/SC-28/camera.py","capture_and_detect","263","","","","","","","","","","","","","","","","","0","","","","","","","","","","","","","","","","","","","","","","","","","","","","",""
"990.31040362","2026-05-12 19:20:51.180542","/home/sc28/SC-28/1_definition/SC-28/camera.py","capture_and_detect","264","","","","","","","","","","","","","","","","55.0","","","","","","","","","","","","","","","","","","","","","","","","","","","","","",""
"990.314060447","2026-05-12 19:20:51.184209","/home/sc28/SC-28/1_definition/SC-28/camera.py","capture_and_detect","265","","","","","","","","","","","","","","","","","","607","408","","","","","","","","","","","","","","","","","","","","","","","","","","",""
"990.320724778","2026-05-12 19:20:51.190872","/home/sc28/SC-28/1_definition/SC-28/camera.py","capture_and_detect","266","","","","","","","","","","","","","","","","","","","","640","480","","","","","","","","","","","","","","","","","","","","","","","","",""
"990.392782414","2026-05-12 19:20:51.262926","/home/sc28/SC-28/1_definition/SC-28/camera.py","capture_and_detect","263","","","","","","","","","","","","","","","","","0","","","","","","","","","","","","","","","","","","","","","","","","","","","","",""
"990.396779762","2026-05-12 19:20:51.266919","/home/sc28/SC-28/1_definition/SC-28/camera.py","capture_and_detect","264","","","","","","","","","","","","","","","","60.0","","","","","","","","","","","","","","","","","","","","","","","","","","","","","",""
"990.399874454","2026-05-12 19:20:51.270019","/home/sc28/SC-28/1_definition/SC-28/camera.py","capture_and_detect","265","","","","","","","","","","","","","","","","","","609","406","","","","","","","","","","","","","","","","","","","","","","","","","","",""
"990.402816384","2026-05-12 19:20:51.272958","/home/sc28/SC-28/1_definition/SC-28/camera.py","capture_and_detect","266","","","","","","","","","","","","","","","","","","","","640","480","","","","","","","","","","","","","","","","","","","","","","","","",""
"990.475734334","2026-05-12 19:20:51.345880","/home/sc28/SC-28/1_definition/SC-28/camera.py","capture_and_detect","263","","","","","","","","","","","","","","","","","0","","","","","","","","","","","","","","","","","","","","","","","","","","","","",""
"990.482993717","2026-05-12 19:20:51.353127","/home/sc28/SC-28/1_definition/SC-28/camera.py","capture_and_detect","264","","","","","","","","","","","","","","","","69.5","","","","","","","","","","","","","","","","","","","","","","","","","","","","","",""
"990.485968148","2026-05-12 19:20:51.356109","/home/sc28/SC-28/1_definition/SC-28/camera.py","capture_and_detect","265","","","","","","","","","","","","","","","","","","607","408","","","","","","","","","","","","","","","","","","","","","","","","","","",""
"990.488827839","2026-05-12 19:20:51.358969","/home/sc28/SC-28/1_definition/SC-28/camera.py","capture_and_detect","266","","","","","","","","","","","","","","","","","","","","640","480","","","","","","","","","","","","","","","","","","","","","","","","",""
"990.56220881","2026-05-12 19:20:51.432360","/home/sc28/SC-28/1_definition/SC-28/camera.py","capture_and_detect","263","","","","","","","","","","","","","","","","","0","","","","","","","","","","","","","","","","","","","","","","","","","","","","",""
"990.565804856","2026-05-12 19:20:51.435940","/home/sc28/SC-28/1_definition/SC-28/camera.py","capture_and_detect","264","","","","","","","","","","","","","","","","65.5","","","","","","","","","","","","","","","","","","","","","","","","","","","","","",""
"990.574125907","2026-05-12 19:20:51.444271","/home/sc28/SC-28/1_definition/SC-28/camera.py","capture_and_detect","265","","","","","","","","","","","","","","","","","","605","410","","","","","","","","","","","","","","","","","","","","","","","","","","",""
"990.577152109","2026-05-12 19:20:51.447298","/home/sc28/SC-28/1_definition/SC-28/camera.py","capture_and_detect","266","","","","","","","","","","","","","","","","","","","","640","480","","","","","","","","","","","","","","","","","","","","","","","","",""
"990.649581152","2026-05-12 19:20:51.519726","/home/sc28/SC-28/1_definition/SC-28/camera.py","capture_and_detect","263","","","","","","","","","","","","","","","","","0","","","","","","","","","","","","","","","","","","","","","","","","","","","","",""
"990.653986209","2026-05-12 19:20:51.524124","/home/sc28/SC-28/1_definition/SC-28/camera.py","capture_and_detect","264","","","","","","","","","","","","","","","","60.0","","","","","","","","","","","","","","","","","","","","","","","","","","","","","",""
"990.657337932","2026-05-12 19:20:51.527483","/home/sc28/SC-28/1_definition/SC-28/camera.py","capture_and_detect","265","","","","","","","","","","","","","","","","","","608","409","","","","","","","","","","","","","","","","","","","","","","","","","","",""
"990.660201164","2026-05-12 19:20:51.530343","/home/sc28/SC-28/1_definition/SC-28/camera.py","capture_and_detect","266","","","","","","","","","","","","","","","","","","","","640","480","","","","","","","","","","","","","","","","","","","","","","","","",""
"990.737240577","2026-05-12 19:20:51.607387","/home/sc28/SC-28/1_definition/SC-28/camera.py","capture_and_detect","263","","","","","","","","","","","","","","","","","0","","","","","","","","","","","","","","","","","","","","","","","","","","","","",""
"990.741220321","2026-05-12 19:20:51.611353","/home/sc28/SC-28/1_definition/SC-28/camera.py","capture_and_detect","264","","","","","","","","","","","","","","","","60.5","","","","","","","","","","","","","","","","","","","","","","","","","","","","","",""
"990.7445472","2026-05-12 19:20:51.614692","/home/sc28/SC-28/1_definition/SC-28/camera.py","capture_and_detect","265","","","","","","","","","","","","","","","","","","605","413","","","","","","","","","","","","","","","","","","","","","","","","","","",""
"990.747486527","2026-05-12 19:20:51.617631","/home/sc28/SC-28/1_definition/SC-28/camera.py","capture_and_detect","266","","","","","","","","","","","","","","","","","","","","640","480","","","","","","","","","","","","","","","","","","","","","","","","",""
"990.817532129","2026-05-12 19:20:51.687683","/home/sc28/SC-28/1_definition/SC-28/camera.py","capture_and_detect","263","","","","","","","","","","","","","","","","","0","","","","","","","","","","","","","","","","","","","","","","","","","","","","",""
"990.821433644","2026-05-12 19:20:51.691572","/home/sc28/SC-28/1_definition/SC-28/camera.py","capture_and_detect","264","","","","","","","","","","","","","","","","54.5","","","","","","","","","","","","","","","","","","","","","","","","","","","","","",""
"990.828508809","2026-05-12 19:20:51.698655","/home/sc28/SC-28/1_definition/SC-28/camera.py","capture_and_detect","265","","","","","","","","","","","","","","","","","","603","417","","","","","","","","","","","","","","","","","","","","","","","","","","",""
"990.832720949","2026-05-12 19:20:51.702902","/home/sc28/SC-28/1_definition/SC-28/camera.py","capture_and_detect","266","","","","","","","","","","","","","","","","","","","","640","480","","","","","","","","","","","","","","","","","","","","","","","","",""
"990.903795199","2026-05-12 19:20:51.773940","/home/sc28/SC-28/1_definition/SC-28/camera.py","capture_and_detect","263","","","","","","","","","","","","","","","","","0","","","","","","","","","","","","","","","","","","","","","","","","","","","","",""
"990.909375257","2026-05-12 19:20:51.779512","/home/sc28/SC-28/1_definition/SC-28/camera.py","capture_and_detect","264","","","","","","","","","","","","","","","","53.5","","","","","","","","","","","","","","","","","","","","","","","","","","","","","",""
"990.912696615","2026-05-12 19:20:51.782924","/home/sc28/SC-28/1_definition/SC-28/camera.py","capture_and_detect","265","","","","","","","","","","","","","","","","","","605","414","","","","","","","","","","","","","","","","","","","","","","","","","","",""
"990.920478708","2026-05-12 19:20:51.790629","/home/sc28/SC-28/1_definition/SC-28/camera.py","capture_and_detect","266","","","","","","","","","","","","","","","","","","","","640","480","","","","","","","","","","","","","","","","","","","","","","","","",""
"991.000294582","2026-05-12 19:20:51.870439","/home/sc28/SC-28/1_definition/SC-28/camera.py","capture_and_detect","263","","","","","","","","","","","","","","","","","0","","","","","","","","","","","","","","","","","","","","","","","","","","","","",""
"991.003829795","2026-05-12 19:20:51.873964","/home/sc28/SC-28/1_definition/SC-28/camera.py","capture_and_detect","264","","","","","","","","","","","","","","","","61.5","","","","","","","","","","","","","","","","","","","","","","","","","","","","","",""
"991.006747663","2026-05-12 19:20:51.876891","/home/sc28/SC-28/1_definition/SC-28/camera.py","capture_and_detect","265","","","","","","","","","","","","","","","","","","605","412","","","","","","","","","","","","","","","","","","","","","","","","","","",""
"991.009570114","2026-05-12 19:20:51.879712","/home/sc28/SC-28/1_definition/SC-28/camera.py","capture_and_detect","266","","","","","","","","","","","","","","","","","","","","640","480","","","","","","","","","","","","","","","","","","","","","","","","",""
"991.080864677","2026-05-12 19:20:51.951012","/home/sc28/SC-28/1_definition/SC-28/camera.py","capture_and_detect","263","","","","","","","","","","","","","","","","","0","","","","","","","","","","","","","","","","","","","","","","","","","","","","",""
"991.088222966","2026-05-12 19:20:51.958357","/home/sc28/SC-28/1_definition/SC-28/camera.py","capture_and_detect","264","","","","","","","","","","","","","","","","58.5","","","","","","","","","","","","","","","","","","","","","","","","","","","","","",""
"991.09120271","2026-05-12 19:20:51.961346","/home/sc28/SC-28/1_definition/SC-28/camera.py","capture_and_detect","265","","","","","","","","","","","","","","","","","","607","414","","","","","","","","","","","","","","","","","","","","","","","","","","",""
"991.094047036","2026-05-12 19:20:51.964190","/home/sc28/SC-28/1_definition/SC-28/camera.py","capture_and_detect","266","","","","","","","","","","","","","","","","","","","","640","480","","","","","","","","","","","","","","","","","","","","","","","","",""
"991.168499207","2026-05-12 19:20:52.038643","/home/sc28/SC-28/1_definition/SC-28/camera.py","capture_and_detect","263","","","","","","","","","","","","","","","","","0","","","","","","","","","","","","","","","","","","","","","","","","","","","","",""
"991.172091138","2026-05-12 19:20:52.042230","/home/sc28/SC-28/1_definition/SC-28/camera.py","capture_and_detect","264","","","","","","","","","","","","","","","","56.0","","","","","","","","","","","","","","","","","","","","","","","","","","","","","",""
"991.174979787","2026-05-12 19:20:52.045122","/home/sc28/SC-28/1_definition/SC-28/camera.py","capture_and_detect","265","","","","","","","","","","","","","","","","","","610","411","","","","","","","","","","","","","","","","","","","","","","","","","","",""
"991.18131469","2026-05-12 19:20:52.051459","/home/sc28/SC-28/1_definition/SC-28/camera.py","capture_and_detect","266","","","","","","","","","","","","","","","","","","","","640","480","","","","","","","","","","","","","","","","","","","","","","","","",""
"991.253576078","2026-05-12 19:20:52.123724","/home/sc28/SC-28/1_definition/SC-28/camera.py","capture_and_detect","263","","","","","","","","","","","","","","","","","0","","","","","","","","","","","","","","","","","","","","","","","","","","","","",""
"991.260679784","2026-05-12 19:20:52.130815","/home/sc28/SC-28/1_definition/SC-28/camera.py","capture_and_detect","264","","","","","","","","","","","","","","","","54.5","","","","","","","","","","","","","","","","","","","","","","","","","","","","","",""
"991.263895777","2026-05-12 19:20:52.134043","/home/sc28/SC-28/1_definition/SC-28/camera.py","capture_and_detect","265","","","","","","","","","","","","","","","","","","608","404","","","","","","","","","","","","","","","","","","","","","","","","","","",""
"991.267075833","2026-05-12 19:20:52.137223","/home/sc28/SC-28/1_definition/SC-28/camera.py","capture_and_detect","266","","","","","","","","","","","","","","","","","","","","640","480","","","","","","","","","","","","","","","","","","","","","","","","",""
"991.346081135","2026-05-12 19:20:52.216226","/home/sc28/SC-28/1_definition/SC-28/camera.py","capture_and_detect","263","","","","","","","","","","","","","","","","","0","","","","","","","","","","","","","","","","","","","","","","","","","","","","",""
"991.349855202","2026-05-12 19:20:52.219995","/home/sc28/SC-28/1_definition/SC-28/camera.py","capture_and_detect","264","","","","","","","","","","","","","","","","49.0","","","","","","","","","","","","","","","","","","","","","","","","","","","","","",""
"991.353050049","2026-05-12 19:20:52.223198","/home/sc28/SC-28/1_definition/SC-28/camera.py","capture_and_detect","265","","","","","","","","","","","","","","","","","","605","407","","","","","","","","","","","","","","","","","","","","","","","","","","",""
"991.356175366","2026-05-12 19:20:52.226321","/home/sc28/SC-28/1_definition/SC-28/camera.py","capture_and_detect","266","","","","","","","","","","","","","","","","","","","","640","480","","","","","","","","","","","","","","","","","","","","","","","","",""
"991.427372272","2026-05-12 19:20:52.297515","/home/sc28/SC-28/1_definition/SC-28/camera.py","capture_and_detect","263","","","","","","","","","","","","","","","","","0","","","","","","","","","","","","","","","","","","","","","","","","","","","","",""
"991.430985818","2026-05-12 19:20:52.301120","/home/sc28/SC-28/1_definition/SC-28/camera.py","capture_and_detect","264","","","","","","","","","","","","","","","","53.5","","","","","","","","","","","","","","","","","","","","","","","","","","","","","",""
"991.437397649","2026-05-12 19:20:52.307542","/home/sc28/SC-28/1_definition/SC-28/camera.py","capture_and_detect","265","","","","","","","","","","","","","","","","","","602","413","","","","","","","","","","","","","","","","","","","","","","","","","","",""
"991.440272861","2026-05-12 19:20:52.310415","/home/sc28/SC-28/1_definition/SC-28/camera.py","capture_and_detect","266","","","","","","","","","","","","","","","","","","","","640","480","","","","","","","","","","","","","","","","","","","","","","","","",""
"991.513814822","2026-05-12 19:20:52.383958","/home/sc28/SC-28/1_definition/SC-28/camera.py","capture_and_detect","263","","","","","","","","","","","","","","","","","0","","","","","","","","","","","","","","","","","","","","","","","","","","","","",""
"991.51749191","2026-05-12 19:20:52.387631","/home/sc28/SC-28/1_definition/SC-28/camera.py","capture_and_detect","264","","","","","","","","","","","","","","","","58.0","","","","","","","","","","","","","","","","","","","","","","","","","","","","","",""
"991.520357903","2026-05-12 19:20:52.390502","/home/sc28/SC-28/1_definition/SC-28/camera.py","capture_and_detect","265","","","","","","","","","","","","","","","","","","600","413","","","","","","","","","","","","","","","","","","","","","","","","","","",""
"991.523186604","2026-05-12 19:20:52.393329","/home/sc28/SC-28/1_definition/SC-28/camera.py","capture_and_detect","266","","","","","","","","","","","","","","","","","","","","640","480","","","","","","","","","","","","","","","","","","","","","","","","",""
"991.598775391","2026-05-12 19:20:52.468924","/home/sc28/SC-28/1_definition/SC-28/camera.py","capture_and_detect","263","","","","","","","","","","","","","","","","","0","","","","","","","","","","","","","","","","","","","","","","","","","","","","",""
"991.604417169","2026-05-12 19:20:52.474553","/home/sc28/SC-28/1_definition/SC-28/camera.py","capture_and_detect","264","","","","","","","","","","","","","","","","55.5","","","","","","","","","","","","","","","","","","","","","","","","","","","","","",""
"991.607320662","2026-05-12 19:20:52.477466","/home/sc28/SC-28/1_definition/SC-28/camera.py","capture_and_detect","265","","","","","","","","","","","","","","","","","","598","411","","","","","","","","","","","","","","","","","","","","","","","","","","",""
"991.61021629","2026-05-12 19:20:52.480358","/home/sc28/SC-28/1_definition/SC-28/camera.py","capture_and_detect","266","","","","","","","","","","","","","","","","","","","","640","480","","","","","","","","","","","","","","","","","","","","","","","","",""
"991.679217101","2026-05-12 19:20:52.549364","/home/sc28/SC-28/1_definition/SC-28/camera.py","capture_and_detect","263","","","","","","","","","","","","","","","","","0","","","","","","","","","","","","","","","","","","","","","","","","","","","","",""
"991.689513467","2026-05-12 19:20:52.559655","/home/sc28/SC-28/1_definition/SC-28/camera.py","capture_and_detect","264","","","","","","","","","","","","","","","","56.0","","","","","","","","","","","","","","","","","","","","","","","","","","","","","",""
"991.692537013","2026-05-12 19:20:52.562683","/home/sc28/SC-28/1_definition/SC-28/camera.py","capture_and_detect","265","","","","","","","","","","","","","","","","","","598","410","","","","","","","","","","","","","","","","","","","","","","","","","","",""
"991.695412276","2026-05-12 19:20:52.565555","/home/sc28/SC-28/1_definition/SC-28/camera.py","capture_and_detect","266","","","","","","","","","","","","","","","","","","","","640","480","","","","","","","","","","","","","","","","","","","","","","","","",""
"991.765653713","2026-05-12 19:20:52.635803","/home/sc28/SC-28/1_definition/SC-28/camera.py","capture_and_detect","263","","","","","","","","","","","","","","","","","0","","","","","","","","","","","","","","","","","","","","","","","","","","","","",""
"991.773289712","2026-05-12 19:20:52.643430","/home/sc28/SC-28/1_definition/SC-28/camera.py","capture_and_detect","264","","","","","","","","","","","","","","","","52.0","","","","","","","","","","","","","","","","","","","","","","","","","","","","","",""
"991.777045341","2026-05-12 19:20:52.647194","/home/sc28/SC-28/1_definition/SC-28/camera.py","capture_and_detect","265","","","","","","","","","","","","","","","","","","597","409","","","","","","","","","","","","","","","","","","","","","","","","","","",""
"991.786070925","2026-05-12 19:20:52.656220","/home/sc28/SC-28/1_definition/SC-28/camera.py","capture_and_detect","266","","","","","","","","","","","","","","","","","","","","640","480","","","","","","","","","","","","","","","","","","","","","","","","",""
"991.857028717","2026-05-12 19:20:52.727169","/home/sc28/SC-28/1_definition/SC-28/camera.py","capture_and_detect","263","","","","","","","","","","","","","","","","","0","","","","","","","","","","","","","","","","","","","","","","","","","","","","",""
"991.860398669","2026-05-12 19:20:52.730532","/home/sc28/SC-28/1_definition/SC-28/camera.py","capture_and_detect","264","","","","","","","","","","","","","","","","60.5","","","","","","","","","","","","","","","","","","","","","","","","","","","","","",""
"991.863247787","2026-05-12 19:20:52.733389","/home/sc28/SC-28/1_definition/SC-28/camera.py","capture_and_detect","265","","","","","","","","","","","","","","","","","","594","413","","","","","","","","","","","","","","","","","","","","","","","","","","",""
"991.866091384","2026-05-12 19:20:52.736234","/home/sc28/SC-28/1_definition/SC-28/camera.py","capture_and_detect","266","","","","","","","","","","","","","","","","","","","","640","480","","","","","","","","","","","","","","","","","","","","","","","","",""
"991.946368614","2026-05-12 19:20:52.816516","/home/sc28/SC-28/1_definition/SC-28/camera.py","capture_and_detect","263","","","","","","","","","","","","","","","","","0","","","","","","","","","","","","","","","","","","","","","","","","","","","","",""
"991.949982264","2026-05-12 19:20:52.820123","/home/sc28/SC-28/1_definition/SC-28/camera.py","capture_and_detect","264","","","","","","","","","","","","","","","","58.0","","","","","","","","","","","","","","","","","","","","","","","","","","","","","",""
"991.952932112","2026-05-12 19:20:52.823075","/home/sc28/SC-28/1_definition/SC-28/camera.py","capture_and_detect","265","","","","","","","","","","","","","","","","","","595","413","","","","","","","","","","","","","","","","","","","","","","","","","","",""
"991.955728157","2026-05-12 19:20:52.825870","/home/sc28/SC-28/1_definition/SC-28/camera.py","capture_and_detect","266","","","","","","","","","","","","","","","","","","","","640","480","","","","","","","","","","","","","","","","","","","","","","","","",""
"992.027033605","2026-05-12 19:20:52.897175","/home/sc28/SC-28/1_definition/SC-28/camera.py","capture_and_detect","263","","","","","","","","","","","","","","","","","0","","","","","","","","","","","","","","","","","","","","","","","","","","","","",""
"992.030950277","2026-05-12 19:20:52.901089","/home/sc28/SC-28/1_definition/SC-28/camera.py","capture_and_detect","264","","","","","","","","","","","","","","","","42.0","","","","","","","","","","","","","","","","","","","","","","","","","","","","","",""
"992.037294399","2026-05-12 19:20:52.907440","/home/sc28/SC-28/1_definition/SC-28/camera.py","capture_and_detect","265","","","","","","","","","","","","","","","","","","595","413","","","","","","","","","","","","","","","","","","","","","","","","","","",""
"992.040243465","2026-05-12 19:20:52.910386","/home/sc28/SC-28/1_definition/SC-28/camera.py","capture_and_detect","266","","","","","","","","","","","","","","","","","","","","640","480","","","","","","","","","","","","","","","","","","","","","","","","",""
"992.107115991","2026-05-12 19:20:52.977262","/home/sc28/SC-28/1_definition/SC-28/camera.py","capture_and_detect","263","","","","","","","","","","","","","","","","","0","","","","","","","","","","","","","","","","","","","","","","","","","","","","",""
"992.110948183","2026-05-12 19:20:52.981093","/home/sc28/SC-28/1_definition/SC-28/camera.py","capture_and_detect","264","","","","","","","","","","","","","","","","64.0","","","","","","","","","","","","","","","","","","","","","","","","","","","","","",""
"992.114359229","2026-05-12 19:20:52.984507","/home/sc28/SC-28/1_definition/SC-28/camera.py","capture_and_detect","265","","","","","","","","","","","","","","","","","","595","416","","","","","","","","","","","","","","","","","","","","","","","","","","",""
"992.119403766","2026-05-12 19:20:52.989551","/home/sc28/SC-28/1_definition/SC-28/camera.py","capture_and_detect","266","","","","","","","","","","","","","","","","","","","","640","480","","","","","","","","","","","","","","","","","","","","","","","","",""
"992.197525578","2026-05-12 19:20:53.067673","/home/sc28/SC-28/1_definition/SC-28/camera.py","capture_and_detect","263","","","","","","","","","","","","","","","","","0","","","","","","","","","","","","","","","","","","","","","","","","","","","","",""
"992.202728345","2026-05-12 19:20:53.072869","/home/sc28/SC-28/1_definition/SC-28/camera.py","capture_and_detect","264","","","","","","","","","","","","","","","","67.0","","","","","","","","","","","","","","","","","","","","","","","","","","","","","",""
"992.206036005","2026-05-12 19:20:53.076185","/home/sc28/SC-28/1_definition/SC-28/camera.py","capture_and_detect","265","","","","","","","","","","","","","","","","","","597","418","","","","","","","","","","","","","","","","","","","","","","","","","","",""
"992.212741169","2026-05-12 19:20:53.082889","/home/sc28/SC-28/1_definition/SC-28/camera.py","capture_and_detect","266","","","","","","","","","","","","","","","","","","","","640","480","","","","","","","","","","","","","","","","","","","","","","","","",""
"992.286597924","2026-05-12 19:20:53.156741","/home/sc28/SC-28/1_definition/SC-28/camera.py","capture_and_detect","263","","","","","","","","","","","","","","","","","0","","","","","","","","","","","","","","","","","","","","","","","","","","","","",""
"992.293542776","2026-05-12 19:20:53.163682","/home/sc28/SC-28/1_definition/SC-28/camera.py","capture_and_detect","264","","","","","","","","","","","","","","","","64.0","","","","","","","","","","","","","","","","","","","","","","","","","","","","","",""
"992.296491529","2026-05-12 19:20:53.166637","/home/sc28/SC-28/1_definition/SC-28/camera.py","capture_and_detect","265","","","","","","","","","","","","","","","","","","597","418","","","","","","","","","","","","","","","","","","","","","","","","","","",""
"992.299443252","2026-05-12 19:20:53.169585","/home/sc28/SC-28/1_definition/SC-28/camera.py","capture_and_detect","266","","","","","","","","","","","","","","","","","","","","640","480","","","","","","","","","","","","","","","","","","","","","","","","",""
"992.373391986","2026-05-12 19:20:53.243535","/home/sc28/SC-28/1_definition/SC-28/camera.py","capture_and_detect","263","","","","","","","","","","","","","","","","","0","","","","","","","","","","","","","","","","","","","","","","","","","","","","",""
"992.37690199","2026-05-12 19:20:53.247035","/home/sc28/SC-28/1_definition/SC-28/camera.py","capture_and_detect","264","","","","","","","","","","","","","","","","53.5","","","","","","","","","","","","","","","","","","","","","","","","","","","","","",""
"992.379797618","2026-05-12 19:20:53.249942","/home/sc28/SC-28/1_definition/SC-28/camera.py","capture_and_detect","265","","","","","","","","","","","","","","","","","","596","418","","","","","","","","","","","","","","","","","","","","","","","","","","",""
"992.386261845","2026-05-12 19:20:53.256405","/home/sc28/SC-28/1_definition/SC-28/camera.py","capture_and_detect","266","","","","","","","","","","","","","","","","","","","","640","480","","","","","","","","","","","","","","","","","","","","","","","","",""
"992.462313862","2026-05-12 19:20:53.332456","/home/sc28/SC-28/1_definition/SC-28/camera.py","capture_and_detect","263","","","","","","","","","","","","","","","","","0","","","","","","","","","","","","","","","","","","","","","","","","","","","","",""
"992.465921419","2026-05-12 19:20:53.336061","/home/sc28/SC-28/1_definition/SC-28/camera.py","capture_and_detect","264","","","","","","","","","","","","","","","","34.0","","","","","","","","","","","","","","","","","","","","","","","","","","","","","",""
"992.468908454","2026-05-12 19:20:53.339052","/home/sc28/SC-28/1_definition/SC-28/camera.py","capture_and_detect","265","","","","","","","","","","","","","","","","","","595","416","","","","","","","","","","","","","","","","","","","","","","","","","","",""
"992.471757572","2026-05-12 19:20:53.341900","/home/sc28/SC-28/1_definition/SC-28/camera.py","capture_and_detect","266","","","","","","","","","","","","","","","","","","","","640","480","","","","","","","","","","","","","","","","","","","","","","","","",""
"992.545683649","2026-05-12 19:20:53.415827","/home/sc28/SC-28/1_definition/SC-28/camera.py","capture_and_detect","263","","","","","","","","","","","","","","","","","0","","","","","","","","","","","","","","","","","","","","","","","","","","","","",""
"992.552797668","2026-05-12 19:20:53.422933","/home/sc28/SC-28/1_definition/SC-28/camera.py","capture_and_detect","264","","","","","","","","","","","","","","","","46.5","","","","","","","","","","","","","","","","","","","","","","","","","","","","","",""
"992.556105172","2026-05-12 19:20:53.426264","/home/sc28/SC-28/1_definition/SC-28/camera.py","capture_and_detect","265","","","","","","","","","","","","","","","","","","601","418","","","","","","","","","","","","","","","","","","","","","","","","","","",""
"992.560459084","2026-05-12 19:20:53.430604","/home/sc28/SC-28/1_definition/SC-28/camera.py","capture_and_detect","266","","","","","","","","","","","","","","","","","","","","640","480","","","","","","","","","","","","","","","","","","","","","","","","",""
"992.631232553","2026-05-12 19:20:53.501381","/home/sc28/SC-28/1_definition/SC-28/camera.py","capture_and_detect","263","","","","","","","","","","","","","","","","","0","","","","","","","","","","","","","","","","","","","","","","","","","","","","",""
"992.634992349","2026-05-12 19:20:53.505137","/home/sc28/SC-28/1_definition/SC-28/camera.py","capture_and_detect","264","","","","","","","","","","","","","","","","32.0","","","","","","","","","","","","","","","","","","","","","","","","","","","","","",""
"992.64169668","2026-05-12 19:20:53.511845","/home/sc28/SC-28/1_definition/SC-28/camera.py","capture_and_detect","265","","","","","","","","","","","","","","","","","","596","420","","","","","","","","","","","","","","","","","","","","","","","","","","",""
"992.64502632","2026-05-12 19:20:53.515174","/home/sc28/SC-28/1_definition/SC-28/camera.py","capture_and_detect","266","","","","","","","","","","","","","","","","","","","","640","480","","","","","","","","","","","","","","","","","","","","","","","","",""
"992.718666928","2026-05-12 19:20:53.588811","/home/sc28/SC-28/1_definition/SC-28/camera.py","capture_and_detect","263","","","","","","","","","","","","","","","","","0","","","","","","","","","","","","","","","","","","","","","","","","","","","","",""
"992.722124589","2026-05-12 19:20:53.592258","/home/sc28/SC-28/1_definition/SC-28/camera.py","capture_and_detect","264","","","","","","","","","","","","","","","","49.5","","","","","","","","","","","","","","","","","","","","","","","","","","","","","",""
"992.724965425","2026-05-12 19:20:53.595109","/home/sc28/SC-28/1_definition/SC-28/camera.py","capture_and_detect","265","","","","","","","","","","","","","","","","","","601","421","","","","","","","","","","","","","","","","","","","","","","","","","","",""
"992.727885168","2026-05-12 19:20:53.598029","/home/sc28/SC-28/1_definition/SC-28/camera.py","capture_and_detect","266","","","","","","","","","","","","","","","","","","","","640","480","","","","","","","","","","","","","","","","","","","","","","","","",""
"992.808290212","2026-05-12 19:20:53.678436","/home/sc28/SC-28/1_definition/SC-28/camera.py","capture_and_detect","263","","","","","","","","","","","","","","","","","0","","","","","","","","","","","","","","","","","","","","","","","","","","","","",""
"992.81175855","2026-05-12 19:20:53.681891","/home/sc28/SC-28/1_definition/SC-28/camera.py","capture_and_detect","264","","","","","","","","","","","","","","","","41.5","","","","","","","","","","","","","","","","","","","","","","","","","","","","","",""
"992.814744699","2026-05-12 19:20:53.684889","/home/sc28/SC-28/1_definition/SC-28/camera.py","capture_and_detect","265","","","","","","","","","","","","","","","","","","602","424","","","","","","","","","","","","","","","","","","","","","","","","","","",""
"992.817712359","2026-05-12 19:20:53.687855","/home/sc28/SC-28/1_definition/SC-28/camera.py","capture_and_detect","266","","","","","","","","","","","","","","","","","","","","640","480","","","","","","","","","","","","","","","","","","","","","","","","",""
"992.893037449","2026-05-12 19:20:53.763182","/home/sc28/SC-28/1_definition/SC-28/camera.py","capture_and_detect","263","","","","","","","","","","","","","","","","","0","","","","","","","","","","","","","","","","","","","","","","","","","","","","",""
"992.896462557","2026-05-12 19:20:53.766596","/home/sc28/SC-28/1_definition/SC-28/camera.py","capture_and_detect","264","","","","","","","","","","","","","","","","35.5","","","","","","","","","","","","","","","","","","","","","","","","","","","","","",""
"992.902906627","2026-05-12 19:20:53.773052","/home/sc28/SC-28/1_definition/SC-28/camera.py","capture_and_detect","265","","","","","","","","","","","","","","","","","","165","167","","","","","","","","","","","","","","","","","","","","","","","","","","",""
"992.907307882","2026-05-12 19:20:53.777454","/home/sc28/SC-28/1_definition/SC-28/camera.py","capture_and_detect","266","","","","","","","","","","","","","","","","","","","","640","480","","","","","","","","","","","","","","","","","","","","","","","","",""
"992.980838751","2026-05-12 19:20:53.850981","/home/sc28/SC-28/1_definition/SC-28/camera.py","capture_and_detect","263","","","","","","","","","","","","","","","","","0","","","","","","","","","","","","","","","","","","","","","","","","","","","","",""
"992.984345109","2026-05-12 19:20:53.854481","/home/sc28/SC-28/1_definition/SC-28/camera.py","capture_and_detect","264","","","","","","","","","","","","","","","","50.5","","","","","","","","","","","","","","","","","","","","","","","","","","","","","",""
"992.987266103","2026-05-12 19:20:53.857411","/home/sc28/SC-28/1_definition/SC-28/camera.py","capture_and_detect","265","","","","","","","","","","","","","","","","","","604","441","","","","","","","","","","","","","","","","","","","","","","","","","","",""
"992.993612204","2026-05-12 19:20:53.863757","/home/sc28/SC-28/1_definition/SC-28/camera.py","capture_and_detect","266","","","","","","","","","","","","","","","","","","","","640","480","","","","","","","","","","","","","","","","","","","","","","","","",""
"993.065146716","2026-05-12 19:20:53.935294","/home/sc28/SC-28/1_definition/SC-28/camera.py","capture_and_detect","263","","","","","","","","","","","","","","","","","0","","","","","","","","","","","","","","","","","","","","","","","","","","","","",""
"993.068920783","2026-05-12 19:20:53.939064","/home/sc28/SC-28/1_definition/SC-28/camera.py","capture_and_detect","264","","","","","","","","","","","","","","","","39.0","","","","","","","","","","","","","","","","","","","","","","","","","","","","","",""
"993.072115631","2026-05-12 19:20:53.942267","/home/sc28/SC-28/1_definition/SC-28/camera.py","capture_and_detect","265","","","","","","","","","","","","","","","","","","172","172","","","","","","","","","","","","","","","","","","","","","","","","","","",""
"993.075329176","2026-05-12 19:20:53.945480","/home/sc28/SC-28/1_definition/SC-28/camera.py","capture_and_detect","266","","","","","","","","","","","","","","","","","","","","640","480","","","","","","","","","","","","","","","","","","","","","","","","",""
"993.145468583","2026-05-12 19:20:54.015613","/home/sc28/SC-28/1_definition/SC-28/camera.py","capture_and_detect","263","","","","","","","","","","","","","","","","","0","","","","","","","","","","","","","","","","","","","","","","","","","","","","",""
"993.152544112","2026-05-12 19:20:54.022685","/home/sc28/SC-28/1_definition/SC-28/camera.py","capture_and_detect","264","","","","","","","","","","","","","","","","38.0","","","","","","","","","","","","","","","","","","","","","","","","","","","","","",""
"993.155991356","2026-05-12 19:20:54.026179","/home/sc28/SC-28/1_definition/SC-28/camera.py","capture_and_detect","265","","","","","","","","","","","","","","","","","","170","173","","","","","","","","","","","","","","","","","","","","","","","","","","",""
"993.15910162","2026-05-12 19:20:54.029245","/home/sc28/SC-28/1_definition/SC-28/camera.py","capture_and_detect","266","","","","","","","","","","","","","","","","","","","","640","480","","","","","","","","","","","","","","","","","","","","","","","","",""
"993.227135764","2026-05-12 19:20:54.097280","/home/sc28/SC-28/1_definition/SC-28/camera.py","capture_and_detect","263","","","","","","","","","","","","","","","","","0","","","","","","","","","","","","","","","","","","","","","","","","","","","","",""
"993.230550925","2026-05-12 19:20:54.100684","/home/sc28/SC-28/1_definition/SC-28/camera.py","capture_and_detect","264","","","","","","","","","","","","","","","","38.5","","","","","","","","","","","","","","","","","","","","","","","","","","","","","",""
"993.233365095","2026-05-12 19:20:54.103506","/home/sc28/SC-28/1_definition/SC-28/camera.py","capture_and_detect","265","","","","","","","","","","","","","","","","","","597","446","","","","","","","","","","","","","","","","","","","","","","","","","","",""
"993.252490014","2026-05-12 19:20:54.122638","/home/sc28/SC-28/1_definition/SC-28/camera.py","capture_and_detect","266","","","","","","","","","","","","","","","","","","","","640","480","","","","","","","","","","","","","","","","","","","","","","","","",""
"993.321970201","2026-05-12 19:20:54.192115","/home/sc28/SC-28/1_definition/SC-28/camera.py","capture_and_detect","263","","","","","","","","","","","","","","","","","0","","","","","","","","","","","","","","","","","","","","","","","","","","","","",""
"993.325428279","2026-05-12 19:20:54.195567","/home/sc28/SC-28/1_definition/SC-28/camera.py","capture_and_detect","264","","","","","","","","","","","","","","","","52.0","","","","","","","","","","","","","","","","","","","","","","","","","","","","","",""
"993.328425261","2026-05-12 19:20:54.198575","/home/sc28/SC-28/1_definition/SC-28/camera.py","capture_and_detect","265","","","","","","","","","","","","","","","","","","596","443","","","","","","","","","","","","","","","","","","","","","","","","","","",""
"993.331480838","2026-05-12 19:20:54.201630","/home/sc28/SC-28/1_definition/SC-28/camera.py","capture_and_detect","266","","","","","","","","","","","","","","","","","","","","640","480","","","","","","","","","","","","","","","","","","","","","","","","",""
"993.407011866","2026-05-12 19:20:54.277157","/home/sc28/SC-28/1_definition/SC-28/camera.py","capture_and_detect","263","","","","","","","","","","","","","","","","","0","","","","","","","","","","","","","","","","","","","","","","","","","","","","",""
"993.410446402","2026-05-12 19:20:54.280579","/home/sc28/SC-28/1_definition/SC-28/camera.py","capture_and_detect","264","","","","","","","","","","","","","","","","54.5","","","","","","","","","","","","","","","","","","","","","","","","","","","","","",""
"993.413461301","2026-05-12 19:20:54.283606","/home/sc28/SC-28/1_definition/SC-28/camera.py","capture_and_detect","265","","","","","","","","","","","","","","","","","","595","442","","","","","","","","","","","","","","","","","","","","","","","","","","",""
"993.41641068","2026-05-12 19:20:54.286554","/home/sc28/SC-28/1_definition/SC-28/camera.py","capture_and_detect","266","","","","","","","","","","","","","","","","","","","","640","480","","","","","","","","","","","","","","","","","","","","","","","","",""
"993.485063314","2026-05-12 19:20:54.355208","/home/sc28/SC-28/1_definition/SC-28/camera.py","capture_and_detect","263","","","","","","","","","","","","","","","","","0","","","","","","","","","","","","","","","","","","","","","","","","","","","","",""
"993.488687225","2026-05-12 19:20:54.358825","/home/sc28/SC-28/1_definition/SC-28/camera.py","capture_and_detect","264","","","","","","","","","","","","","","","","40.5","","","","","","","","","","","","","","","","","","","","","","","","","","","","","",""
"993.498082965","2026-05-12 19:20:54.368232","/home/sc28/SC-28/1_definition/SC-28/camera.py","capture_and_detect","265","","","","","","","","","","","","","","","","","","165","167","","","","","","","","","","","","","","","","","","","","","","","","","","",""
"993.501406146","2026-05-12 19:20:54.371554","/home/sc28/SC-28/1_definition/SC-28/camera.py","capture_and_detect","266","","","","","","","","","","","","","","","","","","","","640","480","","","","","","","","","","","","","","","","","","","","","","","","",""
"993.572058575","2026-05-12 19:20:54.442205","/home/sc28/SC-28/1_definition/SC-28/camera.py","capture_and_detect","263","","","","","","","","","","","","","","","","","0","","","","","","","","","","","","","","","","","","","","","","","","","","","","",""
"993.575528267","2026-05-12 19:20:54.445661","/home/sc28/SC-28/1_definition/SC-28/camera.py","capture_and_detect","264","","","","","","","","","","","","","","","","46.5","","","","","","","","","","","","","","","","","","","","","","","","","","","","","",""
"993.579831605","2026-05-12 19:20:54.449979","/home/sc28/SC-28/1_definition/SC-28/camera.py","capture_and_detect","265","","","","","","","","","","","","","","","","","","593","440","","","","","","","","","","","","","","","","","","","","","","","","","","",""
"993.58636078","2026-05-12 19:20:54.456505","/home/sc28/SC-28/1_definition/SC-28/camera.py","capture_and_detect","266","","","","","","","","","","","","","","","","","","","","640","480","","","","","","","","","","","","","","","","","","","","","","","","",""
"993.661089776","2026-05-12 19:20:54.531230","/home/sc28/SC-28/1_definition/SC-28/camera.py","capture_and_detect","263","","","","","","","","","","","","","","","","","0","","","","","","","","","","","","","","","","","","","","","","","","","","","","",""
"993.664463582","2026-05-12 19:20:54.534602","/home/sc28/SC-28/1_definition/SC-28/camera.py","capture_and_detect","264","","","","","","","","","","","","","","","","39.0","","","","","","","","","","","","","","","","","","","","","","","","","","","","","",""
"993.667287179","2026-05-12 19:20:54.537427","/home/sc28/SC-28/1_definition/SC-28/camera.py","capture_and_detect","265","","","","","","","","","","","","","","","","","","162","171","","","","","","","","","","","","","","","","","","","","","","","","","","",""
"993.670080672","2026-05-12 19:20:54.540225","/home/sc28/SC-28/1_definition/SC-28/camera.py","capture_and_detect","266","","","","","","","","","","","","","","","","","","","","640","480","","","","","","","","","","","","","","","","","","","","","","","","",""
"993.739233933","2026-05-12 19:20:54.609379","/home/sc28/SC-28/1_definition/SC-28/camera.py","capture_and_detect","263","","","","","","","","","","","","","","","","","0","","","","","","","","","","","","","","","","","","","","","","","","","","","","",""
"993.7463704","2026-05-12 19:20:54.616514","/home/sc28/SC-28/1_definition/SC-28/camera.py","capture_and_detect","264","","","","","","","","","","","","","","","","47.0","","","","","","","","","","","","","","","","","","","","","","","","","","","","","",""
"993.749682747","2026-05-12 19:20:54.619831","/home/sc28/SC-28/1_definition/SC-28/camera.py","capture_and_detect","265","","","","","","","","","","","","","","","","","","593","439","","","","","","","","","","","","","","","","","","","","","","","","","","",""
"993.753068741","2026-05-12 19:20:54.623213","/home/sc28/SC-28/1_definition/SC-28/camera.py","capture_and_detect","266","","","","","","","","","","","","","","","","","","","","640","480","","","","","","","","","","","","","","","","","","","","","","","","",""
"993.819770071","2026-05-12 19:20:54.689914","/home/sc28/SC-28/1_definition/SC-28/camera.py","capture_and_detect","263","","","","","","","","","","","","","","","","","0","","","","","","","","","","","","","","","","","","","","","","","","","","","","",""
"993.823292888","2026-05-12 19:20:54.693426","/home/sc28/SC-28/1_definition/SC-28/camera.py","capture_and_detect","264","","","","","","","","","","","","","","","","57.5","","","","","","","","","","","","","","","","","","","","","","","","","","","","","",""
"993.826071902","2026-05-12 19:20:54.696212","/home/sc28/SC-28/1_definition/SC-28/camera.py","capture_and_detect","265","","","","","","","","","","","","","","","","","","593","438","","","","","","","","","","","","","","","","","","","","","","","","","","",""
"993.83239592","2026-05-12 19:20:54.702535","/home/sc28/SC-28/1_definition/SC-28/camera.py","capture_and_detect","266","","","","","","","","","","","","","","","","","","","","640","480","","","","","","","","","","","","","","","","","","","","","","","","",""
"993.903100848","2026-05-12 19:20:54.773245","/home/sc28/SC-28/1_definition/SC-28/camera.py","capture_and_detect","263","","","","","","","","","","","","","","","","","0","","","","","","","","","","","","","","","","","","","","","","","","","","","","",""
"993.906568665","2026-05-12 19:20:54.776702","/home/sc28/SC-28/1_definition/SC-28/camera.py","capture_and_detect","264","","","","","","","","","","","","","","","","44.5","","","","","","","","","","","","","","","","","","","","","","","","","","","","","",""
"993.910950858","2026-05-12 19:20:54.781095","/home/sc28/SC-28/1_definition/SC-28/camera.py","capture_and_detect","265","","","","","","","","","","","","","","","","","","160","170","","","","","","","","","","","","","","","","","","","","","","","","","","",""
"993.913837528","2026-05-12 19:20:54.783982","/home/sc28/SC-28/1_definition/SC-28/camera.py","capture_and_detect","266","","","","","","","","","","","","","","","","","","","","640","480","","","","","","","","","","","","","","","","","","","","","","","","",""
"994.015470619","2026-05-12 19:20:54.885612","/home/sc28/SC-28/1_definition/SC-28/camera.py","capture_and_detect","263","","","","","","","","","","","","","","","","","0","","","","","","","","","","","","","","","","","","","","","","","","","","","","",""
"994.019052446","2026-05-12 19:20:54.889192","/home/sc28/SC-28/1_definition/SC-28/camera.py","capture_and_detect","264","","","","","","","","","","","","","","","","44.0","","","","","","","","","","","","","","","","","","","","","","","","","","","","","",""
"994.021950887","2026-05-12 19:20:54.892096","/home/sc28/SC-28/1_definition/SC-28/camera.py","capture_and_detect","265","","","","","","","","","","","","","","","","","","46","43","","","","","","","","","","","","","","","","","","","","","","","","","","",""
"994.024819172","2026-05-12 19:20:54.894963","/home/sc28/SC-28/1_definition/SC-28/camera.py","capture_and_detect","266","","","","","","","","","","","","","","","","","","","","640","480","","","","","","","","","","","","","","","","","","","","","","","","",""
"994.09597957","2026-05-12 19:20:54.966206","/home/sc28/SC-28/1_definition/SC-28/camera.py","capture_and_detect","263","","","","","","","","","","","","","","","","","0","","","","","","","","","","","","","","","","","","","","","","","","","","","","",""
"994.099621449","2026-05-12 19:20:54.969757","/home/sc28/SC-28/1_definition/SC-28/camera.py","capture_and_detect","264","","","","","","","","","","","","","","","","53.5","","","","","","","","","","","","","","","","","","","","","","","","","","","","","",""
"994.106249687","2026-05-12 19:20:54.976392","/home/sc28/SC-28/1_definition/SC-28/camera.py","capture_and_detect","265","","","","","","","","","","","","","","","","","","592","437","","","","","","","","","","","","","","","","","","","","","","","","","","",""
"994.109191461","2026-05-12 19:20:54.979333","/home/sc28/SC-28/1_definition/SC-28/camera.py","capture_and_detect","266","","","","","","","","","","","","","","","","","","","","640","480","","","","","","","","","","","","","","","","","","","","","","","","",""
"994.184323323","2026-05-12 19:20:55.054474","/home/sc28/SC-28/1_definition/SC-28/camera.py","capture_and_detect","263","","","","","","","","","","","","","","","","","0","","","","","","","","","","","","","","","","","","","","","","","","","","","","",""
"994.188349109","2026-05-12 19:20:55.058494","/home/sc28/SC-28/1_definition/SC-28/camera.py","capture_and_detect","264","","","","","","","","","","","","","","","","53.0","","","","","","","","","","","","","","","","","","","","","","","","","","","","","",""
"994.192499687","2026-05-12 19:20:55.062645","/home/sc28/SC-28/1_definition/SC-28/camera.py","capture_and_detect","265","","","","","","","","","","","","","","","","","","592","438","","","","","","","","","","","","","","","","","","","","","","","","","","",""
"994.196351202","2026-05-12 19:20:55.066500","/home/sc28/SC-28/1_definition/SC-28/camera.py","capture_and_detect","266","","","","","","","","","","","","","","","","","","","","640","480","","","","","","","","","","","","","","","","","","","","","","","","",""
"994.269053321","2026-05-12 19:20:55.139197","/home/sc28/SC-28/1_definition/SC-28/camera.py","capture_and_detect","263","","","","","","","","","","","","","","","","","0","","","","","","","","","","","","","","","","","","","","","","","","","","","","",""
"994.272469159","2026-05-12 19:20:55.142625","/home/sc28/SC-28/1_definition/SC-28/camera.py","capture_and_detect","264","","","","","","","","","","","","","","","","45.0","","","","","","","","","","","","","","","","","","","","","","","","","","","","","",""
"994.28396261","2026-05-12 19:20:55.154108","/home/sc28/SC-28/1_definition/SC-28/camera.py","capture_and_detect","265","","","","","","","","","","","","","","","","","","158","172","","","","","","","","","","","","","","","","","","","","","","","","","","",""
"994.288821731","2026-05-12 19:20:55.158974","/home/sc28/SC-28/1_definition/SC-28/camera.py","capture_and_detect","266","","","","","","","","","","","","","","","","","","","","640","480","","","","","","","","","","","","","","","","","","","","","","","","",""
"994.359489473","2026-05-12 19:20:55.229635","/home/sc28/SC-28/1_definition/SC-28/camera.py","capture_and_detect","263","","","","","","","","","","","","","","","","","0","","","","","","","","","","","","","","","","","","","","","","","","","","","","",""
"994.366532763","2026-05-12 19:20:55.236669","/home/sc28/SC-28/1_definition/SC-28/camera.py","capture_and_detect","264","","","","","","","","","","","","","","","","38.5","","","","","","","","","","","","","","","","","","","","","","","","","","","","","",""
"994.371475738","2026-05-12 19:20:55.241624","/home/sc28/SC-28/1_definition/SC-28/camera.py","capture_and_detect","265","","","","","","","","","","","","","","","","","","590","438","","","","","","","","","","","","","","","","","","","","","","","","","","",""
"994.374899283","2026-05-12 19:20:55.245049","/home/sc28/SC-28/1_definition/SC-28/camera.py","capture_and_detect","266","","","","","","","","","","","","","","","","","","","","640","480","","","","","","","","","","","","","","","","","","","","","","","","",""
"994.465625331","2026-05-12 19:20:55.335776","/home/sc28/SC-28/1_definition/SC-28/camera.py","capture_and_detect","263","","","","","","","","","","","","","","","","","0","","","","","","","","","","","","","","","","","","","","","","","","","","","","",""
"994.469155231","2026-05-12 19:20:55.339289","/home/sc28/SC-28/1_definition/SC-28/camera.py","capture_and_detect","264","","","","","","","","","","","","","","","","43.5","","","","","","","","","","","","","","","","","","","","","","","","","","","","","",""
"994.472061589","2026-05-12 19:20:55.342203","/home/sc28/SC-28/1_definition/SC-28/camera.py","capture_and_detect","265","","","","","","","","","","","","","","","","","","589","438","","","","","","","","","","","","","","","","","","","","","","","","","","",""
"994.478495815","2026-05-12 19:20:55.348638","/home/sc28/SC-28/1_definition/SC-28/camera.py","capture_and_detect","266","","","","","","","","","","","","","","","","","","","","640","480","","","","","","","","","","","","","","","","","","","","","","","","",""
"994.550609705","2026-05-12 19:20:55.420754","/home/sc28/SC-28/1_definition/SC-28/camera.py","capture_and_detect","263","","","","","","","","","","","","","","","","","0","","","","","","","","","","","","","","","","","","","","","","","","","","","","",""
"994.553998772","2026-05-12 19:20:55.424138","/home/sc28/SC-28/1_definition/SC-28/camera.py","capture_and_detect","264","","","","","","","","","","","","","","","","42.0","","","","","","","","","","","","","","","","","","","","","","","","","","","","","",""
"994.558082475","2026-05-12 19:20:55.428230","/home/sc28/SC-28/1_definition/SC-28/camera.py","capture_and_detect","265","","","","","","","","","","","","","","","","","","156","170","","","","","","","","","","","","","","","","","","","","","","","","","","",""
"994.561899146","2026-05-12 19:20:55.432046","/home/sc28/SC-28/1_definition/SC-28/camera.py","capture_and_detect","266","","","","","","","","","","","","","","","","","","","","640","480","","","","","","","","","","","","","","","","","","","","","","","","",""
"994.630509073","2026-05-12 19:20:55.500659","/home/sc28/SC-28/1_definition/SC-28/camera.py","capture_and_detect","263","","","","","","","","","","","","","","","","","0","","","","","","","","","","","","","","","","","","","","","","","","","","","","",""
"994.638587156","2026-05-12 19:20:55.508722","/home/sc28/SC-28/1_definition/SC-28/camera.py","capture_and_detect","264","","","","","","","","","","","","","","","","49.5","","","","","","","","","","","","","","","","","","","","","","","","","","","","","",""
"994.641574972","2026-05-12 19:20:55.511719","/home/sc28/SC-28/1_definition/SC-28/camera.py","capture_and_detect","265","","","","","","","","","","","","","","","","","","588","437","","","","","","","","","","","","","","","","","","","","","","","","","","",""
"994.644468777","2026-05-12 19:20:55.514611","/home/sc28/SC-28/1_definition/SC-28/camera.py","capture_and_detect","266","","","","","","","","","","","","","","","","","","","","640","480","","","","","","","","","","","","","","","","","","","","","","","","",""
"994.71639199","2026-05-12 19:20:55.586549","/home/sc28/SC-28/1_definition/SC-28/camera.py","capture_and_detect","263","","","","","","","","","","","","","","","","","0","","","","","","","","","","","","","","","","","","","","","","","","","","","","",""
"994.720345797","2026-05-12 19:20:55.590481","/home/sc28/SC-28/1_definition/SC-28/camera.py","capture_and_detect","264","","","","","","","","","","","","","","","","40.5","","","","","","","","","","","","","","","","","","","","","","","","","","","","","",""
"994.727540337","2026-05-12 19:20:55.597690","/home/sc28/SC-28/1_definition/SC-28/camera.py","capture_and_detect","265","","","","","","","","","","","","","","","","","","155","171","","","","","","","","","","","","","","","","","","","","","","","","","","",""
"994.730904924","2026-05-12 19:20:55.601053","/home/sc28/SC-28/1_definition/SC-28/camera.py","capture_and_detect","266","","","","","","","","","","","","","","","","","","","","640","480","","","","","","","","","","","","","","","","","","","","","","","","",""
"994.806029442","2026-05-12 19:20:55.676177","/home/sc28/SC-28/1_definition/SC-28/camera.py","capture_and_detect","263","","","","","","","","","","","","","","","","","0","","","","","","","","","","","","","","","","","","","","","","","","","","","","",""
"994.810651219","2026-05-12 19:20:55.680785","/home/sc28/SC-28/1_definition/SC-28/camera.py","capture_and_detect","264","","","","","","","","","","","","","","","","46.5","","","","","","","","","","","","","","","","","","","","","","","","","","","","","",""
"994.813555753","2026-05-12 19:20:55.683701","/home/sc28/SC-28/1_definition/SC-28/camera.py","capture_and_detect","265","","","","","","","","","","","","","","","","","","589","436","","","","","","","","","","","","","","","","","","","","","","","","","","",""
"994.816570653","2026-05-12 19:20:55.686716","/home/sc28/SC-28/1_definition/SC-28/camera.py","capture_and_detect","266","","","","","","","","","","","","","","","","","","","","640","480","","","","","","","","","","","","","","","","","","","","","","","","",""
"994.896387104","2026-05-12 19:20:55.766532","/home/sc28/SC-28/1_definition/SC-28/camera.py","capture_and_detect","263","","","","","","","","","","","","","","","","","0","","","","","","","","","","","","","","","","","","","","","","","","","","","","",""
"994.899656431","2026-05-12 19:20:55.769793","/home/sc28/SC-28/1_definition/SC-28/camera.py","capture_and_detect","264","","","","","","","","","","","","","","","","45.0","","","","","","","","","","","","","","","","","","","","","","","","","","","","","",""
"994.902562893","2026-05-12 19:20:55.772707","/home/sc28/SC-28/1_definition/SC-28/camera.py","capture_and_detect","265","","","","","","","","","","","","","","","","","","587","436","","","","","","","","","","","","","","","","","","","","","","","","","","",""
"994.905470136","2026-05-12 19:20:55.775613","/home/sc28/SC-28/1_definition/SC-28/camera.py","capture_and_detect","266","","","","","","","","","","","","","","","","","","","","640","480","","","","","","","","","","","","","","","","","","","","","","","","",""
"994.97564069","2026-05-12 19:20:55.845789","/home/sc28/SC-28/1_definition/SC-28/camera.py","capture_and_detect","263","","","","","","","","","","","","","","","","","0","","","","","","","","","","","","","","","","","","","","","","","","","","","","",""
"994.985381743","2026-05-12 19:20:55.855522","/home/sc28/SC-28/1_definition/SC-28/camera.py","capture_and_detect","264","","","","","","","","","","","","","","","","43.0","","","","","","","","","","","","","","","","","","","","","","","","","","","","","",""
"994.988683674","2026-05-12 19:20:55.858831","/home/sc28/SC-28/1_definition/SC-28/camera.py","capture_and_detect","265","","","","","","","","","","","","","","","","","","588","436","","","","","","","","","","","","","","","","","","","","","","","","","","",""
"994.992253054","2026-05-12 19:20:55.862400","/home/sc28/SC-28/1_definition/SC-28/camera.py","capture_and_detect","266","","","","","","","","","","","","","","","","","","","","640","480","","","","","","","","","","","","","","","","","","","","","","","","",""
"995.063640536","2026-05-12 19:20:55.933791","/home/sc28/SC-28/1_definition/SC-28/camera.py","capture_and_detect","263","","","","","","","","","","","","","","","","","0","","","","","","","","","","","","","","","","","","","","","","","","","","","","",""
"995.070897889","2026-05-12 19:20:55.941039","/home/sc28/SC-28/1_definition/SC-28/camera.py","capture_and_detect","264","","","","","","","","","","","","","","","","37.0","","","","","","","","","","","","","","","","","","","","","","","","","","","","","",""
"995.076773417","2026-05-12 19:20:55.946921","/home/sc28/SC-28/1_definition/SC-28/camera.py","capture_and_detect","265","","","","","","","","","","","","","","","","","","155","167","","","","","","","","","","","","","","","","","","","","","","","","","","",""
"995.083649623","2026-05-12 19:20:55.953796","/home/sc28/SC-28/1_definition/SC-28/camera.py","capture_and_detect","266","","","","","","","","","","","","","","","","","","","","640","480","","","","","","","","","","","","","","","","","","","","","","","","",""
"995.154919762","2026-05-12 19:20:56.025073","/home/sc28/SC-28/1_definition/SC-28/camera.py","capture_and_detect","263","","","","","","","","","","","","","","","","","0","","","","","","","","","","","","","","","","","","","","","","","","","","","","",""
"995.15879159","2026-05-12 19:20:56.028923","/home/sc28/SC-28/1_definition/SC-28/camera.py","capture_and_detect","264","","","","","","","","","","","","","","","","45.5","","","","","","","","","","","","","","","","","","","","","","","","","","","","","",""
"995.161862739","2026-05-12 19:20:56.032004","/home/sc28/SC-28/1_definition/SC-28/camera.py","capture_and_detect","265","","","","","","","","","","","","","","","","","","593","433","","","","","","","","","","","","","","","","","","","","","","","","","","",""
"995.164703107","2026-05-12 19:20:56.034844","/home/sc28/SC-28/1_definition/SC-28/camera.py","capture_and_detect","266","","","","","","","","","","","","","","","","","","","","640","480","","","","","","","","","","","","","","","","","","","","","","","","",""
"995.232755639","2026-05-12 19:20:56.102901","/home/sc28/SC-28/1_definition/SC-28/camera.py","capture_and_detect","263","","","","","","","","","","","","","","","","","0","","","","","","","","","","","","","","","","","","","","","","","","","","","","",""
"995.239704189","2026-05-12 19:20:56.109848","/home/sc28/SC-28/1_definition/SC-28/camera.py","capture_and_detect","264","","","","","","","","","","","","","","","","60.0","","","","","","","","","","","","","","","","","","","","","","","","","","","","","",""
"995.243334506","2026-05-12 19:20:56.113480","/home/sc28/SC-28/1_definition/SC-28/camera.py","capture_and_detect","265","","","","","","","","","","","","","","","","","","597","432","","","","","","","","","","","","","","","","","","","","","","","","","","",""
"995.246673937","2026-05-12 19:20:56.116820","/home/sc28/SC-28/1_definition/SC-28/camera.py","capture_and_detect","266","","","","","","","","","","","","","","","","","","","","640","480","","","","","","","","","","","","","","","","","","","","","","","","",""
"995.319585328","2026-05-12 19:20:56.189730","/home/sc28/SC-28/1_definition/SC-28/camera.py","capture_and_detect","263","","","","","","","","","","","","","","","","","0","","","","","","","","","","","","","","","","","","","","","","","","","","","","",""
"995.322977989","2026-05-12 19:20:56.193114","/home/sc28/SC-28/1_definition/SC-28/camera.py","capture_and_detect","264","","","","","","","","","","","","","","","","50.0","","","","","","","","","","","","","","","","","","","","","","","","","","","","","",""
"995.329615757","2026-05-12 19:20:56.199769","/home/sc28/SC-28/1_definition/SC-28/camera.py","capture_and_detect","265","","","","","","","","","","","","","","","","","","600","431","","","","","","","","","","","","","","","","","","","","","","","","","","",""
"995.334838941","2026-05-12 19:20:56.204982","/home/sc28/SC-28/1_definition/SC-28/camera.py","capture_and_detect","266","","","","","","","","","","","","","","","","","","","","640","480","","","","","","","","","","","","","","","","","","","","","","","","",""
"995.406496216","2026-05-12 19:20:56.276647","/home/sc28/SC-28/1_definition/SC-28/camera.py","capture_and_detect","263","","","","","","","","","","","","","","","","","0","","","","","","","","","","","","","","","","","","","","","","","","","","","","",""
"995.4101057","2026-05-12 19:20:56.280246","/home/sc28/SC-28/1_definition/SC-28/camera.py","capture_and_detect","264","","","","","","","","","","","","","","","","39.0","","","","","","","","","","","","","","","","","","","","","","","","","","","","","",""
"995.41332461","2026-05-12 19:20:56.283471","/home/sc28/SC-28/1_definition/SC-28/camera.py","capture_and_detect","265","","","","","","","","","","","","","","","","","","602","433","","","","","","","","","","","","","","","","","","","","","","","","","","",""
"995.418023991","2026-05-12 19:20:56.288169","/home/sc28/SC-28/1_definition/SC-28/camera.py","capture_and_detect","266","","","","","","","","","","","","","","","","","","","","640","480","","","","","","","","","","","","","","","","","","","","","","","","",""
"995.492766061","2026-05-12 19:20:56.362913","/home/sc28/SC-28/1_definition/SC-28/camera.py","capture_and_detect","263","","","","","","","","","","","","","","","","","0","","","","","","","","","","","","","","","","","","","","","","","","","","","","",""
"995.496373982","2026-05-12 19:20:56.366519","/home/sc28/SC-28/1_definition/SC-28/camera.py","capture_and_detect","264","","","","","","","","","","","","","","","","59.0","","","","","","","","","","","","","","","","","","","","","","","","","","","","","",""
"995.49946758","2026-05-12 19:20:56.369617","/home/sc28/SC-28/1_definition/SC-28/camera.py","capture_and_detect","265","","","","","","","","","","","","","","","","","","604","444","","","","","","","","","","","","","","","","","","","","","","","","","","",""
"995.502747688","2026-05-12 19:20:56.372897","/home/sc28/SC-28/1_definition/SC-28/camera.py","capture_and_detect","266","","","","","","","","","","","","","","","","","","","","640","480","","","","","","","","","","","","","","","","","","","","","","","","",""
"995.572813347","2026-05-12 19:20:56.442958","/home/sc28/SC-28/1_definition/SC-28/camera.py","capture_and_detect","263","","","","","","","","","","","","","","","","","0","","","","","","","","","","","","","","","","","","","","","","","","","","","","",""
"995.580958305","2026-05-12 19:20:56.451093","/home/sc28/SC-28/1_definition/SC-28/camera.py","capture_and_detect","264","","","","","","","","","","","","","","","","51.5","","","","","","","","","","","","","","","","","","","","","","","","","","","","","",""
"995.587352688","2026-05-12 19:20:56.457496","/home/sc28/SC-28/1_definition/SC-28/camera.py","capture_and_detect","265","","","","","","","","","","","","","","","","","","604","442","","","","","","","","","","","","","","","","","","","","","","","","","","",""
"995.590206962","2026-05-12 19:20:56.460350","/home/sc28/SC-28/1_definition/SC-28/camera.py","capture_and_detect","266","","","","","","","","","","","","","","","","","","","","640","480","","","","","","","","","","","","","","","","","","","","","","","","",""
"995.674647378","2026-05-12 19:20:56.544792","/home/sc28/SC-28/1_definition/SC-28/camera.py","capture_and_detect","263","","","","","","","","","","","","","","","","","0","","","","","","","","","","","","","","","","","","","","","","","","","","","","",""
"995.678055715","2026-05-12 19:20:56.548194","/home/sc28/SC-28/1_definition/SC-28/camera.py","capture_and_detect","264","","","","","","","","","","","","","","","","36.0","","","","","","","","","","","","","","","","","","","","","","","","","","","","","",""
"995.68103775","2026-05-12 19:20:56.551188","/home/sc28/SC-28/1_definition/SC-28/camera.py","capture_and_detect","265","","","","","","","","","","","","","","","","","","145","220","","","","","","","","","","","","","","","","","","","","","","","","","","",""
"995.687833696","2026-05-12 19:20:56.557978","/home/sc28/SC-28/1_definition/SC-28/camera.py","capture_and_detect","266","","","","","","","","","","","","","","","","","","","","640","480","","","","","","","","","","","","","","","","","","","","","","","","",""
"995.758688731","2026-05-12 19:20:56.628834","/home/sc28/SC-28/1_definition/SC-28/camera.py","capture_and_detect","263","","","","","","","","","","","","","","","","","0","","","","","","","","","","","","","","","","","","","","","","","","","","","","",""
"995.762041339","2026-05-12 19:20:56.632180","/home/sc28/SC-28/1_definition/SC-28/camera.py","capture_and_detect","264","","","","","","","","","","","","","","","","45.0","","","","","","","","","","","","","","","","","","","","","","","","","","","","","",""
"995.76493353","2026-05-12 19:20:56.635074","/home/sc28/SC-28/1_definition/SC-28/camera.py","capture_and_detect","265","","","","","","","","","","","","","","","","","","145","228","","","","","","","","","","","","","","","","","","","","","","","","","","",""
"995.767747544","2026-05-12 19:20:56.637888","/home/sc28/SC-28/1_definition/SC-28/camera.py","capture_and_detect","266","","","","","","","","","","","","","","","","","","","","640","480","","","","","","","","","","","","","","","","","","","","","","","","",""
"995.839745497","2026-05-12 19:20:56.709889","/home/sc28/SC-28/1_definition/SC-28/camera.py","capture_and_detect","263","","","","","","","","","","","","","","","","","0","","","","","","","","","","","","","","","","","","","","","","","","","","","","",""
"995.846863318","2026-05-12 19:20:56.717005","/home/sc28/SC-28/1_definition/SC-28/camera.py","capture_and_detect","264","","","","","","","","","","","","","","","","34.0","","","","","","","","","","","","","","","","","","","","","","","","","","","","","",""
"995.849894572","2026-05-12 19:20:56.720038","/home/sc28/SC-28/1_definition/SC-28/camera.py","capture_and_detect","265","","","","","","","","","","","","","","","","","","149","229","","","","","","","","","","","","","","","","","","","","","","","","","","",""
"995.852760669","2026-05-12 19:20:56.722905","/home/sc28/SC-28/1_definition/SC-28/camera.py","capture_and_detect","266","","","","","","","","","","","","","","","","","","","","640","480","","","","","","","","","","","","","","","","","","","","","","","","",""
"995.924146902","2026-05-12 19:20:56.794308","/home/sc28/SC-28/1_definition/SC-28/camera.py","capture_and_detect","263","","","","","","","","","","","","","","","","","0","","","","","","","","","","","","","","","","","","","","","","","","","","","","",""
"995.928799564","2026-05-12 19:20:56.798934","/home/sc28/SC-28/1_definition/SC-28/camera.py","capture_and_detect","264","","","","","","","","","","","","","","","","23.5","","","","","","","","","","","","","","","","","","","","","","","","","","","","","",""
"995.932186964","2026-05-12 19:20:56.802335","/home/sc28/SC-28/1_definition/SC-28/camera.py","capture_and_detect","265","","","","","","","","","","","","","","","","","","158","223","","","","","","","","","","","","","","","","","","","","","","","","","","",""
"995.938940254","2026-05-12 19:20:56.809090","/home/sc28/SC-28/1_definition/SC-28/camera.py","capture_and_detect","266","","","","","","","","","","","","","","","","","","","","640","480","","","","","","","","","","","","","","","","","","","","","","","","",""
"996.013041855","2026-05-12 19:20:56.883185","/home/sc28/SC-28/1_definition/SC-28/camera.py","capture_and_detect","263","","","","","","","","","","","","","","","","","0","","","","","","","","","","","","","","","","","","","","","","","","","","","","",""
"996.01626889","2026-05-12 19:20:56.886407","/home/sc28/SC-28/1_definition/SC-28/camera.py","capture_and_detect","264","","","","","","","","","","","","","","","","36.0","","","","","","","","","","","","","","","","","","","","","","","","","","","","","",""
"996.019106081","2026-05-12 19:20:56.889246","/home/sc28/SC-28/1_definition/SC-28/camera.py","capture_and_detect","265","","","","","","","","","","","","","","","","","","163","213","","","","","","","","","","","","","","","","","","","","","","","","","","",""
"996.022026918","2026-05-12 19:20:56.892172","/home/sc28/SC-28/1_definition/SC-28/camera.py","capture_and_detect","266","","","","","","","","","","","","","","","","","","","","640","480","","","","","","","","","","","","","","","","","","","","","","","","",""
"996.100289254","2026-05-12 19:20:56.970441","/home/sc28/SC-28/1_definition/SC-28/camera.py","capture_and_detect","263","","","","","","","","","","","","","","","","","0","","","","","","","","","","","","","","","","","","","","","","","","","","","","",""
"996.10386556","2026-05-12 19:20:56.973998","/home/sc28/SC-28/1_definition/SC-28/camera.py","capture_and_detect","264","","","","","","","","","","","","","","","","37.5","","","","","","","","","","","","","","","","","","","","","","","","","","","","","",""
"996.106899887","2026-05-12 19:20:56.977042","/home/sc28/SC-28/1_definition/SC-28/camera.py","capture_and_detect","265","","","","","","","","","","","","","","","","","","141","233","","","","","","","","","","","","","","","","","","","","","","","","","","",""
"996.109739473","2026-05-12 19:20:56.979881","/home/sc28/SC-28/1_definition/SC-28/camera.py","capture_and_detect","266","","","","","","","","","","","","","","","","","","","","640","480","","","","","","","","","","","","","","","","","","","","","","","","",""
"996.180675811","2026-05-12 19:20:57.050822","/home/sc28/SC-28/1_definition/SC-28/camera.py","capture_and_detect","263","","","","","","","","","","","","","","","","","0","","","","","","","","","","","","","","","","","","","","","","","","","","","","",""
"996.183983471","2026-05-12 19:20:57.054116","/home/sc28/SC-28/1_definition/SC-28/camera.py","capture_and_detect","264","","","","","","","","","","","","","","","","35.5","","","","","","","","","","","","","","","","","","","","","","","","","","","","","",""
"996.190597125","2026-05-12 19:20:57.060750","/home/sc28/SC-28/1_definition/SC-28/camera.py","capture_and_detect","265","","","","","","","","","","","","","","","","","","136","240","","","","","","","","","","","","","","","","","","","","","","","","","","",""
"996.194451609","2026-05-12 19:20:57.064598","/home/sc28/SC-28/1_definition/SC-28/camera.py","capture_and_detect","266","","","","","","","","","","","","","","","","","","","","640","480","","","","","","","","","","","","","","","","","","","","","","","","",""
"996.267323262","2026-05-12 19:20:57.137469","/home/sc28/SC-28/1_definition/SC-28/camera.py","capture_and_detect","263","","","","","","","","","","","","","","","","","0","","","","","","","","","","","","","","","","","","","","","","","","","","","","",""
"996.270617433","2026-05-12 19:20:57.140755","/home/sc28/SC-28/1_definition/SC-28/camera.py","capture_and_detect","264","","","","","","","","","","","","","","","","31.0","","","","","","","","","","","","","","","","","","","","","","","","","","","","","",""
"996.273429207","2026-05-12 19:20:57.143571","/home/sc28/SC-28/1_definition/SC-28/camera.py","capture_and_detect","265","","","","","","","","","","","","","","","","","","124","247","","","","","","","","","","","","","","","","","","","","","","","","","","",""
"996.281221456","2026-05-12 19:20:57.151366","/home/sc28/SC-28/1_definition/SC-28/camera.py","capture_and_detect","266","","","","","","","","","","","","","","","","","","","","640","480","","","","","","","","","","","","","","","","","","","","","","","","",""
"996.35102123","2026-05-12 19:20:57.221170","/home/sc28/SC-28/1_definition/SC-28/camera.py","capture_and_detect","263","","","","","","","","","","","","","","","","","0","","","","","","","","","","","","","","","","","","","","","","","","","","","","",""
"996.356831081","2026-05-12 19:20:57.226975","/home/sc28/SC-28/1_definition/SC-28/camera.py","capture_and_detect","264","","","","","","","","","","","","","","","","0.0","","","","","","","","","","","","","","","","","","","","","","","","","","","","","",""
"996.360174418","2026-05-12 19:20:57.230325","/home/sc28/SC-28/1_definition/SC-28/camera.py","capture_and_detect","265","","","","","","","","","","","","","","","","","","320","240","","","","","","","","","","","","","","","","","","","","","","","","","","",""
"996.363625568","2026-05-12 19:20:57.233774","/home/sc28/SC-28/1_definition/SC-28/camera.py","capture_and_detect","266","","","","","","","","","","","","","","","","","","","","640","480","","","","","","","","","","","","","","","","","","","","","","","","",""
"996.432291643","2026-05-12 19:20:57.302438","/home/sc28/SC-28/1_definition/SC-28/camera.py","capture_and_detect","263","","","","","","","","","","","","","","","","","0","","","","","","","","","","","","","","","","","","","","","","","","","","","","",""
"996.43904113","2026-05-12 19:20:57.309179","/home/sc28/SC-28/1_definition/SC-28/camera.py","capture_and_detect","264","","","","","","","","","","","","","","","","32.0","","","","","","","","","","","","","","","","","","","","","","","","","","","","","",""
"996.441901603","2026-05-12 19:20:57.312042","/home/sc28/SC-28/1_definition/SC-28/camera.py","capture_and_detect","265","","","","","","","","","","","","","","","","","","97","265","","","","","","","","","","","","","","","","","","","","","","","","","","",""
"996.444784783","2026-05-12 19:20:57.314935","/home/sc28/SC-28/1_definition/SC-28/camera.py","capture_and_detect","266","","","","","","","","","","","","","","","","","","","","640","480","","","","","","","","","","","","","","","","","","","","","","","","",""
"996.517653311","2026-05-12 19:20:57.387797","/home/sc28/SC-28/1_definition/SC-28/camera.py","capture_and_detect","263","","","","","","","","","","","","","","","","","0","","","","","","","","","","","","","","","","","","","","","","","","","","","","",""
"996.520960867","2026-05-12 19:20:57.391099","/home/sc28/SC-28/1_definition/SC-28/camera.py","capture_and_detect","264","","","","","","","","","","","","","","","","41.0","","","","","","","","","","","","","","","","","","","","","","","","","","","","","",""
"996.523779412","2026-05-12 19:20:57.393920","/home/sc28/SC-28/1_definition/SC-28/camera.py","capture_and_detect","265","","","","","","","","","","","","","","","","","","80","273","","","","","","","","","","","","","","","","","","","","","","","","","","",""
"996.530078326","2026-05-12 19:20:57.400220","/home/sc28/SC-28/1_definition/SC-28/camera.py","capture_and_detect","266","","","","","","","","","","","","","","","","","","","","640","480","","","","","","","","","","","","","","","","","","","","","","","","",""
"996.600661799","2026-05-12 19:20:57.470807","/home/sc28/SC-28/1_definition/SC-28/camera.py","capture_and_detect","263","","","","","","","","","","","","","","","","","0","","","","","","","","","","","","","","","","","","","","","","","","","","","","",""
"996.603942011","2026-05-12 19:20:57.474075","/home/sc28/SC-28/1_definition/SC-28/camera.py","capture_and_detect","264","","","","","","","","","","","","","","","","36.5","","","","","","","","","","","","","","","","","","","","","","","","","","","","","",""
"996.606805192","2026-05-12 19:20:57.476945","/home/sc28/SC-28/1_definition/SC-28/camera.py","capture_and_detect","265","","","","","","","","","","","","","","","","","","73","276","","","","","","","","","","","","","","","","","","","","","","","","","","",""
"996.610764884","2026-05-12 19:20:57.480908","/home/sc28/SC-28/1_definition/SC-28/camera.py","capture_and_detect","266","","","","","","","","","","","","","","","","","","","","640","480","","","","","","","","","","","","","","","","","","","","","","","","",""
"996.685356174","2026-05-12 19:20:57.555500","/home/sc28/SC-28/1_definition/SC-28/camera.py","capture_and_detect","263","","","","","","","","","","","","","","","","","0","","","","","","","","","","","","","","","","","","","","","","","","","","","","",""
"996.688741335","2026-05-12 19:20:57.558880","/home/sc28/SC-28/1_definition/SC-28/camera.py","capture_and_detect","264","","","","","","","","","","","","","","","","34.0","","","","","","","","","","","","","","","","","","","","","","","","","","","","","",""
"996.691609047","2026-05-12 19:20:57.561749","/home/sc28/SC-28/1_definition/SC-28/camera.py","capture_and_detect","265","","","","","","","","","","","","","","","","","","69","279","","","","","","","","","","","","","","","","","","","","","","","","","","",""
"996.69443504","2026-05-12 19:20:57.564574","/home/sc28/SC-28/1_definition/SC-28/camera.py","capture_and_detect","266","","","","","","","","","","","","","","","","","","","","640","480","","","","","","","","","","","","","","","","","","","","","","","","",""
"996.767550703","2026-05-12 19:20:57.637692","/home/sc28/SC-28/1_definition/SC-28/camera.py","capture_and_detect","263","","","","","","","","","","","","","","","","","0","","","","","","","","","","","","","","","","","","","","","","","","","","","","",""
"996.771635708","2026-05-12 19:20:57.641776","/home/sc28/SC-28/1_definition/SC-28/camera.py","capture_and_detect","264","","","","","","","","","","","","","","","","39.0","","","","","","","","","","","","","","","","","","","","","","","","","","","","","",""
"996.778198268","2026-05-12 19:20:57.648342","/home/sc28/SC-28/1_definition/SC-28/camera.py","capture_and_detect","265","","","","","","","","","","","","","","","","","","66","282","","","","","","","","","","","","","","","","","","","","","","","","","","",""
"996.781097647","2026-05-12 19:20:57.651241","/home/sc28/SC-28/1_definition/SC-28/camera.py","capture_and_detect","266","","","","","","","","","","","","","","","","","","","","640","480","","","","","","","","","","","","","","","","","","","","","","","","",""
"996.85119289","2026-05-12 19:20:57.721336","/home/sc28/SC-28/1_definition/SC-28/camera.py","capture_and_detect","263","","","","","","","","","","","","","","","","","0","","","","","","","","","","","","","","","","","","","","","","","","","","","","",""
"996.854480394","2026-05-12 19:20:57.724617","/home/sc28/SC-28/1_definition/SC-28/camera.py","capture_and_detect","264","","","","","","","","","","","","","","","","31.0","","","","","","","","","","","","","","","","","","","","","","","","","","","","","",""
"996.857547325","2026-05-12 19:20:57.727697","/home/sc28/SC-28/1_definition/SC-28/camera.py","capture_and_detect","265","","","","","","","","","","","","","","","","","","70","280","","","","","","","","","","","","","","","","","","","","","","","","","","",""
"996.861466132","2026-05-12 19:20:57.731618","/home/sc28/SC-28/1_definition/SC-28/camera.py","capture_and_detect","266","","","","","","","","","","","","","","","","","","","","640","480","","","","","","","","","","","","","","","","","","","","","","","","",""
"996.939413311","2026-05-12 19:20:57.809558","/home/sc28/SC-28/1_definition/SC-28/camera.py","capture_and_detect","263","","","","","","","","","","","","","","","","","0","","","","","","","","","","","","","","","","","","","","","","","","","","","","",""
"996.943338264","2026-05-12 19:20:57.813481","/home/sc28/SC-28/1_definition/SC-28/camera.py","capture_and_detect","264","","","","","","","","","","","","","","","","33.0","","","","","","","","","","","","","","","","","","","","","","","","","","","","","",""
"996.946758477","2026-05-12 19:20:57.816905","/home/sc28/SC-28/1_definition/SC-28/camera.py","capture_and_detect","265","","","","","","","","","","","","","","","","","","68","285","","","","","","","","","","","","","","","","","","","","","","","","","","",""
"996.950778794","2026-05-12 19:20:57.820924","/home/sc28/SC-28/1_definition/SC-28/camera.py","capture_and_detect","266","","","","","","","","","","","","","","","","","","","","640","480","","","","","","","","","","","","","","","","","","","","","","","","",""
"997.029517225","2026-05-12 19:20:57.899662","/home/sc28/SC-28/1_definition/SC-28/camera.py","capture_and_detect","263","","","","","","","","","","","","","","","","","0","","","","","","","","","","","","","","","","","","","","","","","","","","","","",""
"997.036265358","2026-05-12 19:20:57.906400","/home/sc28/SC-28/1_definition/SC-28/camera.py","capture_and_detect","264","","","","","","","","","","","","","","","","35.5","","","","","","","","","","","","","","","","","","","","","","","","","","","","","",""
"997.03911406","2026-05-12 19:20:57.909253","/home/sc28/SC-28/1_definition/SC-28/camera.py","capture_and_detect","265","","","","","","","","","","","","","","","","","","69","290","","","","","","","","","","","","","","","","","","","","","","","","","","",""
"997.041903542","2026-05-12 19:20:57.912044","/home/sc28/SC-28/1_definition/SC-28/camera.py","capture_and_detect","266","","","","","","","","","","","","","","","","","","","","640","480","","","","","","","","","","","","","","","","","","","","","","","","",""
"997.116186134","2026-05-12 19:20:57.986332","/home/sc28/SC-28/1_definition/SC-28/camera.py","capture_and_detect","263","","","","","","","","","","","","","","","","","0","","","","","","","","","","","","","","","","","","","","","","","","","","","","",""
"997.119452909","2026-05-12 19:20:57.989590","/home/sc28/SC-28/1_definition/SC-28/camera.py","capture_and_detect","264","","","","","","","","","","","","","","","","33.0","","","","","","","","","","","","","","","","","","","","","","","","","","","","","",""
"997.122302496","2026-05-12 19:20:57.992447","/home/sc28/SC-28/1_definition/SC-28/camera.py","capture_and_detect","265","","","","","","","","","","","","","","","","","","67","292","","","","","","","","","","","","","","","","","","","","","","","","","","",""
"997.128718181","2026-05-12 19:20:57.998862","/home/sc28/SC-28/1_definition/SC-28/camera.py","capture_and_detect","266","","","","","","","","","","","","","","","","","","","","640","480","","","","","","","","","","","","","","","","","","","","","","","","",""
"997.203406243","2026-05-12 19:20:58.073553","/home/sc28/SC-28/1_definition/SC-28/camera.py","capture_and_detect","263","","","","","","","","","","","","","","","","","0","","","","","","","","","","","","","","","","","","","","","","","","","","","","",""
"997.207395987","2026-05-12 19:20:58.077530","/home/sc28/SC-28/1_definition/SC-28/camera.py","capture_and_detect","264","","","","","","","","","","","","","","","","35.5","","","","","","","","","","","","","","","","","","","","","","","","","","","","","",""
"997.210747606","2026-05-12 19:20:58.080892","/home/sc28/SC-28/1_definition/SC-28/camera.py","capture_and_detect","265","","","","","","","","","","","","","","","","","","65","292","","","","","","","","","","","","","","","","","","","","","","","","","","",""
"997.213703756","2026-05-12 19:20:58.083851","/home/sc28/SC-28/1_definition/SC-28/camera.py","capture_and_detect","266","","","","","","","","","","","","","","","","","","","","640","480","","","","","","","","","","","","","","","","","","","","","","","","",""
"997.283680457","2026-05-12 19:20:58.153829","/home/sc28/SC-28/1_definition/SC-28/camera.py","capture_and_detect","263","","","","","","","","","","","","","","","","","0","","","","","","","","","","","","","","","","","","","","","","","","","","","","",""
"997.290525674","2026-05-12 19:20:58.160661","/home/sc28/SC-28/1_definition/SC-28/camera.py","capture_and_detect","264","","","","","","","","","","","","","","","","40.5","","","","","","","","","","","","","","","","","","","","","","","","","","","","","",""
"997.294556356","2026-05-12 19:20:58.164701","/home/sc28/SC-28/1_definition/SC-28/camera.py","capture_and_detect","265","","","","","","","","","","","","","","","","","","28","96","","","","","","","","","","","","","","","","","","","","","","","","","","",""
"997.297443548","2026-05-12 19:20:58.167588","/home/sc28/SC-28/1_definition/SC-28/camera.py","capture_and_detect","266","","","","","","","","","","","","","","","","","","","","640","480","","","","","","","","","","","","","","","","","","","","","","","","",""
"997.369955721","2026-05-12 19:20:58.240104","/home/sc28/SC-28/1_definition/SC-28/camera.py","capture_and_detect","263","","","","","","","","","","","","","","","","","0","","","","","","","","","","","","","","","","","","","","","","","","","","","","",""
"997.374047289","2026-05-12 19:20:58.244191","/home/sc28/SC-28/1_definition/SC-28/camera.py","capture_and_detect","264","","","","","","","","","","","","","","","","38.5","","","","","","","","","","","","","","","","","","","","","","","","","","","","","",""
"997.381147714","2026-05-12 19:20:58.251299","/home/sc28/SC-28/1_definition/SC-28/camera.py","capture_and_detect","265","","","","","","","","","","","","","","","","","","18","98","","","","","","","","","","","","","","","","","","","","","","","","","","",""
"997.389589183","2026-05-12 19:20:58.259738","/home/sc28/SC-28/1_definition/SC-28/camera.py","capture_and_detect","266","","","","","","","","","","","","","","","","","","","","640","480","","","","","","","","","","","","","","","","","","","","","","","","",""
"997.459297395","2026-05-12 19:20:58.329442","/home/sc28/SC-28/1_definition/SC-28/camera.py","capture_and_detect","263","","","","","","","","","","","","","","","","","0","","","","","","","","","","","","","","","","","","","","","","","","","","","","",""
"997.462605264","2026-05-12 19:20:58.332745","/home/sc28/SC-28/1_definition/SC-28/camera.py","capture_and_detect","264","","","","","","","","","","","","","","","","53.0","","","","","","","","","","","","","","","","","","","","","","","","","","","","","",""
"997.465536309","2026-05-12 19:20:58.335681","/home/sc28/SC-28/1_definition/SC-28/camera.py","capture_and_detect","265","","","","","","","","","","","","","","","","","","15","102","","","","","","","","","","","","","","","","","","","","","","","","","","",""
"997.468381052","2026-05-12 19:20:58.338524","/home/sc28/SC-28/1_definition/SC-28/camera.py","capture_and_detect","266","","","","","","","","","","","","","","","","","","","","640","480","","","","","","","","","","","","","","","","","","","","","","","","",""
"997.550231988","2026-05-12 19:20:58.420375","/home/sc28/SC-28/1_definition/SC-28/camera.py","capture_and_detect","263","","","","","","","","","","","","","","","","","0","","","","","","","","","","","","","","","","","","","","","","","","","","","","",""
"997.553610325","2026-05-12 19:20:58.423745","/home/sc28/SC-28/1_definition/SC-28/camera.py","capture_and_detect","264","","","","","","","","","","","","","","","","56.5","","","","","","","","","","","","","","","","","","","","","","","","","","","","","",""
"997.556771267","2026-05-12 19:20:58.426923","/home/sc28/SC-28/1_definition/SC-28/camera.py","capture_and_detect","265","","","","","","","","","","","","","","","","","","11","108","","","","","","","","","","","","","","","","","","","","","","","","","","",""
"997.560163094","2026-05-12 19:20:58.430307","/home/sc28/SC-28/1_definition/SC-28/camera.py","capture_and_detect","266","","","","","","","","","","","","","","","","","","","","640","480","","","","","","","","","","","","","","","","","","","","","","","","",""
"997.633777665","2026-05-12 19:20:58.503925","/home/sc28/SC-28/1_definition/SC-28/camera.py","capture_and_detect","263","","","","","","","","","","","","","","","","","0","","","","","","","","","","","","","","","","","","","","","","","","","","","","",""
"997.638160118","2026-05-12 19:20:58.508298","/home/sc28/SC-28/1_definition/SC-28/camera.py","capture_and_detect","264","","","","","","","","","","","","","","","","53.0","","","","","","","","","","","","","","","","","","","","","","","","","","","","","",""
"997.645575336","2026-05-12 19:20:58.515720","/home/sc28/SC-28/1_definition/SC-28/camera.py","capture_and_detect","265","","","","","","","","","","","","","","","","","","6","116","","","","","","","","","","","","","","","","","","","","","","","","","","",""
"997.648443777","2026-05-12 19:20:58.518587","/home/sc28/SC-28/1_definition/SC-28/camera.py","capture_and_detect","266","","","","","","","","","","","","","","","","","","","","640","480","","","","","","","","","","","","","","","","","","","","","","","","",""
"997.719210584","2026-05-12 19:20:58.589355","/home/sc28/SC-28/1_definition/SC-28/camera.py","capture_and_detect","263","","","","","","","","","","","","","","","","","0","","","","","","","","","","","","","","","","","","","","","","","","","","","","",""
"997.722490328","2026-05-12 19:20:58.592629","/home/sc28/SC-28/1_definition/SC-28/camera.py","capture_and_detect","264","","","","","","","","","","","","","","","","52.0","","","","","","","","","","","","","","","","","","","","","","","","","","","","","",""
"997.72535554","2026-05-12 19:20:58.595497","/home/sc28/SC-28/1_definition/SC-28/camera.py","capture_and_detect","265","","","","","","","","","","","","","","","","","","7","115","","","","","","","","","","","","","","","","","","","","","","","","","","",""
"997.731709298","2026-05-12 19:20:58.601853","/home/sc28/SC-28/1_definition/SC-28/camera.py","capture_and_detect","266","","","","","","","","","","","","","","","","","","","","640","480","","","","","","","","","","","","","","","","","","","","","","","","",""
"997.802055896","2026-05-12 19:20:58.672199","/home/sc28/SC-28/1_definition/SC-28/camera.py","capture_and_detect","263","","","","","","","","","","","","","","","","","0","","","","","","","","","","","","","","","","","","","","","","","","","","","","",""
"997.805601473","2026-05-12 19:20:58.675743","/home/sc28/SC-28/1_definition/SC-28/camera.py","capture_and_detect","264","","","","","","","","","","","","","","","","53.0","","","","","","","","","","","","","","","","","","","","","","","","","","","","","",""
"997.808921998","2026-05-12 19:20:58.679071","/home/sc28/SC-28/1_definition/SC-28/camera.py","capture_and_detect","265","","","","","","","","","","","","","","","","","","6","119","","","","","","","","","","","","","","","","","","","","","","","","","","",""
"997.816767008","2026-05-12 19:20:58.686915","/home/sc28/SC-28/1_definition/SC-28/camera.py","capture_and_detect","266","","","","","","","","","","","","","","","","","","","","640","480","","","","","","","","","","","","","","","","","","","","","","","","",""
"997.887728138","2026-05-12 19:20:58.757872","/home/sc28/SC-28/1_definition/SC-28/camera.py","capture_and_detect","263","","","","","","","","","","","","","","","","","0","","","","","","","","","","","","","","","","","","","","","","","","","","","","",""
"997.894552313","2026-05-12 19:20:58.764687","/home/sc28/SC-28/1_definition/SC-28/camera.py","capture_and_detect","264","","","","","","","","","","","","","","","","51.5","","","","","","","","","","","","","","","","","","","","","","","","","","","","","",""
"997.89747315","2026-05-12 19:20:58.767615","/home/sc28/SC-28/1_definition/SC-28/camera.py","capture_and_detect","265","","","","","","","","","","","","","","","","","","6","120","","","","","","","","","","","","","","","","","","","","","","","","","","",""
"997.900442529","2026-05-12 19:20:58.770589","/home/sc28/SC-28/1_definition/SC-28/camera.py","capture_and_detect","266","","","","","","","","","","","","","","","","","","","","640","480","","","","","","","","","","","","","","","","","","","","","","","","",""
"997.975461216","2026-05-12 19:20:58.845606","/home/sc28/SC-28/1_definition/SC-28/camera.py","capture_and_detect","263","","","","","","","","","","","","","","","","","0","","","","","","","","","","","","","","","","","","","","","","","","","","","","",""
"997.978859762","2026-05-12 19:20:58.848992","/home/sc28/SC-28/1_definition/SC-28/camera.py","capture_and_detect","264","","","","","","","","","","","","","","","","56.5","","","","","","","","","","","","","","","","","","","","","","","","","","","","","",""
"997.986410865","2026-05-12 19:20:58.856554","/home/sc28/SC-28/1_definition/SC-28/camera.py","capture_and_detect","265","","","","","","","","","","","","","","","","","","6","123","","","","","","","","","","","","","","","","","","","","","","","","","","",""
"997.989548838","2026-05-12 19:20:58.859700","/home/sc28/SC-28/1_definition/SC-28/camera.py","capture_and_detect","266","","","","","","","","","","","","","","","","","","","","640","480","","","","","","","","","","","","","","","","","","","","","","","","",""
"998.063201794","2026-05-12 19:20:58.933347","/home/sc28/SC-28/1_definition/SC-28/camera.py","capture_and_detect","263","","","","","","","","","","","","","","","","","0","","","","","","","","","","","","","","","","","","","","","","","","","","","","",""
"998.066590444","2026-05-12 19:20:58.936725","/home/sc28/SC-28/1_definition/SC-28/camera.py","capture_and_detect","264","","","","","","","","","","","","","","","","46.5","","","","","","","","","","","","","","","","","","","","","","","","","","","","","",""
"998.070010344","2026-05-12 19:20:58.940158","/home/sc28/SC-28/1_definition/SC-28/camera.py","capture_and_detect","265","","","","","","","","","","","","","","","","","","7","125","","","","","","","","","","","","","","","","","","","","","","","","","","",""
"998.073060817","2026-05-12 19:20:58.943207","/home/sc28/SC-28/1_definition/SC-28/camera.py","capture_and_detect","266","","","","","","","","","","","","","","","","","","","","640","480","","","","","","","","","","","","","","","","","","","","","","","","",""
"998.148853568","2026-05-12 19:20:59.018999","/home/sc28/SC-28/1_definition/SC-28/camera.py","capture_and_detect","263","","","","","","","","","","","","","","","","","0","","","","","","","","","","","","","","","","","","","","","","","","","","","","",""
"998.152308729","2026-05-12 19:20:59.022452","/home/sc28/SC-28/1_definition/SC-28/camera.py","capture_and_detect","264","","","","","","","","","","","","","","","","42.0","","","","","","","","","","","","","","","","","","","","","","","","","","","","","",""
"998.155420191","2026-05-12 19:20:59.025569","/home/sc28/SC-28/1_definition/SC-28/camera.py","capture_and_detect","265","","","","","","","","","","","","","","","","","","7","118","","","","","","","","","","","","","","","","","","","","","","","","","","",""
"998.159925301","2026-05-12 19:20:59.030070","/home/sc28/SC-28/1_definition/SC-28/camera.py","capture_and_detect","266","","","","","","","","","","","","","","","","","","","","640","480","","","","","","","","","","","","","","","","","","","","","","","","",""
"998.229412732","2026-05-12 19:20:59.099560","/home/sc28/SC-28/1_definition/SC-28/camera.py","capture_and_detect","263","","","","","","","","","","","","","","","","","0","","","","","","","","","","","","","","","","","","","","","","","","","","","","",""
"998.233161643","2026-05-12 19:20:59.103300","/home/sc28/SC-28/1_definition/SC-28/camera.py","capture_and_detect","264","","","","","","","","","","","","","","","","53.5","","","","","","","","","","","","","","","","","","","","","","","","","","","","","",""
"998.240981184","2026-05-12 19:20:59.111127","/home/sc28/SC-28/1_definition/SC-28/camera.py","capture_and_detect","265","","","","","","","","","","","","","","","","","","7","106","","","","","","","","","","","","","","","","","","","","","","","","","","",""
"998.244223844","2026-05-12 19:20:59.114370","/home/sc28/SC-28/1_definition/SC-28/camera.py","capture_and_detect","266","","","","","","","","","","","","","","","","","","","","640","480","","","","","","","","","","","","","","","","","","","","","","","","",""
"998.315702528","2026-05-12 19:20:59.185847","/home/sc28/SC-28/1_definition/SC-28/camera.py","capture_and_detect","263","","","","","","","","","","","","","","","","","0","","","","","","","","","","","","","","","","","","","","","","","","","","","","",""
"998.320326752","2026-05-12 19:20:59.190473","/home/sc28/SC-28/1_definition/SC-28/camera.py","capture_and_detect","264","","","","","","","","","","","","","","","","0.0","","","","","","","","","","","","","","","","","","","","","","","","","","","","","",""
"998.323694257","2026-05-12 19:20:59.193839","/home/sc28/SC-28/1_definition/SC-28/camera.py","capture_and_detect","265","","","","","","","","","","","","","","","","","","320","240","","","","","","","","","","","","","","","","","","","","","","","","","","",""
"998.330688588","2026-05-12 19:20:59.200842","/home/sc28/SC-28/1_definition/SC-28/camera.py","capture_and_detect","266","","","","","","","","","","","","","","","","","","","","640","480","","","","","","","","","","","","","","","","","","","","","","","","",""
"998.400853208","2026-05-12 19:20:59.270998","/home/sc28/SC-28/1_definition/SC-28/camera.py","capture_and_detect","263","","","","","","","","","","","","","","","","","0","","","","","","","","","","","","","","","","","","","","","","","","","","","","",""
"998.4043354","2026-05-12 19:20:59.274478","/home/sc28/SC-28/1_definition/SC-28/camera.py","capture_and_detect","264","","","","","","","","","","","","","","","","0.0","","","","","","","","","","","","","","","","","","","","","","","","","","","","","",""
"998.407581446","2026-05-12 19:20:59.277729","/home/sc28/SC-28/1_definition/SC-28/camera.py","capture_and_detect","265","","","","","","","","","","","","","","","","","","320","240","","","","","","","","","","","","","","","","","","","","","","","","","","",""
"998.410691397","2026-05-12 19:20:59.280836","/home/sc28/SC-28/1_definition/SC-28/camera.py","capture_and_detect","266","","","","","","","","","","","","","","","","","","","","640","480","","","","","","","","","","","","","","","","","","","","","","","","",""
"998.47983737","2026-05-12 19:20:59.349981","/home/sc28/SC-28/1_definition/SC-28/camera.py","capture_and_detect","263","","","","","","","","","","","","","","","","","0","","","","","","","","","","","","","","","","","","","","","","","","","","","","",""
"998.486738108","2026-05-12 19:20:59.356877","/home/sc28/SC-28/1_definition/SC-28/camera.py","capture_and_detect","264","","","","","","","","","","","","","","","","0.0","","","","","","","","","","","","","","","","","","","","","","","","","","","","","",""
"998.489848268","2026-05-12 19:20:59.360000","/home/sc28/SC-28/1_definition/SC-28/camera.py","capture_and_detect","265","","","","","","","","","","","","","","","","","","320","240","","","","","","","","","","","","","","","","","","","","","","","","","","",""
"998.492954365","2026-05-12 19:20:59.363103","/home/sc28/SC-28/1_definition/SC-28/camera.py","capture_and_detect","266","","","","","","","","","","","","","","","","","","","","640","480","","","","","","","","","","","","","","","","","","","","","","","","",""
"998.563477475","2026-05-12 19:20:59.433623","/home/sc28/SC-28/1_definition/SC-28/camera.py","capture_and_detect","263","","","","","","","","","","","","","","","","","0","","","","","","","","","","","","","","","","","","","","","","","","","","","","",""
"998.567142323","2026-05-12 19:20:59.437286","/home/sc28/SC-28/1_definition/SC-28/camera.py","capture_and_detect","264","","","","","","","","","","","","","","","","0.0","","","","","","","","","","","","","","","","","","","","","","","","","","","","","",""
"998.570265765","2026-05-12 19:20:59.440413","/home/sc28/SC-28/1_definition/SC-28/camera.py","capture_and_detect","265","","","","","","","","","","","","","","","","","","320","240","","","","","","","","","","","","","","","","","","","","","","","","","","",""
"998.577335826","2026-05-12 19:20:59.447488","/home/sc28/SC-28/1_definition/SC-28/camera.py","capture_and_detect","266","","","","","","","","","","","","","","","","","","","","640","480","","","","","","","","","","","","","","","","","","","","","","","","",""
"998.651506284","2026-05-12 19:20:59.521650","/home/sc28/SC-28/1_definition/SC-28/camera.py","capture_and_detect","263","","","","","","","","","","","","","","","","","0","","","","","","","","","","","","","","","","","","","","","","","","","","","","",""
"998.657793219","2026-05-12 19:20:59.527941","/home/sc28/SC-28/1_definition/SC-28/camera.py","capture_and_detect","264","","","","","","","","","","","","","","","","0.0","","","","","","","","","","","","","","","","","","","","","","","","","","","","","",""
"998.66109989","2026-05-12 19:20:59.531251","/home/sc28/SC-28/1_definition/SC-28/camera.py","capture_and_detect","265","","","","","","","","","","","","","","","","","","320","240","","","","","","","","","","","","","","","","","","","","","","","","","","",""
"998.664620259","2026-05-12 19:20:59.534773","/home/sc28/SC-28/1_definition/SC-28/camera.py","capture_and_detect","266","","","","","","","","","","","","","","","","","","","","640","480","","","","","","","","","","","","","","","","","","","","","","","","",""
"998.739472176","2026-05-12 19:20:59.609616","/home/sc28/SC-28/1_definition/SC-28/camera.py","capture_and_detect","263","","","","","","","","","","","","","","","","","0","","","","","","","","","","","","","","","","","","","","","","","","","","","","",""
"998.742885097","2026-05-12 19:20:59.613025","/home/sc28/SC-28/1_definition/SC-28/camera.py","capture_and_detect","264","","","","","","","","","","","","","","","","0.0","","","","","","","","","","","","","","","","","","","","","","","","","","","","","",""
"998.745866767","2026-05-12 19:20:59.616012","/home/sc28/SC-28/1_definition/SC-28/camera.py","capture_and_detect","265","","","","","","","","","","","","","","","","","","320","240","","","","","","","","","","","","","","","","","","","","","","","","","","",""
"998.748745885","2026-05-12 19:20:59.618889","/home/sc28/SC-28/1_definition/SC-28/camera.py","capture_and_detect","266","","","","","","","","","","","","","","","","","","","","640","480","","","","","","","","","","","","","","","","","","","","","","","","",""
"998.818591963","2026-05-12 19:20:59.688740","/home/sc28/SC-28/1_definition/SC-28/camera.py","capture_and_detect","263","","","","","","","","","","","","","","","","","0","","","","","","","","","","","","","","","","","","","","","","","","","","","","",""
"998.822034467","2026-05-12 19:20:59.692175","/home/sc28/SC-28/1_definition/SC-28/camera.py","capture_and_detect","264","","","","","","","","","","","","","","","","0.0","","","","","","","","","","","","","","","","","","","","","","","","","","","","","",""
"998.828384162","2026-05-12 19:20:59.698526","/home/sc28/SC-28/1_definition/SC-28/camera.py","capture_and_detect","265","","","","","","","","","","","","","","","","","","320","240","","","","","","","","","","","","","","","","","","","","","","","","","","",""
"998.831207968","2026-05-12 19:20:59.701349","/home/sc28/SC-28/1_definition/SC-28/camera.py","capture_and_detect","266","","","","","","","","","","","","","","","","","","","","640","480","","","","","","","","","","","","","","","","","","","","","","","","",""
"998.906041396","2026-05-12 19:20:59.776193","/home/sc28/SC-28/1_definition/SC-28/camera.py","capture_and_detect","263","","","","","","","","","","","","","","","","","0","","","","","","","","","","","","","","","","","","","","","","","","","","","","",""
"998.909578171","2026-05-12 19:20:59.779740","/home/sc28/SC-28/1_definition/SC-28/camera.py","capture_and_detect","264","","","","","","","","","","","","","","","","0.0","","","","","","","","","","","","","","","","","","","","","","","","","","","","","",""
"998.913114009","2026-05-12 19:20:59.783261","/home/sc28/SC-28/1_definition/SC-28/camera.py","capture_and_detect","265","","","","","","","","","","","","","","","","","","320","240","","","","","","","","","","","","","","","","","","","","","","","","","","",""
"998.916530159","2026-05-12 19:20:59.786688","/home/sc28/SC-28/1_definition/SC-28/camera.py","capture_and_detect","266","","","","","","","","","","","","","","","","","","","","640","480","","","","","","","","","","","","","","","","","","","","","","","","",""
"998.993079891","2026-05-12 19:20:59.863225","/home/sc28/SC-28/1_definition/SC-28/camera.py","capture_and_detect","263","","","","","","","","","","","","","","","","","0","","","","","","","","","","","","","","","","","","","","","","","","","","","","",""
"998.996743437","2026-05-12 19:20:59.866887","/home/sc28/SC-28/1_definition/SC-28/camera.py","capture_and_detect","264","","","","","","","","","","","","","","","","0.0","","","","","","","","","","","","","","","","","","","","","","","","","","","","","",""
"999.000145629","2026-05-12 19:20:59.870297","/home/sc28/SC-28/1_definition/SC-28/camera.py","capture_and_detect","265","","","","","","","","","","","","","","","","","","320","240","","","","","","","","","","","","","","","","","","","","","","","","","","",""
"999.003302299","2026-05-12 19:20:59.873450","/home/sc28/SC-28/1_definition/SC-28/camera.py","capture_and_detect","266","","","","","","","","","","","","","","","","","","","","640","480","","","","","","","","","","","","","","","","","","","","","","","","",""
"999.081742867","2026-05-12 19:20:59.951890","/home/sc28/SC-28/1_definition/SC-28/camera.py","capture_and_detect","263","","","","","","","","","","","","","","","","","0","","","","","","","","","","","","","","","","","","","","","","","","","","","","",""
"999.089089543","2026-05-12 19:20:59.959236","/home/sc28/SC-28/1_definition/SC-28/camera.py","capture_and_detect","264","","","","","","","","","","","","","","","","0.0","","","","","","","","","","","","","","","","","","","","","","","","","","","","","",""
"999.09265861","2026-05-12 19:20:59.962809","/home/sc28/SC-28/1_definition/SC-28/camera.py","capture_and_detect","265","","","","","","","","","","","","","","","","","","320","240","","","","","","","","","","","","","","","","","","","","","","","","","","",""
"999.095989343","2026-05-12 19:20:59.966203","/home/sc28/SC-28/1_definition/SC-28/camera.py","capture_and_detect","266","","","","","","","","","","","","","","","","","","","","640","480","","","","","","","","","","","","","","","","","","","","","","","","",""
"999.170818448","2026-05-12 19:21:00.040963","/home/sc28/SC-28/1_definition/SC-28/camera.py","capture_and_detect","263","","","","","","","","","","","","","","","","","0","","","","","","","","","","","","","","","","","","","","","","","","","","","","",""
"999.17494762","2026-05-12 19:21:00.045103","/home/sc28/SC-28/1_definition/SC-28/camera.py","capture_and_detect","264","","","","","","","","","","","","","","","","0.0","","","","","","","","","","","","","","","","","","","","","","","","","","","","","",""
"999.17822752","2026-05-12 19:21:00.048372","/home/sc28/SC-28/1_definition/SC-28/camera.py","capture_and_detect","265","","","","","","","","","","","","","","","","","","320","240","","","","","","","","","","","","","","","","","","","","","","","","","","",""
"999.184819611","2026-05-12 19:21:00.054966","/home/sc28/SC-28/1_definition/SC-28/camera.py","capture_and_detect","266","","","","","","","","","","","","","","","","","","","","640","480","","","","","","","","","","","","","","","","","","","","","","","","",""
"999.267217737","2026-05-12 19:21:00.137363","/home/sc28/SC-28/1_definition/SC-28/camera.py","capture_and_detect","263","","","","","","","","","","","","","","","","","0","","","","","","","","","","","","","","","","","","","","","","","","","","","","",""
"999.270571127","2026-05-12 19:21:00.140711","/home/sc28/SC-28/1_definition/SC-28/camera.py","capture_and_detect","264","","","","","","","","","","","","","","","","0.0","","","","","","","","","","","","","","","","","","","","","","","","","","","","","",""
"999.273443734","2026-05-12 19:21:00.143585","/home/sc28/SC-28/1_definition/SC-28/camera.py","capture_and_detect","265","","","","","","","","","","","","","","","","","","320","240","","","","","","","","","","","","","","","","","","","","","","","","","","",""
"999.276444207","2026-05-12 19:21:00.146592","/home/sc28/SC-28/1_definition/SC-28/camera.py","capture_and_detect","266","","","","","","","","","","","","","","","","","","","","640","480","","","","","","","","","","","","","","","","","","","","","","","","",""
"999.350861958","2026-05-12 19:21:00.221006","/home/sc28/SC-28/1_definition/SC-28/camera.py","capture_and_detect","263","","","","","","","","","","","","","","","","","0","","","","","","","","","","","","","","","","","","","","","","","","","","","","",""
"999.354210243","2026-05-12 19:21:00.224351","/home/sc28/SC-28/1_definition/SC-28/camera.py","capture_and_detect","264","","","","","","","","","","","","","","","","0.0","","","","","","","","","","","","","","","","","","","","","","","","","","","","","",""
"999.357147538","2026-05-12 19:21:00.227292","/home/sc28/SC-28/1_definition/SC-28/camera.py","capture_and_detect","265","","","","","","","","","","","","","","","","","","320","240","","","","","","","","","","","","","","","","","","","","","","","","","","",""
"999.359997698","2026-05-12 19:21:00.230193","/home/sc28/SC-28/1_definition/SC-28/camera.py","capture_and_detect","266","","","","","","","","","","","","","","","","","","","","640","480","","","","","","","","","","","","","","","","","","","","","","","","",""
"999.436371962","2026-05-12 19:21:00.306521","/home/sc28/SC-28/1_definition/SC-28/camera.py","capture_and_detect","263","","","","","","","","","","","","","","","","","0","","","","","","","","","","","","","","","","","","","","","","","","","","","","",""
"999.44011504","2026-05-12 19:21:00.310254","/home/sc28/SC-28/1_definition/SC-28/camera.py","capture_and_detect","264","","","","","","","","","","","","","","","","22.5","","","","","","","","","","","","","","","","","","","","","","","","","","","","","",""
"999.446818746","2026-05-12 19:21:00.316966","/home/sc28/SC-28/1_definition/SC-28/camera.py","capture_and_detect","265","","","","","","","","","","","","","","","","","","4","159","","","","","","","","","","","","","","","","","","","","","","","","","","",""
"999.449856458","2026-05-12 19:21:00.319999","/home/sc28/SC-28/1_definition/SC-28/camera.py","capture_and_detect","266","","","","","","","","","","","","","","","","","","","","640","480","","","","","","","","","","","","","","","","","","","","","","","","",""
"999.534943077","2026-05-12 19:21:00.405096","/home/sc28/SC-28/1_definition/SC-28/camera.py","capture_and_detect","263","","","","","","","","","","","","","","","","","0","","","","","","","","","","","","","","","","","","","","","","","","","","","","",""
"999.539796937","2026-05-12 19:21:00.409938","/home/sc28/SC-28/1_definition/SC-28/camera.py","capture_and_detect","264","","","","","","","","","","","","","","","","21.5","","","","","","","","","","","","","","","","","","","","","","","","","","","","","",""
"999.543656942","2026-05-12 19:21:00.413812","/home/sc28/SC-28/1_definition/SC-28/camera.py","capture_and_detect","265","","","","","","","","","","","","","","","","","","6","147","","","","","","","","","","","","","","","","","","","","","","","","","","",""
"999.548927365","2026-05-12 19:21:00.419079","/home/sc28/SC-28/1_definition/SC-28/camera.py","capture_and_detect","266","","","","","","","","","","","","","","","","","","","","640","480","","","","","","","","","","","","","","","","","","","","","","","","",""
"999.629681738","2026-05-12 19:21:00.499831","/home/sc28/SC-28/1_definition/SC-28/camera.py","capture_and_detect","263","","","","","","","","","","","","","","","","","0","","","","","","","","","","","","","","","","","","","","","","","","","","","","",""
"999.6335444","2026-05-12 19:21:00.503689","/home/sc28/SC-28/1_definition/SC-28/camera.py","capture_and_detect","264","","","","","","","","","","","","","","","","60.0","","","","","","","","","","","","","","","","","","","","","","","","","","","","","",""
"999.647427751","2026-05-12 19:21:00.517575","/home/sc28/SC-28/1_definition/SC-28/camera.py","capture_and_detect","265","","","","","","","","","","","","","","","","","","13","120","","","","","","","","","","","","","","","","","","","","","","","","","","",""
"999.652576924","2026-05-12 19:21:00.522724","/home/sc28/SC-28/1_definition/SC-28/camera.py","capture_and_detect","266","","","","","","","","","","","","","","","","","","","","640","480","","","","","","","","","","","","","","","","","","","","","","","","",""
"999.724556025","2026-05-12 19:21:00.594701","/home/sc28/SC-28/1_definition/SC-28/camera.py","capture_and_detect","263","","","","","","","","","","","","","","","","","0","","","","","","","","","","","","","","","","","","","","","","","","","","","","",""
"999.731380878","2026-05-12 19:21:00.601519","/home/sc28/SC-28/1_definition/SC-28/camera.py","capture_and_detect","264","","","","","","","","","","","","","","","","62.0","","","","","","","","","","","","","","","","","","","","","","","","","","","","","",""
"999.735142029","2026-05-12 19:21:00.605300","/home/sc28/SC-28/1_definition/SC-28/camera.py","capture_and_detect","265","","","","","","","","","","","","","","","","","","21","108","","","","","","","","","","","","","","","","","","","","","","","","","","",""
"999.739104534","2026-05-12 19:21:00.609252","/home/sc28/SC-28/1_definition/SC-28/camera.py","capture_and_detect","266","","","","","","","","","","","","","","","","","","","","640","480","","","","","","","","","","","","","","","","","","","","","","","","",""
"999.811242333","2026-05-12 19:21:00.681386","/home/sc28/SC-28/1_definition/SC-28/camera.py","capture_and_detect","263","","","","","","","","","","","","","","","","","0","","","","","","","","","","","","","","","","","","","","","","","","","","","","",""
"999.814563015","2026-05-12 19:21:00.684702","/home/sc28/SC-28/1_definition/SC-28/camera.py","capture_and_detect","264","","","","","","","","","","","","","","","","69.0","","","","","","","","","","","","","","","","","","","","","","","","","","","","","",""
"999.817457966","2026-05-12 19:21:00.687600","/home/sc28/SC-28/1_definition/SC-28/camera.py","capture_and_detect","265","","","","","","","","","","","","","","","","","","22","110","","","","","","","","","","","","","","","","","","","","","","","","","","",""
"999.823798756","2026-05-12 19:21:00.693941","/home/sc28/SC-28/1_definition/SC-28/camera.py","capture_and_detect","266","","","","","","","","","","","","","","","","","","","","640","480","","","","","","","","","","","","","","","","","","","","","","","","",""
"999.897280568","2026-05-12 19:21:00.767424","/home/sc28/SC-28/1_definition/SC-28/camera.py","capture_and_detect","263","","","","","","","","","","","","","","","","","0","","","","","","","","","","","","","","","","","","","","","","","","","","","","",""
"999.900616613","2026-05-12 19:21:00.770749","/home/sc28/SC-28/1_definition/SC-28/camera.py","capture_and_detect","264","","","","","","","","","","","","","","","","52.5","","","","","","","","","","","","","","","","","","","","","","","","","","","","","",""
"999.903499117","2026-05-12 19:21:00.773641","/home/sc28/SC-28/1_definition/SC-28/camera.py","capture_and_detect","265","","","","","","","","","","","","","","","","","","36","113","","","","","","","","","","","","","","","","","","","","","","","","","","",""
"999.90636235","2026-05-12 19:21:00.776505","/home/sc28/SC-28/1_definition/SC-28/camera.py","capture_and_detect","266","","","","","","","","","","","","","","","","","","","","640","480","","","","","","","","","","","","","","","","","","","","","","","","",""
"999.977071919","2026-05-12 19:21:00.847219","/home/sc28/SC-28/1_definition/SC-28/camera.py","capture_and_detect","263","","","","","","","","","","","","","","","","","0","","","","","","","","","","","","","","","","","","","","","","","","","","","","",""
"999.983839427","2026-05-12 19:21:00.853978","/home/sc28/SC-28/1_definition/SC-28/camera.py","capture_and_detect","264","","","","","","","","","","","","","","","","0.0","","","","","","","","","","","","","","","","","","","","","","","","","","","","","",""
"999.986760056","2026-05-12 19:21:00.856901","/home/sc28/SC-28/1_definition/SC-28/camera.py","capture_and_detect","265","","","","","","","","","","","","","","","","","","320","240","","","","","","","","","","","","","","","","","","","","","","","","","","",""
"999.990875999","2026-05-12 19:21:00.861022","/home/sc28/SC-28/1_definition/SC-28/camera.py","capture_and_detect","266","","","","","","","","","","","","","","","","","","","","640","480","","","","","","","","","","","","","","","","","","","","","","","","",""
"1000.059578638","2026-05-12 19:21:00.929726","/home/sc28/SC-28/1_definition/SC-28/camera.py","capture_and_detect","263","","","","","","","","","","","","","","","","","0","","","","","","","","","","","","","","","","","","","","","","","","","","","","",""
"1000.066367501","2026-05-12 19:21:00.936503","/home/sc28/SC-28/1_definition/SC-28/camera.py","capture_and_detect","264","","","","","","","","","","","","","","","","24.5","","","","","","","","","","","","","","","","","","","","","","","","","","","","","",""
"1000.074123657","2026-05-12 19:21:00.944272","/home/sc28/SC-28/1_definition/SC-28/camera.py","capture_and_detect","265","","","","","","","","","","","","","","","","","","57","80","","","","","","","","","","","","","","","","","","","","","","","","","","",""
"1000.077383036","2026-05-12 19:21:00.947531","/home/sc28/SC-28/1_definition/SC-28/camera.py","capture_and_detect","266","","","","","","","","","","","","","","","","","","","","640","480","","","","","","","","","","","","","","","","","","","","","","","","",""
"1000.1476425","2026-05-12 19:21:01.017788","/home/sc28/SC-28/1_definition/SC-28/camera.py","capture_and_detect","263","","","","","","","","","","","","","","","","","0","","","","","","","","","","","","","","","","","","","","","","","","","","","","",""
"1000.151060786","2026-05-12 19:21:01.021205","/home/sc28/SC-28/1_definition/SC-28/camera.py","capture_and_detect","264","","","","","","","","","","","","","","","","0.0","","","","","","","","","","","","","","","","","","","","","","","","","","","","","",""
"1000.154231571","2026-05-12 19:21:01.024374","/home/sc28/SC-28/1_definition/SC-28/camera.py","capture_and_detect","265","","","","","","","","","","","","","","","","","","320","240","","","","","","","","","","","","","","","","","","","","","","","","","","",""
"1000.157182877","2026-05-12 19:21:01.027326","/home/sc28/SC-28/1_definition/SC-28/camera.py","capture_and_detect","266","","","","","","","","","","","","","","","","","","","","640","480","","","","","","","","","","","","","","","","","","","","","","","","",""
"1000.23458308","2026-05-12 19:21:01.104729","/home/sc28/SC-28/1_definition/SC-28/camera.py","capture_and_detect","263","","","","","","","","","","","","","","","","","0","","","","","","","","","","","","","","","","","","","","","","","","","","","","",""
"1000.23801798","2026-05-12 19:21:01.108160","/home/sc28/SC-28/1_definition/SC-28/camera.py","capture_and_detect","264","","","","","","","","","","","","","","","","0.0","","","","","","","","","","","","","","","","","","","","","","","","","","","","","",""
"1000.241774339","2026-05-12 19:21:01.111929","/home/sc28/SC-28/1_definition/SC-28/camera.py","capture_and_detect","265","","","","","","","","","","","","","","","","","","320","240","","","","","","","","","","","","","","","","","","","","","","","","","","",""
"1000.244681687","2026-05-12 19:21:01.114827","/home/sc28/SC-28/1_definition/SC-28/camera.py","capture_and_detect","266","","","","","","","","","","","","","","","","","","","","640","480","","","","","","","","","","","","","","","","","","","","","","","","",""
"1000.321188503","2026-05-12 19:21:01.191338","/home/sc28/SC-28/1_definition/SC-28/camera.py","capture_and_detect","263","","","","","","","","","","","","","","","","","0","","","","","","","","","","","","","","","","","","","","","","","","","","","","",""
"1000.324921112","2026-05-12 19:21:01.195054","/home/sc28/SC-28/1_definition/SC-28/camera.py","capture_and_detect","264","","","","","","","","","","","","","","","","24.5","","","","","","","","","","","","","","","","","","","","","","","","","","","","","",""
"1000.331590808","2026-05-12 19:21:01.201732","/home/sc28/SC-28/1_definition/SC-28/camera.py","capture_and_detect","265","","","","","","","","","","","","","","","","","","114","12","","","","","","","","","","","","","","","","","","","","","","","","","","",""
"1000.335671074","2026-05-12 19:21:01.205816","/home/sc28/SC-28/1_definition/SC-28/camera.py","capture_and_detect","266","","","","","","","","","","","","","","","","","","","","640","480","","","","","","","","","","","","","","","","","","","","","","","","",""
"1000.40937221","2026-05-12 19:21:01.279515","/home/sc28/SC-28/1_definition/SC-28/camera.py","capture_and_detect","263","","","","","","","","","","","","","","","","","0","","","","","","","","","","","","","","","","","","","","","","","","","","","","",""
"1000.412614922","2026-05-12 19:21:01.282755","/home/sc28/SC-28/1_definition/SC-28/camera.py","capture_and_detect","264","","","","","","","","","","","","","","","","0.0","","","","","","","","","","","","","","","","","","","","","","","","","","","","","",""
"1000.415499926","2026-05-12 19:21:01.285644","/home/sc28/SC-28/1_definition/SC-28/camera.py","capture_and_detect","265","","","","","","","","","","","","","","","","","","320","240","","","","","","","","","","","","","","","","","","","","","","","","","","",""
"1000.422118216","2026-05-12 19:21:01.292261","/home/sc28/SC-28/1_definition/SC-28/camera.py","capture_and_detect","266","","","","","","","","","","","","","","","","","","","","640","480","","","","","","","","","","","","","","","","","","","","","","","","",""
"1000.490459553","2026-05-12 19:21:01.360615","/home/sc28/SC-28/1_definition/SC-28/camera.py","capture_and_detect","263","","","","","","","","","","","","","","","","","0","","","","","","","","","","","","","","","","","","","","","","","","","","","","",""
"1000.496363311","2026-05-12 19:21:01.366506","/home/sc28/SC-28/1_definition/SC-28/camera.py","capture_and_detect","264","","","","","","","","","","","","","","","","0.0","","","","","","","","","","","","","","","","","","","","","","","","","","","","","",""
"1000.500782014","2026-05-12 19:21:01.370930","/home/sc28/SC-28/1_definition/SC-28/camera.py","capture_and_detect","265","","","","","","","","","","","","","","","","","","320","240","","","","","","","","","","","","","","","","","","","","","","","","","","",""
"1000.503973112","2026-05-12 19:21:01.374175","/home/sc28/SC-28/1_definition/SC-28/camera.py","capture_and_detect","266","","","","","","","","","","","","","","","","","","","","640","480","","","","","","","","","","","","","","","","","","","","","","","","",""
"1000.571830855","2026-05-12 19:21:01.441978","/home/sc28/SC-28/1_definition/SC-28/camera.py","capture_and_detect","263","","","","","","","","","","","","","","","","","0","","","","","","","","","","","","","","","","","","","","","","","","","","","","",""
"1000.579289563","2026-05-12 19:21:01.449431","/home/sc28/SC-28/1_definition/SC-28/camera.py","capture_and_detect","264","","","","","","","","","","","","","","","","0.0","","","","","","","","","","","","","","","","","","","","","","","","","","","","","",""
"1000.58224941","2026-05-12 19:21:01.452392","/home/sc28/SC-28/1_definition/SC-28/camera.py","capture_and_detect","265","","","","","","","","","","","","","","","","","","320","240","","","","","","","","","","","","","","","","","","","","","","","","","","",""
"1000.585093008","2026-05-12 19:21:01.455235","/home/sc28/SC-28/1_definition/SC-28/camera.py","capture_and_detect","266","","","","","","","","","","","","","","","","","","","","640","480","","","","","","","","","","","","","","","","","","","","","","","","",""
"1000.658067111","2026-05-12 19:21:01.528217","/home/sc28/SC-28/1_definition/SC-28/camera.py","capture_and_detect","263","","","","","","","","","","","","","","","","","0","","","","","","","","","","","","","","","","","","","","","","","","","","","","",""
"1000.661982689","2026-05-12 19:21:01.532123","/home/sc28/SC-28/1_definition/SC-28/camera.py","capture_and_detect","264","","","","","","","","","","","","","","","","0.0","","","","","","","","","","","","","","","","","","","","","","","","","","","","","",""
"1000.665496704","2026-05-12 19:21:01.535646","/home/sc28/SC-28/1_definition/SC-28/camera.py","capture_and_detect","265","","","","","","","","","","","","","","","","","","320","240","","","","","","","","","","","","","","","","","","","","","","","","","","",""
"1000.673362704","2026-05-12 19:21:01.543509","/home/sc28/SC-28/1_definition/SC-28/camera.py","capture_and_detect","266","","","","","","","","","","","","","","","","","","","","640","480","","","","","","","","","","","","","","","","","","","","","","","","",""
"1000.74449566","2026-05-12 19:21:01.614638","/home/sc28/SC-28/1_definition/SC-28/camera.py","capture_and_detect","263","","","","","","","","","","","","","","","","","0","","","","","","","","","","","","","","","","","","","","","","","","","","","","",""
"1000.747716341","2026-05-12 19:21:01.617855","/home/sc28/SC-28/1_definition/SC-28/camera.py","capture_and_detect","264","","","","","","","","","","","","","","","","0.0","","","","","","","","","","","","","","","","","","","","","","","","","","","","","",""
"1000.750640407","2026-05-12 19:21:01.620782","/home/sc28/SC-28/1_definition/SC-28/camera.py","capture_and_detect","265","","","","","","","","","","","","","","","","","","320","240","","","","","","","","","","","","","","","","","","","","","","","","","","",""
"1000.753419108","2026-05-12 19:21:01.623559","/home/sc28/SC-28/1_definition/SC-28/camera.py","capture_and_detect","266","","","","","","","","","","","","","","","","","","","","640","480","","","","","","","","","","","","","","","","","","","","","","","","",""
"1000.827200192","2026-05-12 19:21:01.697347","/home/sc28/SC-28/1_definition/SC-28/camera.py","capture_and_detect","263","","","","","","","","","","","","","","","","","0","","","","","","","","","","","","","","","","","","","","","","","","","","","","",""
"1000.831172437","2026-05-12 19:21:01.701315","/home/sc28/SC-28/1_definition/SC-28/camera.py","capture_and_detect","264","","","","","","","","","","","","","","","","0.0","","","","","","","","","","","","","","","","","","","","","","","","","","","","","",""
"1000.83424041","2026-05-12 19:21:01.704387","/home/sc28/SC-28/1_definition/SC-28/camera.py","capture_and_detect","265","","","","","","","","","","","","","","","","","","320","240","","","","","","","","","","","","","","","","","","","","","","","","","","",""
"1000.837532289","2026-05-12 19:21:01.707679","/home/sc28/SC-28/1_definition/SC-28/camera.py","capture_and_detect","266","","","","","","","","","","","","","","","","","","","","640","480","","","","","","","","","","","","","","","","","","","","","","","","",""
"1000.907424149","2026-05-12 19:21:01.777571","/home/sc28/SC-28/1_definition/SC-28/camera.py","capture_and_detect","263","","","","","","","","","","","","","","","","","0","","","","","","","","","","","","","","","","","","","","","","","","","","","","",""
"1000.910775768","2026-05-12 19:21:01.780908","/home/sc28/SC-28/1_definition/SC-28/camera.py","capture_and_detect","264","","","","","","","","","","","","","","","","24.5","","","","","","","","","","","","","","","","","","","","","","","","","","","","","",""
"1000.91735687","2026-05-12 19:21:01.787503","/home/sc28/SC-28/1_definition/SC-28/camera.py","capture_and_detect","265","","","","","","","","","","","","","","","","","","190","155","","","","","","","","","","","","","","","","","","","","","","","","","","",""
"1000.920225259","2026-05-12 19:21:01.790370","/home/sc28/SC-28/1_definition/SC-28/camera.py","capture_and_detect","266","","","","","","","","","","","","","","","","","","","","640","480","","","","","","","","","","","","","","","","","","","","","","","","",""
"1000.98843342","2026-05-12 19:21:01.858580","/home/sc28/SC-28/1_definition/SC-28/camera.py","capture_and_detect","263","","","","","","","","","","","","","","","","","0","","","","","","","","","","","","","","","","","","","","","","","","","","","","",""
"1000.991675247","2026-05-12 19:21:01.861812","/home/sc28/SC-28/1_definition/SC-28/camera.py","capture_and_detect","264","","","","","","","","","","","","","","","","21.0","","","","","","","","","","","","","","","","","","","","","","","","","","","","","",""
"1000.997005983","2026-05-12 19:21:01.867150","/home/sc28/SC-28/1_definition/SC-28/camera.py","capture_and_detect","265","","","","","","","","","","","","","","","","","","192","152","","","","","","","","","","","","","","","","","","","","","","","","","","",""
"1001.078154316","2026-05-12 19:21:01.948302","/home/sc28/SC-28/1_definition/SC-28/camera.py","capture_and_detect","266","","","","","","","","","","","","","","","","","","","","640","480","","","","","","","","","","","","","","","","","","","","","","","","",""
"1001.188665916","2026-05-12 19:21:02.058811","/home/sc28/SC-28/1_definition/SC-28/camera.py","capture_and_detect","263","","","","","","","","","","","","","","","","","0","","","","","","","","","","","","","","","","","","","","","","","","","","","","",""
"1001.234560506","2026-05-12 19:21:02.104701","/home/sc28/SC-28/1_definition/SC-28/camera.py","capture_and_detect","264","","","","","","","","","","","","","","","","26.0","","","","","","","","","","","","","","","","","","","","","","","","","","","","","",""
"1001.28140114","2026-05-12 19:21:02.151550","/home/sc28/SC-28/1_definition/SC-28/camera.py","capture_and_detect","265","","","","","","","","","","","","","","","","","","195","161","","","","","","","","","","","","","","","","","","","","","","","","","","",""
"1001.327107813","2026-05-12 19:21:02.197253","/home/sc28/SC-28/1_definition/SC-28/camera.py","capture_and_detect","266","","","","","","","","","","","","","","","","","","","","640","480","","","","","","","","","","","","","","","","","","","","","","","","",""
"1001.43672608","2026-05-12 19:21:02.306871","/home/sc28/SC-28/1_definition/SC-28/camera.py","capture_and_detect","263","","","","","","","","","","","","","","","","","0","","","","","","","","","","","","","","","","","","","","","","","","","","","","",""
"1001.487454478","2026-05-12 19:21:02.357595","/home/sc28/SC-28/1_definition/SC-28/camera.py","capture_and_detect","264","","","","","","","","","","","","","","","","28.0","","","","","","","","","","","","","","","","","","","","","","","","","","","","","",""
"1001.534206414","2026-05-12 19:21:02.404355","/home/sc28/SC-28/1_definition/SC-28/camera.py","capture_and_detect","265","","","","","","","","","","","","","","","","","","219","166","","","","","","","","","","","","","","","","","","","","","","","","","","",""
"1001.537354439","2026-05-12 19:21:02.407505","/home/sc28/SC-28/1_definition/SC-28/camera.py","capture_and_detect","266","","","","","","","","","","","","","","","","","","","","640","480","","","","","","","","","","","","","","","","","","","","","","","","",""
"1001.609189427","2026-05-12 19:21:02.479344","/home/sc28/SC-28/1_definition/SC-28/camera.py","capture_and_detect","263","","","","","","","","","","","","","","","","","0","","","","","","","","","","","","","","","","","","","","","","","","","","","","",""
"1001.613440266","2026-05-12 19:21:02.483573","/home/sc28/SC-28/1_definition/SC-28/camera.py","capture_and_detect","264","","","","","","","","","","","","","","","","23.5","","","","","","","","","","","","","","","","","","","","","","","","","","","","","",""
"1001.616495322","2026-05-12 19:21:02.486639","/home/sc28/SC-28/1_definition/SC-28/camera.py","capture_and_detect","265","","","","","","","","","","","","","","","","","","215","180","","","","","","","","","","","","","","","","","","","","","","","","","","",""
"1001.62313731","2026-05-12 19:21:02.493280","/home/sc28/SC-28/1_definition/SC-28/camera.py","capture_and_detect","266","","","","","","","","","","","","","","","","","","","","640","480","","","","","","","","","","","","","","","","","","","","","","","","",""
"1001.691544013","2026-05-12 19:21:02.561688","/home/sc28/SC-28/1_definition/SC-28/camera.py","capture_and_detect","263","","","","","","","","","","","","","","","","","0","","","","","","","","","","","","","","","","","","","","","","","","","","","","",""
"1001.694955684","2026-05-12 19:21:02.565094","/home/sc28/SC-28/1_definition/SC-28/camera.py","capture_and_detect","264","","","","","","","","","","","","","","","","26.0","","","","","","","","","","","","","","","","","","","","","","","","","","","","","",""
"1001.699023189","2026-05-12 19:21:02.569170","/home/sc28/SC-28/1_definition/SC-28/camera.py","capture_and_detect","265","","","","","","","","","","","","","","","","","","212","188","","","","","","","","","","","","","","","","","","","","","","","","","","",""
"1001.701884495","2026-05-12 19:21:02.572028","/home/sc28/SC-28/1_definition/SC-28/camera.py","capture_and_detect","266","","","","","","","","","","","","","","","","","","","","640","480","","","","","","","","","","","","","","","","","","","","","","","","",""
"1001.773449379","2026-05-12 19:21:02.643593","/home/sc28/SC-28/1_definition/SC-28/camera.py","capture_and_detect","263","","","","","","","","","","","","","","","","","0","","","","","","","","","","","","","","","","","","","","","","","","","","","","",""
"1001.776794435","2026-05-12 19:21:02.646928","/home/sc28/SC-28/1_definition/SC-28/camera.py","capture_and_detect","264","","","","","","","","","","","","","","","","46.5","","","","","","","","","","","","","","","","","","","","","","","","","","","","","",""
"1001.779822147","2026-05-12 19:21:02.649974","/home/sc28/SC-28/1_definition/SC-28/camera.py","capture_and_detect","265","","","","","","","","","","","","","","","","","","215","6","","","","","","","","","","","","","","","","","","","","","","","","","","",""
"1001.783499704","2026-05-12 19:21:02.653650","/home/sc28/SC-28/1_definition/SC-28/camera.py","capture_and_detect","266","","","","","","","","","","","","","","","","","","","","640","480","","","","","","","","","","","","","","","","","","","","","","","","",""
"1001.857041882","2026-05-12 19:21:02.727187","/home/sc28/SC-28/1_definition/SC-28/camera.py","capture_and_detect","263","","","","","","","","","","","","","","","","","0","","","","","","","","","","","","","","","","","","","","","","","","","","","","",""
"1001.860323866","2026-05-12 19:21:02.730457","/home/sc28/SC-28/1_definition/SC-28/camera.py","capture_and_detect","264","","","","","","","","","","","","","","","","33.5","","","","","","","","","","","","","","","","","","","","","","","","","","","","","",""
"1001.867001583","2026-05-12 19:21:02.737146","/home/sc28/SC-28/1_definition/SC-28/camera.py","capture_and_detect","265","","","","","","","","","","","","","","","","","","216","11","","","","","","","","","","","","","","","","","","","","","","","","","","",""
"1001.86984617","2026-05-12 19:21:02.739987","/home/sc28/SC-28/1_definition/SC-28/camera.py","capture_and_detect","266","","","","","","","","","","","","","","","","","","","","640","480","","","","","","","","","","","","","","","","","","","","","","","","",""
"1001.9449746","2026-05-12 19:21:02.815124","/home/sc28/SC-28/1_definition/SC-28/camera.py","capture_and_detect","263","","","","","","","","","","","","","","","","","0","","","","","","","","","","","","","","","","","","","","","","","","","","","","",""
"1001.948734553","2026-05-12 19:21:02.818880","/home/sc28/SC-28/1_definition/SC-28/camera.py","capture_and_detect","264","","","","","","","","","","","","","","","","40.0","","","","","","","","","","","","","","","","","","","","","","","","","","","","","",""
"1001.953326538","2026-05-12 19:21:02.823472","/home/sc28/SC-28/1_definition/SC-28/camera.py","capture_and_detect","265","","","","","","","","","","","","","","","","","","220","10","","","","","","","","","","","","","","","","","","","","","","","","","","",""
"1001.956316854","2026-05-12 19:21:02.826462","/home/sc28/SC-28/1_definition/SC-28/camera.py","capture_and_detect","266","","","","","","","","","","","","","","","","","","","","640","480","","","","","","","","","","","","","","","","","","","","","","","","",""
"1002.032655911","2026-05-12 19:21:02.902800","/home/sc28/SC-28/1_definition/SC-28/camera.py","capture_and_detect","263","","","","","","","","","","","","","","","","","0","","","","","","","","","","","","","","","","","","","","","","","","","","","","",""
"1002.037018573","2026-05-12 19:21:02.907159","/home/sc28/SC-28/1_definition/SC-28/camera.py","capture_and_detect","264","","","","","","","","","","","","","","","","45.0","","","","","","","","","","","","","","","","","","","","","","","","","","","","","",""
"1002.039863368","2026-05-12 19:21:02.910005","/home/sc28/SC-28/1_definition/SC-28/camera.py","capture_and_detect","265","","","","","","","","","","","","","","","","","","229","11","","","","","","","","","","","","","","","","","","","","","","","","","","",""
"1002.042705039","2026-05-12 19:21:02.912846","/home/sc28/SC-28/1_definition/SC-28/camera.py","capture_and_detect","266","","","","","","","","","","","","","","","","","","","","640","480","","","","","","","","","","","","","","","","","","","","","","","","",""
"1002.116345915","2026-05-12 19:21:02.986505","/home/sc28/SC-28/1_definition/SC-28/camera.py","capture_and_detect","263","","","","","","","","","","","","","","","","","0","","","","","","","","","","","","","","","","","","","","","","","","","","","","",""
"1002.123919466","2026-05-12 19:21:02.994054","/home/sc28/SC-28/1_definition/SC-28/camera.py","capture_and_detect","264","","","","","","","","","","","","","","","","42.5","","","","","","","","","","","","","","","","","","","","","","","","","","","","","",""
"1002.126923637","2026-05-12 19:21:02.997069","/home/sc28/SC-28/1_definition/SC-28/camera.py","capture_and_detect","265","","","","","","","","","","","","","","","","","","229","5","","","","","","","","","","","","","","","","","","","","","","","","","","",""
"1002.129817286","2026-05-12 19:21:02.999959","/home/sc28/SC-28/1_definition/SC-28/camera.py","capture_and_detect","266","","","","","","","","","","","","","","","","","","","","640","480","","","","","","","","","","","","","","","","","","","","","","","","",""
"1002.203070923","2026-05-12 19:21:03.073221","/home/sc28/SC-28/1_definition/SC-28/camera.py","capture_and_detect","263","","","","","","","","","","","","","","","","","0","","","","","","","","","","","","","","","","","","","","","","","","","","","","",""
"1002.208964212","2026-05-12 19:21:03.079110","/home/sc28/SC-28/1_definition/SC-28/camera.py","capture_and_detect","264","","","","","","","","","","","","","","","","45.0","","","","","","","","","","","","","","","","","","","","","","","","","","","","","",""
"1002.212437863","2026-05-12 19:21:03.082593","/home/sc28/SC-28/1_definition/SC-28/camera.py","capture_and_detect","265","","","","","","","","","","","","","","","","","","230","3","","","","","","","","","","","","","","","","","","","","","","","","","","",""
"1002.219678549","2026-05-12 19:21:03.089826","/home/sc28/SC-28/1_definition/SC-28/camera.py","capture_and_detect","266","","","","","","","","","","","","","","","","","","","","640","480","","","","","","","","","","","","","","","","","","","","","","","","",""
"1002.287964315","2026-05-12 19:21:03.158109","/home/sc28/SC-28/1_definition/SC-28/camera.py","capture_and_detect","263","","","","","","","","","","","","","","","","","0","","","","","","","","","","","","","","","","","","","","","","","","","","","","",""
"1002.291341142","2026-05-12 19:21:03.161483","/home/sc28/SC-28/1_definition/SC-28/camera.py","capture_and_detect","264","","","","","","","","","","","","","","","","38.0","","","","","","","","","","","","","","","","","","","","","","","","","","","","","",""
"1002.294266875","2026-05-12 19:21:03.164411","/home/sc28/SC-28/1_definition/SC-28/camera.py","capture_and_detect","265","","","","","","","","","","","","","","","","","","189","300","","","","","","","","","","","","","","","","","","","","","","","","","","",""
"1002.297126306","2026-05-12 19:21:03.167270","/home/sc28/SC-28/1_definition/SC-28/camera.py","capture_and_detect","266","","","","","","","","","","","","","","","","","","","","640","480","","","","","","","","","","","","","","","","","","","","","","","","",""
"1002.375681044","2026-05-12 19:21:03.245829","/home/sc28/SC-28/1_definition/SC-28/camera.py","capture_and_detect","263","","","","","","","","","","","","","","","","","0","","","","","","","","","","","","","","","","","","","","","","","","","","","","",""
"1002.383975221","2026-05-12 19:21:03.254109","/home/sc28/SC-28/1_definition/SC-28/camera.py","capture_and_detect","264","","","","","","","","","","","","","","","","37.5","","","","","","","","","","","","","","","","","","","","","","","","","","","","","",""
"1002.386970798","2026-05-12 19:21:03.257113","/home/sc28/SC-28/1_definition/SC-28/camera.py","capture_and_detect","265","","","","","","","","","","","","","","","","","","216","188","","","","","","","","","","","","","","","","","","","","","","","","","","",""
"1002.389815072","2026-05-12 19:21:03.259957","/home/sc28/SC-28/1_definition/SC-28/camera.py","capture_and_detect","266","","","","","","","","","","","","","","","","","","","","640","480","","","","","","","","","","","","","","","","","","","","","","","","",""
"1002.4607673","2026-05-12 19:21:03.330911","/home/sc28/SC-28/1_definition/SC-28/camera.py","capture_and_detect","263","","","","","","","","","","","","","","","","","0","","","","","","","","","","","","","","","","","","","","","","","","","","","","",""
"1002.46412095","2026-05-12 19:21:03.334260","/home/sc28/SC-28/1_definition/SC-28/camera.py","capture_and_detect","264","","","","","","","","","","","","","","","","40.0","","","","","","","","","","","","","","","","","","","","","","","","","","","","","",""
"1002.47050424","2026-05-12 19:21:03.340646","/home/sc28/SC-28/1_definition/SC-28/camera.py","capture_and_detect","265","","","","","","","","","","","","","","","","","","230","2","","","","","","","","","","","","","","","","","","","","","","","","","","",""
"1002.473354452","2026-05-12 19:21:03.343496","/home/sc28/SC-28/1_definition/SC-28/camera.py","capture_and_detect","266","","","","","","","","","","","","","","","","","","","","640","480","","","","","","","","","","","","","","","","","","","","","","","","",""
"1002.547238506","2026-05-12 19:21:03.417390","/home/sc28/SC-28/1_definition/SC-28/camera.py","capture_and_detect","263","","","","","","","","","","","","","","","","","0","","","","","","","","","","","","","","","","","","","","","","","","","","","","",""
"1002.550954605","2026-05-12 19:21:03.421088","/home/sc28/SC-28/1_definition/SC-28/camera.py","capture_and_detect","264","","","","","","","","","","","","","","","","96.5","","","","","","","","","","","","","","","","","","","","","","","","","","","","","",""
"1002.553852682","2026-05-12 19:21:03.423993","/home/sc28/SC-28/1_definition/SC-28/camera.py","capture_and_detect","265","","","","","","","","","","","","","","","","","","172","303","","","","","","","","","","","","","","","","","","","","","","","","","","",""
"1002.55665581","2026-05-12 19:21:03.426797","/home/sc28/SC-28/1_definition/SC-28/camera.py","capture_and_detect","266","","","","","","","","","","","","","","","","","","","","640","480","","","","","","","","","","","","","","","","","","","","","","","","",""
"1002.628443977","2026-05-12 19:21:03.498592","/home/sc28/SC-28/1_definition/SC-28/camera.py","capture_and_detect","263","","","","","","","","","","","","","","","","","0","","","","","","","","","","","","","","","","","","","","","","","","","","","","",""
"1002.632129554","2026-05-12 19:21:03.502265","/home/sc28/SC-28/1_definition/SC-28/camera.py","capture_and_detect","264","","","","","","","","","","","","","","","","49.5","","","","","","","","","","","","","","","","","","","","","","","","","","","","","",""
"1002.63537159","2026-05-12 19:21:03.505519","/home/sc28/SC-28/1_definition/SC-28/camera.py","capture_and_detect","265","","","","","","","","","","","","","","","","","","168","312","","","","","","","","","","","","","","","","","","","","","","","","","","",""
"1002.642493005","2026-05-12 19:21:03.512640","/home/sc28/SC-28/1_definition/SC-28/camera.py","capture_and_detect","266","","","","","","","","","","","","","","","","","","","","640","480","","","","","","","","","","","","","","","","","","","","","","","","",""
"1002.716838675","2026-05-12 19:21:03.586982","/home/sc28/SC-28/1_definition/SC-28/camera.py","capture_and_detect","263","","","","","","","","","","","","","","","","","0","","","","","","","","","","","","","","","","","","","","","","","","","","","","",""
"1002.723541392","2026-05-12 19:21:03.593680","/home/sc28/SC-28/1_definition/SC-28/camera.py","capture_and_detect","264","","","","","","","","","","","","","","","","133.0","","","","","","","","","","","","","","","","","","","","","","","","","","","","","",""
"1002.726452542","2026-05-12 19:21:03.596594","/home/sc28/SC-28/1_definition/SC-28/camera.py","capture_and_detect","265","","","","","","","","","","","","","","","","","","178","314","","","","","","","","","","","","","","","","","","","","","","","","","","",""
"1002.72932291","2026-05-12 19:21:03.599466","/home/sc28/SC-28/1_definition/SC-28/camera.py","capture_and_detect","266","","","","","","","","","","","","","","","","","","","","640","480","","","","","","","","","","","","","","","","","","","","","","","","",""
"1002.801906285","2026-05-12 19:21:03.672051","/home/sc28/SC-28/1_definition/SC-28/camera.py","capture_and_detect","263","","","","","","","","","","","","","","","","","0","","","","","","","","","","","","","","","","","","","","","","","","","","","","",""
"1002.805237436","2026-05-12 19:21:03.675376","/home/sc28/SC-28/1_definition/SC-28/camera.py","capture_and_detect","264","","","","","","","","","","","","","","","","98.0","","","","","","","","","","","","","","","","","","","","","","","","","","","","","",""
"1002.808117387","2026-05-12 19:21:03.678257","/home/sc28/SC-28/1_definition/SC-28/camera.py","capture_and_detect","265","","","","","","","","","","","","","","","","","","167","311","","","","","","","","","","","","","","","","","","","","","","","","","","",""
"1002.814711042","2026-05-12 19:21:03.684861","/home/sc28/SC-28/1_definition/SC-28/camera.py","capture_and_detect","266","","","","","","","","","","","","","","","","","","","","640","480","","","","","","","","","","","","","","","","","","","","","","","","",""
"1002.887262126","2026-05-12 19:21:03.757404","/home/sc28/SC-28/1_definition/SC-28/camera.py","capture_and_detect","263","","","","","","","","","","","","","","","","","0","","","","","","","","","","","","","","","","","","","","","","","","","","","","",""
"1002.890536088","2026-05-12 19:21:03.760670","/home/sc28/SC-28/1_definition/SC-28/camera.py","capture_and_detect","264","","","","","","","","","","","","","","","","86.5","","","","","","","","","","","","","","","","","","","","","","","","","","","","","",""
"1002.893384321","2026-05-12 19:21:03.763524","/home/sc28/SC-28/1_definition/SC-28/camera.py","capture_and_detect","265","","","","","","","","","","","","","","","","","","165","313","","","","","","","","","","","","","","","","","","","","","","","","","","",""
"1002.896221512","2026-05-12 19:21:03.766366","/home/sc28/SC-28/1_definition/SC-28/camera.py","capture_and_detect","266","","","","","","","","","","","","","","","","","","","","640","480","","","","","","","","","","","","","","","","","","","","","","","","",""
"1002.967563636","2026-05-12 19:21:03.837708","/home/sc28/SC-28/1_definition/SC-28/camera.py","capture_and_detect","263","","","","","","","","","","","","","","","","","0","","","","","","","","","","","","","","","","","","","","","","","","","","","","",""
"1002.976738336","2026-05-12 19:21:03.846877","/home/sc28/SC-28/1_definition/SC-28/camera.py","capture_and_detect","264","","","","","","","","","","","","","","","","36.5","","","","","","","","","","","","","","","","","","","","","","","","","","","","","",""
"1002.979956621","2026-05-12 19:21:03.850107","/home/sc28/SC-28/1_definition/SC-28/camera.py","capture_and_detect","265","","","","","","","","","","","","","","","","","","191","186","","","","","","","","","","","","","","","","","","","","","","","","","","",""
"1002.985331889","2026-05-12 19:21:03.855482","/home/sc28/SC-28/1_definition/SC-28/camera.py","capture_and_detect","266","","","","","","","","","","","","","","","","","","","","640","480","","","","","","","","","","","","","","","","","","","","","","","","",""
"1003.058051254","2026-05-12 19:21:03.928196","/home/sc28/SC-28/1_definition/SC-28/camera.py","capture_and_detect","263","","","","","","","","","","","","","","","","","0","","","","","","","","","","","","","","","","","","","","","","","","","","","","",""
"1003.06137631","2026-05-12 19:21:03.931509","/home/sc28/SC-28/1_definition/SC-28/camera.py","capture_and_detect","264","","","","","","","","","","","","","","","","44.5","","","","","","","","","","","","","","","","","","","","","","","","","","","","","",""
"1003.067757413","2026-05-12 19:21:03.937901","/home/sc28/SC-28/1_definition/SC-28/camera.py","capture_and_detect","265","","","","","","","","","","","","","","","","","","160","314","","","","","","","","","","","","","","","","","","","","","","","","","","",""
"1003.070698354","2026-05-12 19:21:03.940842","/home/sc28/SC-28/1_definition/SC-28/camera.py","capture_and_detect","266","","","","","","","","","","","","","","","","","","","","640","480","","","","","","","","","","","","","","","","","","","","","","","","",""
"1003.140934279","2026-05-12 19:21:04.011079","/home/sc28/SC-28/1_definition/SC-28/camera.py","capture_and_detect","263","","","","","","","","","","","","","","","","","0","","","","","","","","","","","","","","","","","","","","","","","","","","","","",""
"1003.144231939","2026-05-12 19:21:04.014370","/home/sc28/SC-28/1_definition/SC-28/camera.py","capture_and_detect","264","","","","","","","","","","","","","","","","46.0","","","","","","","","","","","","","","","","","","","","","","","","","","","","","",""
"1003.147058245","2026-05-12 19:21:04.017198","/home/sc28/SC-28/1_definition/SC-28/camera.py","capture_and_detect","265","","","","","","","","","","","","","","","","","","159","296","","","","","","","","","","","","","","","","","","","","","","","","","","",""
"1003.149856426","2026-05-12 19:21:04.019998","/home/sc28/SC-28/1_definition/SC-28/camera.py","capture_and_detect","266","","","","","","","","","","","","","","","","","","","","640","480","","","","","","","","","","","","","","","","","","","","","","","","",""
"1003.224125013","2026-05-12 19:21:04.094274","/home/sc28/SC-28/1_definition/SC-28/camera.py","capture_and_detect","263","","","","","","","","","","","","","","","","","0","","","","","","","","","","","","","","","","","","","","","","","","","","","","",""
"1003.227581632","2026-05-12 19:21:04.097721","/home/sc28/SC-28/1_definition/SC-28/camera.py","capture_and_detect","264","","","","","","","","","","","","","","","","25.0","","","","","","","","","","","","","","","","","","","","","","","","","","","","","",""
"1003.231141428","2026-05-12 19:21:04.101286","/home/sc28/SC-28/1_definition/SC-28/camera.py","capture_and_detect","265","","","","","","","","","","","","","","","","","","182","166","","","","","","","","","","","","","","","","","","","","","","","","","","",""
"1003.23398914","2026-05-12 19:21:04.104131","/home/sc28/SC-28/1_definition/SC-28/camera.py","capture_and_detect","266","","","","","","","","","","","","","","","","","","","","640","480","","","","","","","","","","","","","","","","","","","","","","","","",""
"1003.302932824","2026-05-12 19:21:04.173081","/home/sc28/SC-28/1_definition/SC-28/camera.py","capture_and_detect","263","","","","","","","","","","","","","","","","","0","","","","","","","","","","","","","","","","","","","","","","","","","","","","",""
"1003.307722779","2026-05-12 19:21:04.177864","/home/sc28/SC-28/1_definition/SC-28/camera.py","capture_and_detect","264","","","","","","","","","","","","","","","","25.0","","","","","","","","","","","","","","","","","","","","","","","","","","","","","",""
"1003.314717736","2026-05-12 19:21:04.184866","/home/sc28/SC-28/1_definition/SC-28/camera.py","capture_and_detect","265","","","","","","","","","","","","","","","","","","185","156","","","","","","","","","","","","","","","","","","","","","","","","","","",""
"1003.317978521","2026-05-12 19:21:04.188126","/home/sc28/SC-28/1_definition/SC-28/camera.py","capture_and_detect","266","","","","","","","","","","","","","","","","","","","","640","480","","","","","","","","","","","","","","","","","","","","","","","","",""
"1003.38734507","2026-05-12 19:21:04.257491","/home/sc28/SC-28/1_definition/SC-28/camera.py","capture_and_detect","263","","","","","","","","","","","","","","","","","0","","","","","","","","","","","","","","","","","","","","","","","","","","","","",""
"1003.390877002","2026-05-12 19:21:04.261013","/home/sc28/SC-28/1_definition/SC-28/camera.py","capture_and_detect","264","","","","","","","","","","","","","","","","49.5","","","","","","","","","","","","","","","","","","","","","","","","","","","","","",""
"1003.397644615","2026-05-12 19:21:04.267797","/home/sc28/SC-28/1_definition/SC-28/camera.py","capture_and_detect","265","","","","","","","","","","","","","","","","","","117","314","","","","","","","","","","","","","","","","","","","","","","","","","","",""
"1003.404971031","2026-05-12 19:21:04.275123","/home/sc28/SC-28/1_definition/SC-28/camera.py","capture_and_detect","266","","","","","","","","","","","","","","","","","","","","640","480","","","","","","","","","","","","","","","","","","","","","","","","",""
"1003.475420394","2026-05-12 19:21:04.345566","/home/sc28/SC-28/1_definition/SC-28/camera.py","capture_and_detect","263","","","","","","","","","","","","","","","","","0","","","","","","","","","","","","","","","","","","","","","","","","","","","","",""
"1003.478821232","2026-05-12 19:21:04.348961","/home/sc28/SC-28/1_definition/SC-28/camera.py","capture_and_detect","264","","","","","","","","","","","","","","","","173.0","","","","","","","","","","","","","","","","","","","","","","","","","","","","","",""
"1003.482010455","2026-05-12 19:21:04.352158","/home/sc28/SC-28/1_definition/SC-28/camera.py","capture_and_detect","265","","","","","","","","","","","","","","","","","","128","247","","","","","","","","","","","","","","","","","","","","","","","","","","",""
"1003.485950304","2026-05-12 19:21:04.356092","/home/sc28/SC-28/1_definition/SC-28/camera.py","capture_and_detect","266","","","","","","","","","","","","","","","","","","","","640","480","","","","","","","","","","","","","","","","","","","","","","","","",""
"1003.561399309","2026-05-12 19:21:04.431544","/home/sc28/SC-28/1_definition/SC-28/camera.py","capture_and_detect","263","","","","","","","","","","","","","","","","","0","","","","","","","","","","","","","","","","","","","","","","","","","","","","",""
"1003.568216089","2026-05-12 19:21:04.438350","/home/sc28/SC-28/1_definition/SC-28/camera.py","capture_and_detect","264","","","","","","","","","","","","","","","","21.5","","","","","","","","","","","","","","","","","","","","","","","","","","","","","",""
"1003.571089009","2026-05-12 19:21:04.441229","/home/sc28/SC-28/1_definition/SC-28/camera.py","capture_and_detect","265","","","","","","","","","","","","","","","","","","179","130","","","","","","","","","","","","","","","","","","","","","","","","","","",""
"1003.574025211","2026-05-12 19:21:04.444171","/home/sc28/SC-28/1_definition/SC-28/camera.py","capture_and_detect","266","","","","","","","","","","","","","","","","","","","","640","480","","","","","","","","","","","","","","","","","","","","","","","","",""
"1003.64494171","2026-05-12 19:21:04.515090","/home/sc28/SC-28/1_definition/SC-28/camera.py","capture_and_detect","263","","","","","","","","","","","","","","","","","0","","","","","","","","","","","","","","","","","","","","","","","","","","","","",""
"1003.648236454","2026-05-12 19:21:04.518375","/home/sc28/SC-28/1_definition/SC-28/camera.py","capture_and_detect","264","","","","","","","","","","","","","","","","26.0","","","","","","","","","","","","","","","","","","","","","","","","","","","","","",""
"1003.651256614","2026-05-12 19:21:04.521401","/home/sc28/SC-28/1_definition/SC-28/camera.py","capture_and_detect","265","","","","","","","","","","","","","","","","","","168","131","","","","","","","","","","","","","","","","","","","","","","","","","","",""
"1003.65869402","2026-05-12 19:21:04.528840","/home/sc28/SC-28/1_definition/SC-28/camera.py","capture_and_detect","266","","","","","","","","","","","","","","","","","","","","640","480","","","","","","","","","","","","","","","","","","","","","","","","",""
"1003.728996091","2026-05-12 19:21:04.599143","/home/sc28/SC-28/1_definition/SC-28/camera.py","capture_and_detect","263","","","","","","","","","","","","","","","","","0","","","","","","","","","","","","","","","","","","","","","","","","","","","","",""
"1003.737703394","2026-05-12 19:21:04.607841","/home/sc28/SC-28/1_definition/SC-28/camera.py","capture_and_detect","264","","","","","","","","","","","","","","","","29.5","","","","","","","","","","","","","","","","","","","","","","","","","","","","","",""
"1003.741143659","2026-05-12 19:21:04.611296","/home/sc28/SC-28/1_definition/SC-28/camera.py","capture_and_detect","265","","","","","","","","","","","","","","","","","","166","132","","","","","","","","","","","","","","","","","","","","","","","","","","",""
"1003.74457908","2026-05-12 19:21:04.614723","/home/sc28/SC-28/1_definition/SC-28/camera.py","capture_and_detect","266","","","","","","","","","","","","","","","","","","","","640","480","","","","","","","","","","","","","","","","","","","","","","","","",""
"1003.818466469","2026-05-12 19:21:04.688611","/home/sc28/SC-28/1_definition/SC-28/camera.py","capture_and_detect","263","","","","","","","","","","","","","","","","","0","","","","","","","","","","","","","","","","","","","","","","","","","","","","",""
"1003.822212463","2026-05-12 19:21:04.692355","/home/sc28/SC-28/1_definition/SC-28/camera.py","capture_and_detect","264","","","","","","","","","","","","","","","","37.0","","","","","","","","","","","","","","","","","","","","","","","","","","","","","",""
"1003.825514916","2026-05-12 19:21:04.695667","/home/sc28/SC-28/1_definition/SC-28/camera.py","capture_and_detect","265","","","","","","","","","","","","","","","","","","161","130","","","","","","","","","","","","","","","","","","","","","","","","","","",""
"1003.829189348","2026-05-12 19:21:04.699340","/home/sc28/SC-28/1_definition/SC-28/camera.py","capture_and_detect","266","","","","","","","","","","","","","","","","","","","","640","480","","","","","","","","","","","","","","","","","","","","","","","","",""
"1003.899101418","2026-05-12 19:21:04.769252","/home/sc28/SC-28/1_definition/SC-28/camera.py","capture_and_detect","263","","","","","","","","","","","","","","","","","0","","","","","","","","","","","","","","","","","","","","","","","","","","","","",""
"1003.902466475","2026-05-12 19:21:04.772600","/home/sc28/SC-28/1_definition/SC-28/camera.py","capture_and_detect","264","","","","","","","","","","","","","","","","32.5","","","","","","","","","","","","","","","","","","","","","","","","","","","","","",""
"1003.908974765","2026-05-12 19:21:04.779119","/home/sc28/SC-28/1_definition/SC-28/camera.py","capture_and_detect","265","","","","","","","","","","","","","","","","","","157","130","","","","","","","","","","","","","","","","","","","","","","","","","","",""
"1003.911873102","2026-05-12 19:21:04.782015","/home/sc28/SC-28/1_definition/SC-28/camera.py","capture_and_detect","266","","","","","","","","","","","","","","","","","","","","640","480","","","","","","","","","","","","","","","","","","","","","","","","",""
"1003.982727257","2026-05-12 19:21:04.852876","/home/sc28/SC-28/1_definition/SC-28/camera.py","capture_and_detect","263","","","","","","","","","","","","","","","","","0","","","","","","","","","","","","","","","","","","","","","","","","","","","","",""
"1003.986457002","2026-05-12 19:21:04.856607","/home/sc28/SC-28/1_definition/SC-28/camera.py","capture_and_detect","264","","","","","","","","","","","","","","","","34.5","","","","","","","","","","","","","","","","","","","","","","","","","","","","","",""
"1003.989615339","2026-05-12 19:21:04.859765","/home/sc28/SC-28/1_definition/SC-28/camera.py","capture_and_detect","265","","","","","","","","","","","","","","","","","","153","127","","","","","","","","","","","","","","","","","","","","","","","","","","",""
"1003.997698839","2026-05-12 19:21:04.867844","/home/sc28/SC-28/1_definition/SC-28/camera.py","capture_and_detect","266","","","","","","","","","","","","","","","","","","","","640","480","","","","","","","","","","","","","","","","","","","","","","","","",""
"1004.071049456","2026-05-12 19:21:04.941196","/home/sc28/SC-28/1_definition/SC-28/camera.py","capture_and_detect","263","","","","","","","","","","","","","","","","","0","","","","","","","","","","","","","","","","","","","","","","","","","","","","",""
"1004.074730086","2026-05-12 19:21:04.944870","/home/sc28/SC-28/1_definition/SC-28/camera.py","capture_and_detect","264","","","","","","","","","","","","","","","","29.0","","","","","","","","","","","","","","","","","","","","","","","","","","","","","",""
"1004.077597642","2026-05-12 19:21:04.947744","/home/sc28/SC-28/1_definition/SC-28/camera.py","capture_and_detect","265","","","","","","","","","","","","","","","","","","152","123","","","","","","","","","","","","","","","","","","","","","","","","","","",""
"1004.080338479","2026-05-12 19:21:04.950481","/home/sc28/SC-28/1_definition/SC-28/camera.py","capture_and_detect","266","","","","","","","","","","","","","","","","","","","","640","480","","","","","","","","","","","","","","","","","","","","","","","","",""
"1004.151143676","2026-05-12 19:21:05.021289","/home/sc28/SC-28/1_definition/SC-28/camera.py","capture_and_detect","263","","","","","","","","","","","","","","","","","0","","","","","","","","","","","","","","","","","","","","","","","","","","","","",""
"1004.16680552","2026-05-12 19:21:05.036948","/home/sc28/SC-28/1_definition/SC-28/camera.py","capture_and_detect","264","","","","","","","","","","","","","","","","0.0","","","","","","","","","","","","","","","","","","","","","","","","","","","","","",""
"1004.170143389","2026-05-12 19:21:05.040287","/home/sc28/SC-28/1_definition/SC-28/camera.py","capture_and_detect","265","","","","","","","","","","","","","","","","","","320","240","","","","","","","","","","","","","","","","","","","","","","","","","","",""
"1004.17351855","2026-05-12 19:21:05.043663","/home/sc28/SC-28/1_definition/SC-28/camera.py","capture_and_detect","266","","","","","","","","","","","","","","","","","","","","640","480","","","","","","","","","","","","","","","","","","","","","","","","",""
"1004.241155983","2026-05-12 19:21:05.111309","/home/sc28/SC-28/1_definition/SC-28/camera.py","capture_and_detect","263","","","","","","","","","","","","","","","","","0","","","","","","","","","","","","","","","","","","","","","","","","","","","","",""
"1004.244966821","2026-05-12 19:21:05.115111","/home/sc28/SC-28/1_definition/SC-28/camera.py","capture_and_detect","264","","","","","","","","","","","","","","","","0.0","","","","","","","","","","","","","","","","","","","","","","","","","","","","","",""
"1004.248341669","2026-05-12 19:21:05.118490","/home/sc28/SC-28/1_definition/SC-28/camera.py","capture_and_detect","265","","","","","","","","","","","","","","","","","","320","240","","","","","","","","","","","","","","","","","","","","","","","","","","",""
"1004.25521923","2026-05-12 19:21:05.125366","/home/sc28/SC-28/1_definition/SC-28/camera.py","capture_and_detect","266","","","","","","","","","","","","","","","","","","","","640","480","","","","","","","","","","","","","","","","","","","","","","","","",""
"1004.324144999","2026-05-12 19:21:05.194291","/home/sc28/SC-28/1_definition/SC-28/camera.py","capture_and_detect","263","","","","","","","","","","","","","","","","","0","","","","","","","","","","","","","","","","","","","","","","","","","","","","",""
"1004.327447555","2026-05-12 19:21:05.197581","/home/sc28/SC-28/1_definition/SC-28/camera.py","capture_and_detect","264","","","","","","","","","","","","","","","","23.5","","","","","","","","","","","","","","","","","","","","","","","","","","","","","",""
"1004.331455529","2026-05-12 19:21:05.201599","/home/sc28/SC-28/1_definition/SC-28/camera.py","capture_and_detect","265","","","","","","","","","","","","","","","","","","179","67","","","","","","","","","","","","","","","","","","","","","","","","","","",""
"1004.334310429","2026-05-12 19:21:05.204454","/home/sc28/SC-28/1_definition/SC-28/camera.py","capture_and_detect","266","","","","","","","","","","","","","","","","","","","","640","480","","","","","","","","","","","","","","","","","","","","","","","","",""
"1004.415580953","2026-05-12 19:21:05.285725","/home/sc28/SC-28/1_definition/SC-28/camera.py","capture_and_detect","263","","","","","","","","","","","","","","","","","0","","","","","","","","","","","","","","","","","","","","","","","","","","","","",""
"1004.418881009","2026-05-12 19:21:05.289019","/home/sc28/SC-28/1_definition/SC-28/camera.py","capture_and_detect","264","","","","","","","","","","","","","","","","29.0","","","","","","","","","","","","","","","","","","","","","","","","","","","","","",""
"1004.421853096","2026-05-12 19:21:05.291997","/home/sc28/SC-28/1_definition/SC-28/camera.py","capture_and_detect","265","","","","","","","","","","","","","","","","","","169","75","","","","","","","","","","","","","","","","","","","","","","","","","","",""
"1004.424737579","2026-05-12 19:21:05.294880","/home/sc28/SC-28/1_definition/SC-28/camera.py","capture_and_detect","266","","","","","","","","","","","","","","","","","","","","640","480","","","","","","","","","","","","","","","","","","","","","","","","",""
"1004.498524656","2026-05-12 19:21:05.368674","/home/sc28/SC-28/1_definition/SC-28/camera.py","capture_and_detect","263","","","","","","","","","","","","","","","","","0","","","","","","","","","","","","","","","","","","","","","","","","","","","","",""
"1004.502128411","2026-05-12 19:21:05.372269","/home/sc28/SC-28/1_definition/SC-28/camera.py","capture_and_detect","264","","","","","","","","","","","","","","","","29.0","","","","","","","","","","","","","","","","","","","","","","","","","","","","","",""
"1004.50904467","2026-05-12 19:21:05.379191","/home/sc28/SC-28/1_definition/SC-28/camera.py","capture_and_detect","265","","","","","","","","","","","","","","","","","","171","77","","","","","","","","","","","","","","","","","","","","","","","","","","",""
"1004.511950611","2026-05-12 19:21:05.382093","/home/sc28/SC-28/1_definition/SC-28/camera.py","capture_and_detect","266","","","","","","","","","","","","","","","","","","","","640","480","","","","","","","","","","","","","","","","","","","","","","","","",""
"1004.584484353","2026-05-12 19:21:05.454637","/home/sc28/SC-28/1_definition/SC-28/camera.py","capture_and_detect","263","","","","","","","","","","","","","","","","","0","","","","","","","","","","","","","","","","","","","","","","","","","","","","",""
"1004.588098837","2026-05-12 19:21:05.458241","/home/sc28/SC-28/1_definition/SC-28/camera.py","capture_and_detect","264","","","","","","","","","","","","","","","","34.0","","","","","","","","","","","","","","","","","","","","","","","","","","","","","",""
"1004.591270299","2026-05-12 19:21:05.461416","/home/sc28/SC-28/1_definition/SC-28/camera.py","capture_and_detect","265","","","","","","","","","","","","","","","","","","171","78","","","","","","","","","","","","","","","","","","","","","","","","","","",""
"1004.594420772","2026-05-12 19:21:05.464568","/home/sc28/SC-28/1_definition/SC-28/camera.py","capture_and_detect","266","","","","","","","","","","","","","","","","","","","","640","480","","","","","","","","","","","","","","","","","","","","","","","","",""
"1004.678727863","2026-05-12 19:21:05.548875","/home/sc28/SC-28/1_definition/SC-28/camera.py","capture_and_detect","263","","","","","","","","","","","","","","","","","0","","","","","","","","","","","","","","","","","","","","","","","","","","","","",""
"1004.682230628","2026-05-12 19:21:05.552370","/home/sc28/SC-28/1_definition/SC-28/camera.py","capture_and_detect","264","","","","","","","","","","","","","","","","28.0","","","","","","","","","","","","","","","","","","","","","","","","","","","","","",""
"1004.686469644","2026-05-12 19:21:05.556617","/home/sc28/SC-28/1_definition/SC-28/camera.py","capture_and_detect","265","","","","","","","","","","","","","","","","","","168","86","","","","","","","","","","","","","","","","","","","","","","","","","","",""
"1004.689537461","2026-05-12 19:21:05.559684","/home/sc28/SC-28/1_definition/SC-28/camera.py","capture_and_detect","266","","","","","","","","","","","","","","","","","","","","640","480","","","","","","","","","","","","","","","","","","","","","","","","",""
"1004.767351886","2026-05-12 19:21:05.637498","/home/sc28/SC-28/1_definition/SC-28/camera.py","capture_and_detect","263","","","","","","","","","","","","","","","","","0","","","","","","","","","","","","","","","","","","","","","","","","","","","","",""
"1004.774575906","2026-05-12 19:21:05.644712","/home/sc28/SC-28/1_definition/SC-28/camera.py","capture_and_detect","264","","","","","","","","","","","","","","","","30.5","","","","","","","","","","","","","","","","","","","","","","","","","","","","","",""
"1004.777666067","2026-05-12 19:21:05.647811","/home/sc28/SC-28/1_definition/SC-28/camera.py","capture_and_detect","265","","","","","","","","","","","","","","","","","","158","89","","","","","","","","","","","","","","","","","","","","","","","","","","",""
"1004.7808043","2026-05-12 19:21:05.650949","/home/sc28/SC-28/1_definition/SC-28/camera.py","capture_and_detect","266","","","","","","","","","","","","","","","","","","","","640","480","","","","","","","","","","","","","","","","","","","","","","","","",""
"1004.858226486","2026-05-12 19:21:05.728370","/home/sc28/SC-28/1_definition/SC-28/camera.py","capture_and_detect","263","","","","","","","","","","","","","","","","","0","","","","","","","","","","","","","","","","","","","","","","","","","","","","",""
"1004.861654355","2026-05-12 19:21:05.731790","/home/sc28/SC-28/1_definition/SC-28/camera.py","capture_and_detect","264","","","","","","","","","","","","","","","","29.5","","","","","","","","","","","","","","","","","","","","","","","","","","","","","",""
"1004.864647067","2026-05-12 19:21:05.734791","/home/sc28/SC-28/1_definition/SC-28/camera.py","capture_and_detect","265","","","","","","","","","","","","","","","","","","158","89","","","","","","","","","","","","","","","","","","","","","","","","","","",""
"1004.871371659","2026-05-12 19:21:05.741522","/home/sc28/SC-28/1_definition/SC-28/camera.py","capture_and_detect","266","","","","","","","","","","","","","","","","","","","","640","480","","","","","","","","","","","","","","","","","","","","","","","","",""
"1004.962777978","2026-05-12 19:21:05.832927","/home/sc28/SC-28/1_definition/SC-28/camera.py","capture_and_detect","263","","","","","","","","","","","","","","","","","0","","","","","","","","","","","","","","","","","","","","","","","","","","","","",""
"1004.966511993","2026-05-12 19:21:05.836655","/home/sc28/SC-28/1_definition/SC-28/camera.py","capture_and_detect","264","","","","","","","","","","","","","","","","27.0","","","","","","","","","","","","","","","","","","","","","","","","","","","","","",""
"1004.969755331","2026-05-12 19:21:05.839898","/home/sc28/SC-28/1_definition/SC-28/camera.py","capture_and_detect","265","","","","","","","","","","","","","","","","","","158","92","","","","","","","","","","","","","","","","","","","","","","","","","","",""
"1004.972658199","2026-05-12 19:21:05.842800","/home/sc28/SC-28/1_definition/SC-28/camera.py","capture_and_detect","266","","","","","","","","","","","","","","","","","","","","640","480","","","","","","","","","","","","","","","","","","","","","","","","",""
"1005.043505064","2026-05-12 19:21:05.913652","/home/sc28/SC-28/1_definition/SC-28/camera.py","capture_and_detect","263","","","","","","","","","","","","","","","","","0","","","","","","","","","","","","","","","","","","","","","","","","","","","","",""
"1005.051915283","2026-05-12 19:21:05.922050","/home/sc28/SC-28/1_definition/SC-28/camera.py","capture_and_detect","264","","","","","","","","","","","","","","","","32.5","","","","","","","","","","","","","","","","","","","","","","","","","","","","","",""
"1005.055098048","2026-05-12 19:21:05.925244","/home/sc28/SC-28/1_definition/SC-28/camera.py","capture_and_detect","265","","","","","","","","","","","","","","","","","","150","93","","","","","","","","","","","","","","","","","","","","","","","","","","",""
"1005.058376438","2026-05-12 19:21:05.928526","/home/sc28/SC-28/1_definition/SC-28/camera.py","capture_and_detect","266","","","","","","","","","","","","","","","","","","","","640","480","","","","","","","","","","","","","","","","","","","","","","","","",""
"1005.125276057","2026-05-12 19:21:05.995420","/home/sc28/SC-28/1_definition/SC-28/camera.py","capture_and_detect","263","","","","","","","","","","","","","","","","","0","","","","","","","","","","","","","","","","","","","","","","","","","","","","",""
"1005.128756895","2026-05-12 19:21:05.998894","/home/sc28/SC-28/1_definition/SC-28/camera.py","capture_and_detect","264","","","","","","","","","","","","","","","","26.5","","","","","","","","","","","","","","","","","","","","","","","","","","","","","",""
"1005.136789041","2026-05-12 19:21:06.006940","/home/sc28/SC-28/1_definition/SC-28/camera.py","capture_and_detect","265","","","","","","","","","","","","","","","","","","147","94","","","","","","","","","","","","","","","","","","","","","","","","","","",""
"1005.140429931","2026-05-12 19:21:06.010583","/home/sc28/SC-28/1_definition/SC-28/camera.py","capture_and_detect","266","","","","","","","","","","","","","","","","","","","","640","480","","","","","","","","","","","","","","","","","","","","","","","","",""
"1005.211378672","2026-05-12 19:21:06.081521","/home/sc28/SC-28/1_definition/SC-28/camera.py","capture_and_detect","263","","","","","","","","","","","","","","","","","0","","","","","","","","","","","","","","","","","","","","","","","","","","","","",""
"1005.214968416","2026-05-12 19:21:06.085108","/home/sc28/SC-28/1_definition/SC-28/camera.py","capture_and_detect","264","","","","","","","","","","","","","","","","27.0","","","","","","","","","","","","","","","","","","","","","","","","","","","","","",""
"1005.217843993","2026-05-12 19:21:06.087985","/home/sc28/SC-28/1_definition/SC-28/camera.py","capture_and_detect","265","","","","","","","","","","","","","","","","","","138","101","","","","","","","","","","","","","","","","","","","","","","","","","","",""
"1005.220659413","2026-05-12 19:21:06.090803","/home/sc28/SC-28/1_definition/SC-28/camera.py","capture_and_detect","266","","","","","","","","","","","","","","","","","","","","640","480","","","","","","","","","","","","","","","","","","","","","","","","",""
"1005.293021228","2026-05-12 19:21:06.163166","/home/sc28/SC-28/1_definition/SC-28/camera.py","capture_and_detect","263","","","","","","","","","","","","","","","","","0","","","","","","","","","","","","","","","","","","","","","","","","","","","","",""
"1005.296752379","2026-05-12 19:21:06.166893","/home/sc28/SC-28/1_definition/SC-28/camera.py","capture_and_detect","264","","","","","","","","","","","","","","","","28.0","","","","","","","","","","","","","","","","","","","","","","","","","","","","","",""
"1005.299851602","2026-05-12 19:21:06.169998","/home/sc28/SC-28/1_definition/SC-28/camera.py","capture_and_detect","265","","","","","","","","","","","","","","","","","","134","103","","","","","","","","","","","","","","","","","","","","","","","","","","",""
"1005.305573068","2026-05-12 19:21:06.175726","/home/sc28/SC-28/1_definition/SC-28/camera.py","capture_and_detect","266","","","","","","","","","","","","","","","","","","","","640","480","","","","","","","","","","","","","","","","","","","","","","","","",""
"1005.376899778","2026-05-12 19:21:06.247046","/home/sc28/SC-28/1_definition/SC-28/camera.py","capture_and_detect","263","","","","","","","","","","","","","","","","","0","","","","","","","","","","","","","","","","","","","","","","","","","","","","",""
"1005.385522341","2026-05-12 19:21:06.255664","/home/sc28/SC-28/1_definition/SC-28/camera.py","capture_and_detect","264","","","","","","","","","","","","","","","","27.0","","","","","","","","","","","","","","","","","","","","","","","","","","","","","",""
"1005.388717658","2026-05-12 19:21:06.258865","/home/sc28/SC-28/1_definition/SC-28/camera.py","capture_and_detect","265","","","","","","","","","","","","","","","","","","132","103","","","","","","","","","","","","","","","","","","","","","","","","","","",""
"1005.391812454","2026-05-12 19:21:06.261959","/home/sc28/SC-28/1_definition/SC-28/camera.py","capture_and_detect","266","","","","","","","","","","","","","","","","","","","","640","480","","","","","","","","","","","","","","","","","","","","","","","","",""
"1005.466571564","2026-05-12 19:21:06.336722","/home/sc28/SC-28/1_definition/SC-28/camera.py","capture_and_detect","263","","","","","","","","","","","","","","","","","0","","","","","","","","","","","","","","","","","","","","","","","","","","","","",""
"1005.470268444","2026-05-12 19:21:06.340407","/home/sc28/SC-28/1_definition/SC-28/camera.py","capture_and_detect","264","","","","","","","","","","","","","","","","31.0","","","","","","","","","","","","","","","","","","","","","","","","","","","","","",""
"1005.473617927","2026-05-12 19:21:06.343770","/home/sc28/SC-28/1_definition/SC-28/camera.py","capture_and_detect","265","","","","","","","","","","","","","","","","","","129","106","","","","","","","","","","","","","","","","","","","","","","","","","","",""
"1005.480489551","2026-05-12 19:21:06.350643","/home/sc28/SC-28/1_definition/SC-28/camera.py","capture_and_detect","266","","","","","","","","","","","","","","","","","","","","640","480","","","","","","","","","","","","","","","","","","","","","","","","",""
"1005.551303916","2026-05-12 19:21:06.421448","/home/sc28/SC-28/1_definition/SC-28/camera.py","capture_and_detect","263","","","","","","","","","","","","","","","","","0","","","","","","","","","","","","","","","","","","","","","","","","","","","","",""
"1005.554609754","2026-05-12 19:21:06.424748","/home/sc28/SC-28/1_definition/SC-28/camera.py","capture_and_detect","264","","","","","","","","","","","","","","","","28.0","","","","","","","","","","","","","","","","","","","","","","","","","","","","","",""
"1005.557435174","2026-05-12 19:21:06.427577","/home/sc28/SC-28/1_definition/SC-28/camera.py","capture_and_detect","265","","","","","","","","","","","","","","","","","","123","109","","","","","","","","","","","","","","","","","","","","","","","","","","",""
"1005.560463147","2026-05-12 19:21:06.430615","/home/sc28/SC-28/1_definition/SC-28/camera.py","capture_and_detect","266","","","","","","","","","","","","","","","","","","","","640","480","","","","","","","","","","","","","","","","","","","","","","","","",""
"1005.628688967","2026-05-12 19:21:06.498844","/home/sc28/SC-28/1_definition/SC-28/camera.py","capture_and_detect","263","","","","","","","","","","","","","","","","","0","","","","","","","","","","","","","","","","","","","","","","","","","","","","",""
"1005.635596737","2026-05-12 19:21:06.505730","/home/sc28/SC-28/1_definition/SC-28/camera.py","capture_and_detect","264","","","","","","","","","","","","","","","","23.5","","","","","","","","","","","","","","","","","","","","","","","","","","","","","",""
"1005.638490022","2026-05-12 19:21:06.508632","/home/sc28/SC-28/1_definition/SC-28/camera.py","capture_and_detect","265","","","","","","","","","","","","","","","","","","116","112","","","","","","","","","","","","","","","","","","","","","","","","","","",""
"1005.641303567","2026-05-12 19:21:06.511446","/home/sc28/SC-28/1_definition/SC-28/camera.py","capture_and_detect","266","","","","","","","","","","","","","","","","","","","","640","480","","","","","","","","","","","","","","","","","","","","","","","","",""
"1005.711291265","2026-05-12 19:21:06.581438","/home/sc28/SC-28/1_definition/SC-28/camera.py","capture_and_detect","263","","","","","","","","","","","","","","","","","0","","","","","","","","","","","","","","","","","","","","","","","","","","","","",""
"1005.716297782","2026-05-12 19:21:06.586445","/home/sc28/SC-28/1_definition/SC-28/camera.py","capture_and_detect","264","","","","","","","","","","","","","","","","0.0","","","","","","","","","","","","","","","","","","","","","","","","","","","","","",""
"1005.723336281","2026-05-12 19:21:06.593491","/home/sc28/SC-28/1_definition/SC-28/camera.py","capture_and_detect","265","","","","","","","","","","","","","","","","","","320","240","","","","","","","","","","","","","","","","","","","","","","","","","","",""
"1005.730898582","2026-05-12 19:21:06.601046","/home/sc28/SC-28/1_definition/SC-28/camera.py","capture_and_detect","266","","","","","","","","","","","","","","","","","","","","640","480","","","","","","","","","","","","","","","","","","","","","","","","",""
"1005.80016482","2026-05-12 19:21:06.670310","/home/sc28/SC-28/1_definition/SC-28/camera.py","capture_and_detect","263","","","","","","","","","","","","","","","","","0","","","","","","","","","","","","","","","","","","","","","","","","","","","","",""
"1005.803457741","2026-05-12 19:21:06.673590","/home/sc28/SC-28/1_definition/SC-28/camera.py","capture_and_detect","264","","","","","","","","","","","","","","","","27.5","","","","","","","","","","","","","","","","","","","","","","","","","","","","","",""
"1005.806259464","2026-05-12 19:21:06.676399","/home/sc28/SC-28/1_definition/SC-28/camera.py","capture_and_detect","265","","","","","","","","","","","","","","","","","","126","104","","","","","","","","","","","","","","","","","","","","","","","","","","",""
"1005.809104572","2026-05-12 19:21:06.679250","/home/sc28/SC-28/1_definition/SC-28/camera.py","capture_and_detect","266","","","","","","","","","","","","","","","","","","","","640","480","","","","","","","","","","","","","","","","","","","","","","","","",""
"1005.886056966","2026-05-12 19:21:06.756203","/home/sc28/SC-28/1_definition/SC-28/camera.py","capture_and_detect","263","","","","","","","","","","","","","","","","","0","","","","","","","","","","","","","","","","","","","","","","","","","","","","",""
"1005.889896867","2026-05-12 19:21:06.760039","/home/sc28/SC-28/1_definition/SC-28/camera.py","capture_and_detect","264","","","","","","","","","","","","","","","","0.0","","","","","","","","","","","","","","","","","","","","","","","","","","","","","",""
"1005.892921559","2026-05-12 19:21:06.763065","/home/sc28/SC-28/1_definition/SC-28/camera.py","capture_and_detect","265","","","","","","","","","","","","","","","","","","320","240","","","","","","","","","","","","","","","","","","","","","","","","","","",""
"1005.896457292","2026-05-12 19:21:06.766601","/home/sc28/SC-28/1_definition/SC-28/camera.py","capture_and_detect","266","","","","","","","","","","","","","","","","","","","","640","480","","","","","","","","","","","","","","","","","","","","","","","","",""
"1005.968906295","2026-05-12 19:21:06.839051","/home/sc28/SC-28/1_definition/SC-28/camera.py","capture_and_detect","263","","","","","","","","","","","","","","","","","0","","","","","","","","","","","","","","","","","","","","","","","","","","","","",""
"1005.972229737","2026-05-12 19:21:06.842363","/home/sc28/SC-28/1_definition/SC-28/camera.py","capture_and_detect","264","","","","","","","","","","","","","","","","20.5","","","","","","","","","","","","","","","","","","","","","","","","","","","","","",""
"1005.978661516","2026-05-12 19:21:06.848806","/home/sc28/SC-28/1_definition/SC-28/camera.py","capture_and_detect","265","","","","","","","","","","","","","","","","","","105","118","","","","","","","","","","","","","","","","","","","","","","","","","","",""
"1005.981518812","2026-05-12 19:21:06.851660","/home/sc28/SC-28/1_definition/SC-28/camera.py","capture_and_detect","266","","","","","","","","","","","","","","","","","","","","640","480","","","","","","","","","","","","","","","","","","","","","","","","",""
"1006.054418909","2026-05-12 19:21:06.924563","/home/sc28/SC-28/1_definition/SC-28/camera.py","capture_and_detect","263","","","","","","","","","","","","","","","","","0","","","","","","","","","","","","","","","","","","","","","","","","","","","","",""
"1006.058598602","2026-05-12 19:21:06.928735","/home/sc28/SC-28/1_definition/SC-28/camera.py","capture_and_detect","264","","","","","","","","","","","","","","","","26.5","","","","","","","","","","","","","","","","","","","","","","","","","","","","","",""
"1006.06215819","2026-05-12 19:21:06.932305","/home/sc28/SC-28/1_definition/SC-28/camera.py","capture_and_detect","265","","","","","","","","","","","","","","","","","","110","115","","","","","","","","","","","","","","","","","","","","","","","","","","",""
"1006.069199658","2026-05-12 19:21:06.939346","/home/sc28/SC-28/1_definition/SC-28/camera.py","capture_and_detect","266","","","","","","","","","","","","","","","","","","","","640","480","","","","","","","","","","","","","","","","","","","","","","","","",""
"1006.139221835","2026-05-12 19:21:07.009368","/home/sc28/SC-28/1_definition/SC-28/camera.py","capture_and_detect","263","","","","","","","","","","","","","","","","","0","","","","","","","","","","","","","","","","","","","","","","","","","","","","",""
"1006.143284861","2026-05-12 19:21:07.013421","/home/sc28/SC-28/1_definition/SC-28/camera.py","capture_and_detect","264","","","","","","","","","","","","","","","","25.5","","","","","","","","","","","","","","","","","","","","","","","","","","","","","",""
"1006.146613407","2026-05-12 19:21:07.016762","/home/sc28/SC-28/1_definition/SC-28/camera.py","capture_and_detect","265","","","","","","","","","","","","","","","","","","106","121","","","","","","","","","","","","","","","","","","","","","","","","","","",""
"1006.149920703","2026-05-12 19:21:07.020070","/home/sc28/SC-28/1_definition/SC-28/camera.py","capture_and_detect","266","","","","","","","","","","","","","","","","","","","","640","480","","","","","","","","","","","","","","","","","","","","","","","","",""
"1006.221377257","2026-05-12 19:21:07.091522","/home/sc28/SC-28/1_definition/SC-28/camera.py","capture_and_detect","263","","","","","","","","","","","","","","","","","0","","","","","","","","","","","","","","","","","","","","","","","","","","","","",""
"1006.22840685","2026-05-12 19:21:07.098545","/home/sc28/SC-28/1_definition/SC-28/camera.py","capture_and_detect","264","","","","","","","","","","","","","","","","33.5","","","","","","","","","","","","","","","","","","","","","","","","","","","","","",""
"1006.232931908","2026-05-12 19:21:07.103075","/home/sc28/SC-28/1_definition/SC-28/camera.py","capture_and_detect","265","","","","","","","","","","","","","","","","","","102","124","","","","","","","","","","","","","","","","","","","","","","","","","","",""
"1006.235874777","2026-05-12 19:21:07.106015","/home/sc28/SC-28/1_definition/SC-28/camera.py","capture_and_detect","266","","","","","","","","","","","","","","","","","","","","640","480","","","","","","","","","","","","","","","","","","","","","","","","",""
"1006.305164245","2026-05-12 19:21:07.175308","/home/sc28/SC-28/1_definition/SC-28/camera.py","capture_and_detect","263","","","","","","","","","","","","","","","","","0","","","","","","","","","","","","","","","","","","","","","","","","","","","","",""
"1006.308473312","2026-05-12 19:21:07.178611","/home/sc28/SC-28/1_definition/SC-28/camera.py","capture_and_detect","264","","","","","","","","","","","","","","","","29.0","","","","","","","","","","","","","","","","","","","","","","","","","","","","","",""
"1006.311358263","2026-05-12 19:21:07.181501","/home/sc28/SC-28/1_definition/SC-28/camera.py","capture_and_detect","265","","","","","","","","","","","","","","","","","","107","124","","","","","","","","","","","","","","","","","","","","","","","","","","",""
"1006.317896345","2026-05-12 19:21:07.188042","/home/sc28/SC-28/1_definition/SC-28/camera.py","capture_and_detect","266","","","","","","","","","","","","","","","","","","","","640","480","","","","","","","","","","","","","","","","","","","","","","","","",""
"1006.391473579","2026-05-12 19:21:07.261618","/home/sc28/SC-28/1_definition/SC-28/camera.py","capture_and_detect","263","","","","","","","","","","","","","","","","","0","","","","","","","","","","","","","","","","","","","","","","","","","","","","",""
"1006.39510499","2026-05-12 19:21:07.265244","/home/sc28/SC-28/1_definition/SC-28/camera.py","capture_and_detect","264","","","","","","","","","","","","","","","","28.5","","","","","","","","","","","","","","","","","","","","","","","","","","","","","",""
"1006.398237703","2026-05-12 19:21:07.268386","/home/sc28/SC-28/1_definition/SC-28/camera.py","capture_and_detect","265","","","","","","","","","","","","","","","","","","109","126","","","","","","","","","","","","","","","","","","","","","","","","","","",""
"1006.401921822","2026-05-12 19:21:07.272066","/home/sc28/SC-28/1_definition/SC-28/camera.py","capture_and_detect","266","","","","","","","","","","","","","","","","","","","","640","480","","","","","","","","","","","","","","","","","","","","","","","","",""
"1006.474012857","2026-05-12 19:21:07.344158","/home/sc28/SC-28/1_definition/SC-28/camera.py","capture_and_detect","263","","","","","","","","","","","","","","","","","0","","","","","","","","","","","","","","","","","","","","","","","","","","","","",""
"1006.477579476","2026-05-12 19:21:07.347716","/home/sc28/SC-28/1_definition/SC-28/camera.py","capture_and_detect","264","","","","","","","","","","","","","","","","25.5","","","","","","","","","","","","","","","","","","","","","","","","","","","","","",""
"1006.481542711","2026-05-12 19:21:07.351691","/home/sc28/SC-28/1_definition/SC-28/camera.py","capture_and_detect","265","","","","","","","","","","","","","","","","","","110","127","","","","","","","","","","","","","","","","","","","","","","","","","","",""
"1006.484675006","2026-05-12 19:21:07.354821","/home/sc28/SC-28/1_definition/SC-28/camera.py","capture_and_detect","266","","","","","","","","","","","","","","","","","","","","640","480","","","","","","","","","","","","","","","","","","","","","","","","",""
"1006.557031979","2026-05-12 19:21:07.427176","/home/sc28/SC-28/1_definition/SC-28/camera.py","capture_and_detect","263","","","","","","","","","","","","","","","","","0","","","","","","","","","","","","","","","","","","","","","","","","","","","","",""
"1006.560286306","2026-05-12 19:21:07.430429","/home/sc28/SC-28/1_definition/SC-28/camera.py","capture_and_detect","264","","","","","","","","","","","","","","","","27.0","","","","","","","","","","","","","","","","","","","","","","","","","","","","","",""
"1006.572530333","2026-05-12 19:21:07.442680","/home/sc28/SC-28/1_definition/SC-28/camera.py","capture_and_detect","265","","","","","","","","","","","","","","","","","","113","126","","","","","","","","","","","","","","","","","","","","","","","","","","",""
"1006.57587117","2026-05-12 19:21:07.446019","/home/sc28/SC-28/1_definition/SC-28/camera.py","capture_and_detect","266","","","","","","","","","","","","","","","","","","","","640","480","","","","","","","","","","","","","","","","","","","","","","","","",""
"1006.649051529","2026-05-12 19:21:07.519196","/home/sc28/SC-28/1_definition/SC-28/camera.py","capture_and_detect","263","","","","","","","","","","","","","","","","","0","","","","","","","","","","","","","","","","","","","","","","","","","","","","",""
"1006.652365752","2026-05-12 19:21:07.522504","/home/sc28/SC-28/1_definition/SC-28/camera.py","capture_and_detect","264","","","","","","","","","","","","","","","","23.0","","","","","","","","","","","","","","","","","","","","","","","","","","","","","",""
"1006.655265548","2026-05-12 19:21:07.525407","/home/sc28/SC-28/1_definition/SC-28/camera.py","capture_and_detect","265","","","","","","","","","","","","","","","","","","119","124","","","","","","","","","","","","","","","","","","","","","","","","","","",""
"1006.663192694","2026-05-12 19:21:07.533340","/home/sc28/SC-28/1_definition/SC-28/camera.py","capture_and_detect","266","","","","","","","","","","","","","","","","","","","","640","480","","","","","","","","","","","","","","","","","","","","","","","","",""
"1006.736266177","2026-05-12 19:21:07.606414","/home/sc28/SC-28/1_definition/SC-28/camera.py","capture_and_detect","263","","","","","","","","","","","","","","","","","0","","","","","","","","","","","","","","","","","","","","","","","","","","","","",""
"1006.739758161","2026-05-12 19:21:07.609899","/home/sc28/SC-28/1_definition/SC-28/camera.py","capture_and_detect","264","","","","","","","","","","","","","","","","0.0","","","","","","","","","","","","","","","","","","","","","","","","","","","","","",""
"1006.742698373","2026-05-12 19:21:07.612840","/home/sc28/SC-28/1_definition/SC-28/camera.py","capture_and_detect","265","","","","","","","","","","","","","","","","","","320","240","","","","","","","","","","","","","","","","","","","","","","","","","","",""
"1006.745559627","2026-05-12 19:21:07.615703","/home/sc28/SC-28/1_definition/SC-28/camera.py","capture_and_detect","266","","","","","","","","","","","","","","","","","","","","640","480","","","","","","","","","","","","","","","","","","","","","","","","",""
"1006.813071958","2026-05-12 19:21:07.683214","/home/sc28/SC-28/1_definition/SC-28/camera.py","capture_and_detect","263","","","","","","","","","","","","","","","","","0","","","","","","","","","","","","","","","","","","","","","","","","","","","","",""
"1006.820038009","2026-05-12 19:21:07.690174","/home/sc28/SC-28/1_definition/SC-28/camera.py","capture_and_detect","264","","","","","","","","","","","","","","","","24.5","","","","","","","","","","","","","","","","","","","","","","","","","","","","","",""
"1006.822930929","2026-05-12 19:21:07.693071","/home/sc28/SC-28/1_definition/SC-28/camera.py","capture_and_detect","265","","","","","","","","","","","","","","","","","","106","138","","","","","","","","","","","","","","","","","","","","","","","","","","",""
"1006.82578911","2026-05-12 19:21:07.695930","/home/sc28/SC-28/1_definition/SC-28/camera.py","capture_and_detect","266","","","","","","","","","","","","","","","","","","","","640","480","","","","","","","","","","","","","","","","","","","","","","","","",""
"1006.893579045","2026-05-12 19:21:07.763725","/home/sc28/SC-28/1_definition/SC-28/camera.py","capture_and_detect","263","","","","","","","","","","","","","","","","","0","","","","","","","","","","","","","","","","","","","","","","","","","","","","",""
"1006.89688332","2026-05-12 19:21:07.767022","/home/sc28/SC-28/1_definition/SC-28/camera.py","capture_and_detect","264","","","","","","","","","","","","","","","","0.0","","","","","","","","","","","","","","","","","","","","","","","","","","","","","",""
"1006.899706813","2026-05-12 19:21:07.769848","/home/sc28/SC-28/1_definition/SC-28/camera.py","capture_and_detect","265","","","","","","","","","","","","","","","","","","320","240","","","","","","","","","","","","","","","","","","","","","","","","","","",""
"1006.906346562","2026-05-12 19:21:07.776496","/home/sc28/SC-28/1_definition/SC-28/camera.py","capture_and_detect","266","","","","","","","","","","","","","","","","","","","","640","480","","","","","","","","","","","","","","","","","","","","","","","","",""
"1006.981037339","2026-05-12 19:21:07.851182","/home/sc28/SC-28/1_definition/SC-28/camera.py","capture_and_detect","263","","","","","","","","","","","","","","","","","0","","","","","","","","","","","","","","","","","","","","","","","","","","","","",""
"1006.98433","2026-05-12 19:21:07.854467","/home/sc28/SC-28/1_definition/SC-28/camera.py","capture_and_detect","264","","","","","","","","","","","","","","","","29.0","","","","","","","","","","","","","","","","","","","","","","","","","","","","","",""
"1006.987149847","2026-05-12 19:21:07.857289","/home/sc28/SC-28/1_definition/SC-28/camera.py","capture_and_detect","265","","","","","","","","","","","","","","","","","","533","323","","","","","","","","","","","","","","","","","","","","","","","","","","",""
"1006.991230738","2026-05-12 19:21:07.861375","/home/sc28/SC-28/1_definition/SC-28/camera.py","capture_and_detect","266","","","","","","","","","","","","","","","","","","","","640","480","","","","","","","","","","","","","","","","","","","","","","","","",""
"1007.063541721","2026-05-12 19:21:07.933690","/home/sc28/SC-28/1_definition/SC-28/camera.py","capture_and_detect","263","","","","","","","","","","","","","","","","","0","","","","","","","","","","","","","","","","","","","","","","","","","","","","",""
"1007.066887454","2026-05-12 19:21:07.937028","/home/sc28/SC-28/1_definition/SC-28/camera.py","capture_and_detect","264","","","","","","","","","","","","","","","","0.0","","","","","","","","","","","","","","","","","","","","","","","","","","","","","",""
"1007.06976626","2026-05-12 19:21:07.939908","/home/sc28/SC-28/1_definition/SC-28/camera.py","capture_and_detect","265","","","","","","","","","","","","","","","","","","320","240","","","","","","","","","","","","","","","","","","","","","","","","","","",""
"1007.07254866","2026-05-12 19:21:07.942690","/home/sc28/SC-28/1_definition/SC-28/camera.py","capture_and_detect","266","","","","","","","","","","","","","","","","","","","","640","480","","","","","","","","","","","","","","","","","","","","","","","","",""
"1007.141083648","2026-05-12 19:21:08.011230","/home/sc28/SC-28/1_definition/SC-28/camera.py","capture_and_detect","263","","","","","","","","","","","","","","","","","0","","","","","","","","","","","","","","","","","","","","","","","","","","","","",""
"1007.144400319","2026-05-12 19:21:08.014539","/home/sc28/SC-28/1_definition/SC-28/camera.py","capture_and_detect","264","","","","","","","","","","","","","","","","0.0","","","","","","","","","","","","","","","","","","","","","","","","","","","","","",""
"1007.15104262","2026-05-12 19:21:08.021190","/home/sc28/SC-28/1_definition/SC-28/camera.py","capture_and_detect","265","","","","","","","","","","","","","","","","","","320","240","","","","","","","","","","","","","","","","","","","","","","","","","","",""
"1007.154161165","2026-05-12 19:21:08.024310","/home/sc28/SC-28/1_definition/SC-28/camera.py","capture_and_detect","266","","","","","","","","","","","","","","","","","","","","640","480","","","","","","","","","","","","","","","","","","","","","","","","",""
"1007.222807821","2026-05-12 19:21:08.092954","/home/sc28/SC-28/1_definition/SC-28/camera.py","capture_and_detect","263","","","","","","","","","","","","","","","","","0","","","","","","","","","","","","","","","","","","","","","","","","","","","","",""
"1007.226448086","2026-05-12 19:21:08.096593","/home/sc28/SC-28/1_definition/SC-28/camera.py","capture_and_detect","264","","","","","","","","","","","","","","","","0.0","","","","","","","","","","","","","","","","","","","","","","","","","","","","","",""
"1007.230044133","2026-05-12 19:21:08.100189","/home/sc28/SC-28/1_definition/SC-28/camera.py","capture_and_detect","265","","","","","","","","","","","","","","","","","","320","240","","","","","","","","","","","","","","","","","","","","","","","","","","",""
"1007.232969293","2026-05-12 19:21:08.103114","/home/sc28/SC-28/1_definition/SC-28/camera.py","capture_and_detect","266","","","","","","","","","","","","","","","","","","","","640","480","","","","","","","","","","","","","","","","","","","","","","","","",""
"1007.308481114","2026-05-12 19:21:08.178625","/home/sc28/SC-28/1_definition/SC-28/camera.py","capture_and_detect","263","","","","","","","","","","","","","","","","","0","","","","","","","","","","","","","","","","","","","","","","","","","","","","",""
"1007.311759035","2026-05-12 19:21:08.181896","/home/sc28/SC-28/1_definition/SC-28/camera.py","capture_and_detect","264","","","","","","","","","","","","","","","","22.0","","","","","","","","","","","","","","","","","","","","","","","","","","","","","",""
"1007.315853103","2026-05-12 19:21:08.185998","/home/sc28/SC-28/1_definition/SC-28/camera.py","capture_and_detect","265","","","","","","","","","","","","","","","","","","125","15","","","","","","","","","","","","","","","","","","","","","","","","","","",""
"1007.318771961","2026-05-12 19:21:08.188913","/home/sc28/SC-28/1_definition/SC-28/camera.py","capture_and_detect","266","","","","","","","","","","","","","","","","","","","","640","480","","","","","","","","","","","","","","","","","","","","","","","","",""
"1007.38678148","2026-05-12 19:21:08.256931","/home/sc28/SC-28/1_definition/SC-28/camera.py","capture_and_detect","263","","","","","","","","","","","","","","","","","0","","","","","","","","","","","","","","","","","","","","","","","","","","","","",""
"1007.394559668","2026-05-12 19:21:08.264694","/home/sc28/SC-28/1_definition/SC-28/camera.py","capture_and_detect","264","","","","","","","","","","","","","","","","43.5","","","","","","","","","","","","","","","","","","","","","","","","","","","","","",""
"1007.397726182","2026-05-12 19:21:08.267872","/home/sc28/SC-28/1_definition/SC-28/camera.py","capture_and_detect","265","","","","","","","","","","","","","","","","","","134","16","","","","","","","","","","","","","","","","","","","","","","","","","","",""
"1007.401032333","2026-05-12 19:21:08.271179","/home/sc28/SC-28/1_definition/SC-28/camera.py","capture_and_detect","266","","","","","","","","","","","","","","","","","","","","640","480","","","","","","","","","","","","","","","","","","","","","","","","",""
"1007.471014875","2026-05-12 19:21:08.341158","/home/sc28/SC-28/1_definition/SC-28/camera.py","capture_and_detect","263","","","","","","","","","","","","","","","","","0","","","","","","","","","","","","","","","","","","","","","","","","","","","","",""
"1007.474362952","2026-05-12 19:21:08.344496","/home/sc28/SC-28/1_definition/SC-28/camera.py","capture_and_detect","264","","","","","","","","","","","","","","","","34.5","","","","","","","","","","","","","","","","","","","","","","","","","","","","","",""
"1007.477223165","2026-05-12 19:21:08.347367","/home/sc28/SC-28/1_definition/SC-28/camera.py","capture_and_detect","265","","","","","","","","","","","","","","","","","","131","20","","","","","","","","","","","","","","","","","","","","","","","","","","",""
"1007.483512496","2026-05-12 19:21:08.353654","/home/sc28/SC-28/1_definition/SC-28/camera.py","capture_and_detect","266","","","","","","","","","","","","","","","","","","","","640","480","","","","","","","","","","","","","","","","","","","","","","","","",""
"1007.553174778","2026-05-12 19:21:08.423320","/home/sc28/SC-28/1_definition/SC-28/camera.py","capture_and_detect","263","","","","","","","","","","","","","","","","","0","","","","","","","","","","","","","","","","","","","","","","","","","","","","",""
"1007.556636137","2026-05-12 19:21:08.426778","/home/sc28/SC-28/1_definition/SC-28/camera.py","capture_and_detect","264","","","","","","","","","","","","","","","","29.0","","","","","","","","","","","","","","","","","","","","","","","","","","","","","",""
"1007.559688276","2026-05-12 19:21:08.429830","/home/sc28/SC-28/1_definition/SC-28/camera.py","capture_and_detect","265","","","","","","","","","","","","","","","","","","133","204","","","","","","","","","","","","","","","","","","","","","","","","","","",""
"1007.563764844","2026-05-12 19:21:08.433909","/home/sc28/SC-28/1_definition/SC-28/camera.py","capture_and_detect","266","","","","","","","","","","","","","","","","","","","","640","480","","","","","","","","","","","","","","","","","","","","","","","","",""
"1007.631360404","2026-05-12 19:21:08.501510","/home/sc28/SC-28/1_definition/SC-28/camera.py","capture_and_detect","263","","","","","","","","","","","","","","","","","0","","","","","","","","","","","","","","","","","","","","","","","","","","","","",""
"1007.638322549","2026-05-12 19:21:08.508461","/home/sc28/SC-28/1_definition/SC-28/camera.py","capture_and_detect","264","","","","","","","","","","","","","","","","24.0","","","","","","","","","","","","","","","","","","","","","","","","","","","","","",""
"1007.642231617","2026-05-12 19:21:08.512373","/home/sc28/SC-28/1_definition/SC-28/camera.py","capture_and_detect","265","","","","","","","","","","","","","","","","","","124","203","","","","","","","","","","","","","","","","","","","","","","","","","","",""
"1007.645041829","2026-05-12 19:21:08.515184","/home/sc28/SC-28/1_definition/SC-28/camera.py","capture_and_detect","266","","","","","","","","","","","","","","","","","","","","640","480","","","","","","","","","","","","","","","","","","","","","","","","",""
"1007.714156714","2026-05-12 19:21:08.584299","/home/sc28/SC-28/1_definition/SC-28/camera.py","capture_and_detect","263","","","","","","","","","","","","","","","","","0","","","","","","","","","","","","","","","","","","","","","","","","","","","","",""
"1007.717461979","2026-05-12 19:21:08.587603","/home/sc28/SC-28/1_definition/SC-28/camera.py","capture_and_detect","264","","","","","","","","","","","","","","","","40.0","","","","","","","","","","","","","","","","","","","","","","","","","","","","","",""
"1007.723875373","2026-05-12 19:21:08.594019","/home/sc28/SC-28/1_definition/SC-28/camera.py","capture_and_detect","265","","","","","","","","","","","","","","","","","","122","3","","","","","","","","","","","","","","","","","","","","","","","","","","",""
"1007.726778138","2026-05-12 19:21:08.596920","/home/sc28/SC-28/1_definition/SC-28/camera.py","capture_and_detect","266","","","","","","","","","","","","","","","","","","","","640","480","","","","","","","","","","","","","","","","","","","","","","","","",""
"1007.797568806","2026-05-12 19:21:08.667713","/home/sc28/SC-28/1_definition/SC-28/camera.py","capture_and_detect","263","","","","","","","","","","","","","","","","","0","","","","","","","","","","","","","","","","","","","","","","","","","","","","",""
"1007.800918081","2026-05-12 19:21:08.671055","/home/sc28/SC-28/1_definition/SC-28/camera.py","capture_and_detect","264","","","","","","","","","","","","","","","","26.0","","","","","","","","","","","","","","","","","","","","","","","","","","","","","",""
"1007.803753971","2026-05-12 19:21:08.673894","/home/sc28/SC-28/1_definition/SC-28/camera.py","capture_and_detect","265","","","","","","","","","","","","","","","","","","122","197","","","","","","","","","","","","","","","","","","","","","","","","","","",""
"1007.806889808","2026-05-12 19:21:08.677041","/home/sc28/SC-28/1_definition/SC-28/camera.py","capture_and_detect","266","","","","","","","","","","","","","","","","","","","","640","480","","","","","","","","","","","","","","","","","","","","","","","","",""
"1007.880792669","2026-05-12 19:21:08.750942","/home/sc28/SC-28/1_definition/SC-28/camera.py","capture_and_detect","263","","","","","","","","","","","","","","","","","0","","","","","","","","","","","","","","","","","","","","","","","","","","","","",""
"1007.884472153","2026-05-12 19:21:08.754610","/home/sc28/SC-28/1_definition/SC-28/camera.py","capture_and_detect","264","","","","","","","","","","","","","","","","29.0","","","","","","","","","","","","","","","","","","","","","","","","","","","","","",""
"1007.887570178","2026-05-12 19:21:08.757714","/home/sc28/SC-28/1_definition/SC-28/camera.py","capture_and_detect","265","","","","","","","","","","","","","","","","","","123","196","","","","","","","","","","","","","","","","","","","","","","","","","","",""
"1007.890520911","2026-05-12 19:21:08.760663","/home/sc28/SC-28/1_definition/SC-28/camera.py","capture_and_detect","266","","","","","","","","","","","","","","","","","","","","640","480","","","","","","","","","","","","","","","","","","","","","","","","",""
"1007.960396214","2026-05-12 19:21:08.830542","/home/sc28/SC-28/1_definition/SC-28/camera.py","capture_and_detect","263","","","","","","","","","","","","","","","","","0","","","","","","","","","","","","","","","","","","","","","","","","","","","","",""
"1007.963703249","2026-05-12 19:21:08.833841","/home/sc28/SC-28/1_definition/SC-28/camera.py","capture_and_detect","264","","","","","","","","","","","","","","","","37.0","","","","","","","","","","","","","","","","","","","","","","","","","","","","","",""
"1007.971145343","2026-05-12 19:21:08.841291","/home/sc28/SC-28/1_definition/SC-28/camera.py","capture_and_detect","265","","","","","","","","","","","","","","","","","","124","3","","","","","","","","","","","","","","","","","","","","","","","","","","",""
"1007.973998107","2026-05-12 19:21:08.844140","/home/sc28/SC-28/1_definition/SC-28/camera.py","capture_and_detect","266","","","","","","","","","","","","","","","","","","","","640","480","","","","","","","","","","","","","","","","","","","","","","","","",""
"1008.041770074","2026-05-12 19:21:08.911914","/home/sc28/SC-28/1_definition/SC-28/camera.py","capture_and_detect","263","","","","","","","","","","","","","","","","","0","","","","","","","","","","","","","","","","","","","","","","","","","","","","",""
"1008.045112787","2026-05-12 19:21:08.915246","/home/sc28/SC-28/1_definition/SC-28/camera.py","capture_and_detect","264","","","","","","","","","","","","","","","","24.5","","","","","","","","","","","","","","","","","","","","","","","","","","","","","",""
"1008.047960395","2026-05-12 19:21:08.918101","/home/sc28/SC-28/1_definition/SC-28/camera.py","capture_and_detect","265","","","","","","","","","","","","","","","","","","124","6","","","","","","","","","","","","","","","","","","","","","","","","","","",""
"1008.054323268","2026-05-12 19:21:08.924465","/home/sc28/SC-28/1_definition/SC-28/camera.py","capture_and_detect","266","","","","","","","","","","","","","","","","","","","","640","480","","","","","","","","","","","","","","","","","","","","","","","","",""
"1008.126427792","2026-05-12 19:21:08.996573","/home/sc28/SC-28/1_definition/SC-28/camera.py","capture_and_detect","263","","","","","","","","","","","","","","","","","0","","","","","","","","","","","","","","","","","","","","","","","","","","","","",""
"1008.12994061","2026-05-12 19:21:09.000085","/home/sc28/SC-28/1_definition/SC-28/camera.py","capture_and_detect","264","","","","","","","","","","","","","","","","0.0","","","","","","","","","","","","","","","","","","","","","","","","","","","","","",""
"1008.133082124","2026-05-12 19:21:09.003230","/home/sc28/SC-28/1_definition/SC-28/camera.py","capture_and_detect","265","","","","","","","","","","","","","","","","","","320","240","","","","","","","","","","","","","","","","","","","","","","","","","","",""
"1008.13810609","2026-05-12 19:21:09.008250","/home/sc28/SC-28/1_definition/SC-28/camera.py","capture_and_detect","266","","","","","","","","","","","","","","","","","","","","640","480","","","","","","","","","","","","","","","","","","","","","","","","",""
"1008.210959157","2026-05-12 19:21:09.081103","/home/sc28/SC-28/1_definition/SC-28/camera.py","capture_and_detect","263","","","","","","","","","","","","","","","","","0","","","","","","","","","","","","","","","","","","","","","","","","","","","","",""
"1008.218112188","2026-05-12 19:21:09.088249","/home/sc28/SC-28/1_definition/SC-28/camera.py","capture_and_detect","264","","","","","","","","","","","","","","","","45.5","","","","","","","","","","","","","","","","","","","","","","","","","","","","","",""
"1008.221393911","2026-05-12 19:21:09.091541","/home/sc28/SC-28/1_definition/SC-28/camera.py","capture_and_detect","265","","","","","","","","","","","","","","","","","","153","4","","","","","","","","","","","","","","","","","","","","","","","","","","",""
"1008.224736624","2026-05-12 19:21:09.094885","/home/sc28/SC-28/1_definition/SC-28/camera.py","capture_and_detect","266","","","","","","","","","","","","","","","","","","","","640","480","","","","","","","","","","","","","","","","","","","","","","","","",""
"1008.293509843","2026-05-12 19:21:09.163654","/home/sc28/SC-28/1_definition/SC-28/camera.py","capture_and_detect","263","","","","","","","","","","","","","","","","","0","","","","","","","","","","","","","","","","","","","","","","","","","","","","",""
"1008.297985474","2026-05-12 19:21:09.168126","/home/sc28/SC-28/1_definition/SC-28/camera.py","capture_and_detect","264","","","","","","","","","","","","","","","","0.0","","","","","","","","","","","","","","","","","","","","","","","","","","","","","",""
"1008.304387358","2026-05-12 19:21:09.174532","/home/sc28/SC-28/1_definition/SC-28/camera.py","capture_and_detect","265","","","","","","","","","","","","","","","","","","320","240","","","","","","","","","","","","","","","","","","","","","","","","","","",""
"1008.307202466","2026-05-12 19:21:09.177343","/home/sc28/SC-28/1_definition/SC-28/camera.py","capture_and_detect","266","","","","","","","","","","","","","","","","","","","","640","480","","","","","","","","","","","","","","","","","","","","","","","","",""
"1008.375124694","2026-05-12 19:21:09.245270","/home/sc28/SC-28/1_definition/SC-28/camera.py","capture_and_detect","263","","","","","","","","","","","","","","","","","0","","","","","","","","","","","","","","","","","","","","","","","","","","","","",""
"1008.378420792","2026-05-12 19:21:09.248559","/home/sc28/SC-28/1_definition/SC-28/camera.py","capture_and_detect","264","","","","","","","","","","","","","","","","0.0","","","","","","","","","","","","","","","","","","","","","","","","","","","","","",""
"1008.381299598","2026-05-12 19:21:09.251441","/home/sc28/SC-28/1_definition/SC-28/camera.py","capture_and_detect","265","","","","","","","","","","","","","","","","","","320","240","","","","","","","","","","","","","","","","","","","","","","","","","","",""
"1008.384120018","2026-05-12 19:21:09.254261","/home/sc28/SC-28/1_definition/SC-28/camera.py","capture_and_detect","266","","","","","","","","","","","","","","","","","","","","640","480","","","","","","","","","","","","","","","","","","","","","","","","",""
"1008.458716266","2026-05-12 19:21:09.328861","/home/sc28/SC-28/1_definition/SC-28/camera.py","capture_and_detect","263","","","","","","","","","","","","","","","","","0","","","","","","","","","","","","","","","","","","","","","","","","","","","","",""
"1008.462178927","2026-05-12 19:21:09.332315","/home/sc28/SC-28/1_definition/SC-28/camera.py","capture_and_detect","264","","","","","","","","","","","","","","","","27.5","","","","","","","","","","","","","","","","","","","","","","","","","","","","","",""
"1008.465261379","2026-05-12 19:21:09.335407","/home/sc28/SC-28/1_definition/SC-28/camera.py","capture_and_detect","265","","","","","","","","","","","","","","","","","","162","193","","","","","","","","","","","","","","","","","","","","","","","","","","",""
"1008.468534248","2026-05-12 19:21:09.338678","/home/sc28/SC-28/1_definition/SC-28/camera.py","capture_and_detect","266","","","","","","","","","","","","","","","","","","","","640","480","","","","","","","","","","","","","","","","","","","","","","","","",""
"1008.538892208","2026-05-12 19:21:09.409037","/home/sc28/SC-28/1_definition/SC-28/camera.py","capture_and_detect","263","","","","","","","","","","","","","","","","","0","","","","","","","","","","","","","","","","","","","","","","","","","","","","",""
"1008.542614974","2026-05-12 19:21:09.412754","/home/sc28/SC-28/1_definition/SC-28/camera.py","capture_and_detect","264","","","","","","","","","","","","","","","","0.0","","","","","","","","","","","","","","","","","","","","","","","","","","","","","",""
"1008.54902993","2026-05-12 19:21:09.419173","/home/sc28/SC-28/1_definition/SC-28/camera.py","capture_and_detect","265","","","","","","","","","","","","","","","","","","320","240","","","","","","","","","","","","","","","","","","","","","","","","","","",""
"1008.55187832","2026-05-12 19:21:09.422019","/home/sc28/SC-28/1_definition/SC-28/camera.py","capture_and_detect","266","","","","","","","","","","","","","","","","","","","","640","480","","","","","","","","","","","","","","","","","","","","","","","","",""
"1008.623160552","2026-05-12 19:21:09.493305","/home/sc28/SC-28/1_definition/SC-28/camera.py","capture_and_detect","263","","","","","","","","","","","","","","","","","0","","","","","","","","","","","","","","","","","","","","","","","","","","","","",""
"1008.627530923","2026-05-12 19:21:09.497673","/home/sc28/SC-28/1_definition/SC-28/camera.py","capture_and_detect","264","","","","","","","","","","","","","","","","24.0","","","","","","","","","","","","","","","","","","","","","","","","","","","","","",""
"1008.630493479","2026-05-12 19:21:09.500635","/home/sc28/SC-28/1_definition/SC-28/camera.py","capture_and_detect","265","","","","","","","","","","","","","","","","","","165","355","","","","","","","","","","","","","","","","","","","","","","","","","","",""
"1008.636930936","2026-05-12 19:21:09.507074","/home/sc28/SC-28/1_definition/SC-28/camera.py","capture_and_detect","266","","","","","","","","","","","","","","","","","","","","640","480","","","","","","","","","","","","","","","","","","","","","","","","",""
"1008.711093901","2026-05-12 19:21:09.581238","/home/sc28/SC-28/1_definition/SC-28/camera.py","capture_and_detect","263","","","","","","","","","","","","","","","","","0","","","","","","","","","","","","","","","","","","","","","","","","","","","","",""
"1008.714613125","2026-05-12 19:21:09.584751","/home/sc28/SC-28/1_definition/SC-28/camera.py","capture_and_detect","264","","","","","","","","","","","","","","","","36.5","","","","","","","","","","","","","","","","","","","","","","","","","","","","","",""
"1008.717927765","2026-05-12 19:21:09.588080","/home/sc28/SC-28/1_definition/SC-28/camera.py","capture_and_detect","265","","","","","","","","","","","","","","","","","","168","2","","","","","","","","","","","","","","","","","","","","","","","","","","",""
"1008.722579698","2026-05-12 19:21:09.592723","/home/sc28/SC-28/1_definition/SC-28/camera.py","capture_and_detect","266","","","","","","","","","","","","","","","","","","","","640","480","","","","","","","","","","","","","","","","","","","","","","","","",""
"1008.795108911","2026-05-12 19:21:09.665260","/home/sc28/SC-28/1_definition/SC-28/camera.py","capture_and_detect","263","","","","","","","","","","","","","","","","","0","","","","","","","","","","","","","","","","","","","","","","","","","","","","",""
"1008.802487672","2026-05-12 19:21:09.672620","/home/sc28/SC-28/1_definition/SC-28/camera.py","capture_and_detect","264","","","","","","","","","","","","","","","","203.5","","","","","","","","","","","","","","","","","","","","","","","","","","","","","",""
"1008.805719863","2026-05-12 19:21:09.675868","/home/sc28/SC-28/1_definition/SC-28/camera.py","capture_and_detect","265","","","","","","","","","","","","","","","","","","221","332","","","","","","","","","","","","","","","","","","","","","","","","","","",""
"1008.809064868","2026-05-12 19:21:09.679213","/home/sc28/SC-28/1_definition/SC-28/camera.py","capture_and_detect","266","","","","","","","","","","","","","","","","","","","","640","480","","","","","","","","","","","","","","","","","","","","","","","","",""
"1008.877946785","2026-05-12 19:21:09.748090","/home/sc28/SC-28/1_definition/SC-28/camera.py","capture_and_detect","263","","","","","","","","","","","","","","","","","0","","","","","","","","","","","","","","","","","","","","","","","","","","","","",""
"1008.881451946","2026-05-12 19:21:09.751593","/home/sc28/SC-28/1_definition/SC-28/camera.py","capture_and_detect","264","","","","","","","","","","","","","","","","206.0","","","","","","","","","","","","","","","","","","","","","","","","","","","","","",""
"1008.884480752","2026-05-12 19:21:09.754626","/home/sc28/SC-28/1_definition/SC-28/camera.py","capture_and_detect","265","","","","","","","","","","","","","","","","","","251","339","","","","","","","","","","","","","","","","","","","","","","","","","","",""
"1008.89365566","2026-05-12 19:21:09.763836","/home/sc28/SC-28/1_definition/SC-28/camera.py","capture_and_detect","266","","","","","","","","","","","","","","","","","","","","640","480","","","","","","","","","","","","","","","","","","","","","","","","",""
"1008.969860556","2026-05-12 19:21:09.840001","/home/sc28/SC-28/1_definition/SC-28/camera.py","capture_and_detect","263","","","","","","","","","","","","","","","","","1","","","","","","","","","","","","","","","","","","","","","","","","","","","","",""
"1008.973137175","2026-05-12 19:21:09.843271","/home/sc28/SC-28/1_definition/SC-28/camera.py","capture_and_detect","264","","","","","","","","","","","","","","","","1232.5","","","","","","","","","","","","","","","","","","","","","","","","","","","","","",""
"1008.975978741","2026-05-12 19:21:09.846162","/home/sc28/SC-28/1_definition/SC-28/camera.py","capture_and_detect","265","","","","","","","","","","","","","","","","","","283","344","","","","","","","","","","","","","","","","","","","","","","","","","","",""
"1008.980158955","2026-05-12 19:21:09.850302","/home/sc28/SC-28/1_definition/SC-28/camera.py","capture_and_detect","266","","","","","","","","","","","","","","","","","","","","640","480","","","","","","","","","","","","","","","","","","","","","","","","",""
"1009.071617986","2026-05-12 19:21:09.941761","/home/sc28/SC-28/1_definition/SC-28/camera.py","capture_and_detect","263","","","","","","","","","","","","","","","","","1","","","","","","","","","","","","","","","","","","","","","","","","","","","","",""
"1009.075032366","2026-05-12 19:21:09.945171","/home/sc28/SC-28/1_definition/SC-28/camera.py","capture_and_detect","264","","","","","","","","","","","","","","","","677.0","","","","","","","","","","","","","","","","","","","","","","","","","","","","","",""
"1009.077849609","2026-05-12 19:21:09.947991","/home/sc28/SC-28/1_definition/SC-28/camera.py","capture_and_detect","265","","","","","","","","","","","","","","","","","","299","337","","","","","","","","","","","","","","","","","","","","","","","","","","",""
"1009.080726332","2026-05-12 19:21:09.950870","/home/sc28/SC-28/1_definition/SC-28/camera.py","capture_and_detect","266","","","","","","","","","","","","","","","","","","","","640","480","","","","","","","","","","","","","","","","","","","","","","","","",""
"1015.396143647","2026-05-12 19:21:16.266290","/home/sc28/SC-28/1_definition/SC-28/camera.py","capture_and_detect","263","","","","","","","","","","","","","","","","","1","","","","","","","","","","","","","","","","","","","","","","","","","","","","",""
"1015.399668757","2026-05-12 19:21:16.269803","/home/sc28/SC-28/1_definition/SC-28/camera.py","capture_and_detect","264","","","","","","","","","","","","","","","","419.5","","","","","","","","","","","","","","","","","","","","","","","","","","","","","",""
"1015.403434335","2026-05-12 19:21:16.273577","/home/sc28/SC-28/1_definition/SC-28/camera.py","capture_and_detect","265","","","","","","","","","","","","","","","","","","284","336","","","","","","","","","","","","","","","","","","","","","","","","","","",""
"1015.406222672","2026-05-12 19:21:16.276364","/home/sc28/SC-28/1_definition/SC-28/camera.py","capture_and_detect","266","","","","","","","","","","","","","","","","","","","","640","480","","","","","","","","","","","","","","","","","","","","","","","","",""
"1015.482907365","2026-05-12 19:21:16.353055","/home/sc28/SC-28/1_definition/SC-28/camera.py","capture_and_detect","263","","","","","","","","","","","","","","","","","1","","","","","","","","","","","","","","","","","","","","","","","","","","","","",""
"1015.486982215","2026-05-12 19:21:16.357115","/home/sc28/SC-28/1_definition/SC-28/camera.py","capture_and_detect","264","","","","","","","","","","","","","","","","3249.5","","","","","","","","","","","","","","","","","","","","","","","","","","","","","",""
"1015.489862844","2026-05-12 19:21:16.360004","/home/sc28/SC-28/1_definition/SC-28/camera.py","capture_and_detect","265","","","","","","","","","","","","","","","","","","217","300","","","","","","","","","","","","","","","","","","","","","","","","","","",""
"1015.492663733","2026-05-12 19:21:16.362804","/home/sc28/SC-28/1_definition/SC-28/camera.py","capture_and_detect","266","","","","","","","","","","","","","","","","","","","","640","480","","","","","","","","","","","","","","","","","","","","","","","","",""
"1015.56533665","2026-05-12 19:21:16.435478","/home/sc28/SC-28/1_definition/SC-28/camera.py","capture_and_detect","263","","","","","","","","","","","","","","","","","1","","","","","","","","","","","","","","","","","","","","","","","","","","","","",""
"1015.572251399","2026-05-12 19:21:16.442384","/home/sc28/SC-28/1_definition/SC-28/camera.py","capture_and_detect","264","","","","","","","","","","","","","","","","3804.5","","","","","","","","","","","","","","","","","","","","","","","","","","","","","",""
"1015.575088018","2026-05-12 19:21:16.445227","/home/sc28/SC-28/1_definition/SC-28/camera.py","capture_and_detect","265","","","","","","","","","","","","","","","","","","220","301","","","","","","","","","","","","","","","","","","","","","","","","","","",""
"1015.577883491","2026-05-12 19:21:16.448025","/home/sc28/SC-28/1_definition/SC-28/camera.py","capture_and_detect","266","","","","","","","","","","","","","","","","","","","","640","480","","","","","","","","","","","","","","","","","","","","","","","","",""
"1015.648618852","2026-05-12 19:21:16.518760","/home/sc28/SC-28/1_definition/SC-28/camera.py","capture_and_detect","263","","","","","","","","","","","","","","","","","1","","","","","","","","","","","","","","","","","","","","","","","","","","","","",""
"1015.652179691","2026-05-12 19:21:16.522313","/home/sc28/SC-28/1_definition/SC-28/camera.py","capture_and_detect","264","","","","","","","","","","","","","","","","3482.5","","","","","","","","","","","","","","","","","","","","","","","","","","","","","",""
"1015.65506933","2026-05-12 19:21:16.525209","/home/sc28/SC-28/1_definition/SC-28/camera.py","capture_and_detect","265","","","","","","","","","","","","","","","","","","224","312","","","","","","","","","","","","","","","","","","","","","","","","","","",""
"1015.66134762","2026-05-12 19:21:16.531491","/home/sc28/SC-28/1_definition/SC-28/camera.py","capture_and_detect","266","","","","","","","","","","","","","","","","","","","","640","480","","","","","","","","","","","","","","","","","","","","","","","","",""
"1015.732807723","2026-05-12 19:21:16.602958","/home/sc28/SC-28/1_definition/SC-28/camera.py","capture_and_detect","263","","","","","","","","","","","","","","","","","1","","","","","","","","","","","","","","","","","","","","","","","","","","","","",""
"1015.736839655","2026-05-12 19:21:16.606972","/home/sc28/SC-28/1_definition/SC-28/camera.py","capture_and_detect","264","","","","","","","","","","","","","","","","2934.5","","","","","","","","","","","","","","","","","","","","","","","","","","","","","",""
"1015.740156118","2026-05-12 19:21:16.610300","/home/sc28/SC-28/1_definition/SC-28/camera.py","capture_and_detect","265","","","","","","","","","","","","","","","","","","215","310","","","","","","","","","","","","","","","","","","","","","","","","","","",""
"1015.743000445","2026-05-12 19:21:16.613141","/home/sc28/SC-28/1_definition/SC-28/camera.py","capture_and_detect","266","","","","","","","","","","","","","","","","","","","","640","480","","","","","","","","","","","","","","","","","","","","","","","","",""
"1021.988868263","2026-05-12 19:21:22.859010","/home/sc28/SC-28/1_definition/SC-28/camera.py","capture_and_detect","263","","","","","","","","","","","","","","","","","1","","","","","","","","","","","","","","","","","","","","","","","","","","","","",""
"1021.992293684","2026-05-12 19:21:22.862431","/home/sc28/SC-28/1_definition/SC-28/camera.py","capture_and_detect","264","","","","","","","","","","","","","","","","3114.0","","","","","","","","","","","","","","","","","","","","","","","","","","","","","",""
"1021.995140147","2026-05-12 19:21:22.865280","/home/sc28/SC-28/1_definition/SC-28/camera.py","capture_and_detect","265","","","","","","","","","","","","","","","","","","222","311","","","","","","","","","","","","","","","","","","","","","","","","","","",""
"1021.999439268","2026-05-12 19:21:22.869582","/home/sc28/SC-28/1_definition/SC-28/camera.py","capture_and_detect","266","","","","","","","","","","","","","","","","","","","","640","480","","","","","","","","","","","","","","","","","","","","","","","","",""
"1022.069815414","2026-05-12 19:21:22.939956","/home/sc28/SC-28/1_definition/SC-28/camera.py","capture_and_detect","263","","","","","","","","","","","","","","","","","1","","","","","","","","","","","","","","","","","","","","","","","","","","","","",""
"1022.076580528","2026-05-12 19:21:22.946714","/home/sc28/SC-28/1_definition/SC-28/camera.py","capture_and_detect","264","","","","","","","","","","","","","","","","4794.5","","","","","","","","","","","","","","","","","","","","","","","","","","","","","",""
"1022.079475637","2026-05-12 19:21:22.949616","/home/sc28/SC-28/1_definition/SC-28/camera.py","capture_and_detect","265","","","","","","","","","","","","","","","","","","234","312","","","","","","","","","","","","","","","","","","","","","","","","","","",""
"1022.082265797","2026-05-12 19:21:22.952406","/home/sc28/SC-28/1_definition/SC-28/camera.py","capture_and_detect","266","","","","","","","","","","","","","","","","","","","","640","480","","","","","","","","","","","","","","","","","","","","","","","","",""
"1022.156767731","2026-05-12 19:21:23.026912","/home/sc28/SC-28/1_definition/SC-28/camera.py","capture_and_detect","263","","","","","","","","","","","","","","","","","1","","","","","","","","","","","","","","","","","","","","","","","","","","","","",""
"1022.160725081","2026-05-12 19:21:23.030867","/home/sc28/SC-28/1_definition/SC-28/camera.py","capture_and_detect","264","","","","","","","","","","","","","","","","3908.0","","","","","","","","","","","","","","","","","","","","","","","","","","","","","",""
"1022.163795658","2026-05-12 19:21:23.033941","/home/sc28/SC-28/1_definition/SC-28/camera.py","capture_and_detect","265","","","","","","","","","","","","","","","","","","231","293","","","","","","","","","","","","","","","","","","","","","","","","","","",""
"1022.17034421","2026-05-12 19:21:23.040488","/home/sc28/SC-28/1_definition/SC-28/camera.py","capture_and_detect","266","","","","","","","","","","","","","","","","","","","","640","480","","","","","","","","","","","","","","","","","","","","","","","","",""
"1022.242602026","2026-05-12 19:21:23.112746","/home/sc28/SC-28/1_definition/SC-28/camera.py","capture_and_detect","263","","","","","","","","","","","","","","","","","1","","","","","","","","","","","","","","","","","","","","","","","","","","","","",""
"1022.250096933","2026-05-12 19:21:23.120238","/home/sc28/SC-28/1_definition/SC-28/camera.py","capture_and_detect","264","","","","","","","","","","","","","","","","4155.0","","","","","","","","","","","","","","","","","","","","","","","","","","","","","",""
"1022.254526106","2026-05-12 19:21:23.124673","/home/sc28/SC-28/1_definition/SC-28/camera.py","capture_and_detect","265","","","","","","","","","","","","","","","","","","233","294","","","","","","","","","","","","","","","","","","","","","","","","","","",""
"1022.258675175","2026-05-12 19:21:23.128823","/home/sc28/SC-28/1_definition/SC-28/camera.py","capture_and_detect","266","","","","","","","","","","","","","","","","","","","","640","480","","","","","","","","","","","","","","","","","","","","","","","","",""
"1022.327871685","2026-05-12 19:21:23.198015","/home/sc28/SC-28/1_definition/SC-28/camera.py","capture_and_detect","263","","","","","","","","","","","","","","","","","1","","","","","","","","","","","","","","","","","","","","","","","","","","","","",""
"1022.33491081","2026-05-12 19:21:23.205044","/home/sc28/SC-28/1_definition/SC-28/camera.py","capture_and_detect","264","","","","","","","","","","","","","","","","5255.5","","","","","","","","","","","","","","","","","","","","","","","","","","","","","",""
"1022.337990971","2026-05-12 19:21:23.208136","/home/sc28/SC-28/1_definition/SC-28/camera.py","capture_and_detect","265","","","","","","","","","","","","","","","","","","233","319","","","","","","","","","","","","","","","","","","","","","","","","","","",""
"1022.343012489","2026-05-12 19:21:23.213174","/home/sc28/SC-28/1_definition/SC-28/camera.py","capture_and_detect","266","","","","","","","","","","","","","","","","","","","","640","480","","","","","","","","","","","","","","","","","","","","","","","","",""
