time,date,file,func,line,serious_error,error,warning,msg,format_exception,phase,gnss_time,lat,lon,alt,alt_base_press,goal_lat,goal_lon,temp,press,camera_area,camera_order,camera_center_x,camera_center_y,camera_frame_size_x,camera_frame_size_y,motor_l,motor_r,goal_relative_x,goal_relative_y,goal_relative_angle_rad,goal_distance,accel_all_x,accel_all_y,accel_all_z,accel_line_x,accel_line_y,accel_line_z,mag_x,mag_y,mag_z,gyro_x,gyro_y,gyro_z,grav_x,grav_y,grav_z,euler_x,euler_y,euler_z,nmea
"236.917970207","2026-05-12 19:08:17.788135","/home/sc28/SC-28/1_definition/SC-28/camera.py","capture_and_detect","263","","","","","","","","","","","","","","","","","0","","","","","","","","","","","","","","","","","","","","","","","","","","","","",""
"236.923702945","2026-05-12 19:08:17.793850","/home/sc28/SC-28/1_definition/SC-28/camera.py","capture_and_detect","264","","","","","","","","","","","","","","","","0.0","","","","","","","","","","","","","","","","","","","","","","","","","","","","","",""
"236.92695233","2026-05-12 19:08:17.797098","/home/sc28/SC-28/1_definition/SC-28/camera.py","capture_and_detect","265","","","","","","","","","","","","","","","","","","320","240","","","","","","","","","","","","","","","","","","","","","","","","","","",""
"236.930221141","2026-05-12 19:08:17.800371","/home/sc28/SC-28/1_definition/SC-28/camera.py","capture_and_detect","266","","","","","","","","","","","","","","","","","","","","640","480","","","","","","","","","","","","","","","","","","","","","","","","",""
"250.776479787","2026-05-12 19:08:31.677962","/home/sc28/SC-28/1_definition/SC-28/camera.py","capture_and_detect","263","","","","","","","","","","","","","","","","","0","","","","","","","","","","","","","","","","","","","","","","","","","","","","",""
"250.987367759","2026-05-12 19:08:31.857511","/home/sc28/SC-28/1_definition/SC-28/camera.py","capture_and_detect","264","","","","","","","","","","","","","","","","0.0","","","","","","","","","","","","","","","","","","","","","","","","","","","","","",""
"251.011680914","2026-05-12 19:08:31.881830","/home/sc28/SC-28/1_definition/SC-28/camera.py","capture_and_detect","265","","","","","","","","","","","","","","","","","","320","240","","","","","","","","","","","","","","","","","","","","","","","","","","",""
"251.025137998","2026-05-12 19:08:31.895286","/home/sc28/SC-28/1_definition/SC-28/camera.py","capture_and_detect","266","","","","","","","","","","","","","","","","","","","","640","480","","","","","","","","","","","","","","","","","","","","","","","","",""
"251.477408458","2026-05-12 19:08:32.347574","/home/sc28/SC-28/1_definition/SC-28/camera.py","capture_and_detect","263","","","","","","","","","","","","","","","","","0","","","","","","","","","","","","","","","","","","","","","","","","","","","","",""
"251.500589701","2026-05-12 19:08:32.370732","/home/sc28/SC-28/1_definition/SC-28/camera.py","capture_and_detect","264","","","","","","","","","","","","","","","","0.0","","","","","","","","","","","","","","","","","","","","","","","","","","","","","",""
"251.522247264","2026-05-12 19:08:32.392395","/home/sc28/SC-28/1_definition/SC-28/camera.py","capture_and_detect","265","","","","","","","","","","","","","","","","","","320","240","","","","","","","","","","","","","","","","","","","","","","","","","","",""
"251.546776565","2026-05-12 19:08:32.416927","/home/sc28/SC-28/1_definition/SC-28/camera.py","capture_and_detect","266","","","","","","","","","","","","","","","","","","","","640","480","","","","","","","","","","","","","","","","","","","","","","","","",""
"251.682638803","2026-05-12 19:08:32.552788","/home/sc28/SC-28/1_definition/SC-28/camera.py","capture_and_detect","263","","","","","","","","","","","","","","","","","0","","","","","","","","","","","","","","","","","","","","","","","","","","","","",""
"251.695979378","2026-05-12 19:08:32.566163","/home/sc28/SC-28/1_definition/SC-28/camera.py","capture_and_detect","264","","","","","","","","","","","","","","","","66.0","","","","","","","","","","","","","","","","","","","","","","","","","","","","","",""
"251.716954449","2026-05-12 19:08:32.587102","/home/sc28/SC-28/1_definition/SC-28/camera.py","capture_and_detect","265","","","","","","","","","","","","","","","","","","409","392","","","","","","","","","","","","","","","","","","","","","","","","","","",""
"251.752614715","2026-05-12 19:08:32.622764","/home/sc28/SC-28/1_definition/SC-28/camera.py","capture_and_detect","266","","","","","","","","","","","","","","","","","","","","640","480","","","","","","","","","","","","","","","","","","","","","","","","",""
"251.854260993","2026-05-12 19:08:32.724408","/home/sc28/SC-28/1_definition/SC-28/camera.py","capture_and_detect","263","","","","","","","","","","","","","","","","","0","","","","","","","","","","","","","","","","","","","","","","","","","","","","",""
"251.861789343","2026-05-12 19:08:32.731931","/home/sc28/SC-28/1_definition/SC-28/camera.py","capture_and_detect","264","","","","","","","","","","","","","","","","0.0","","","","","","","","","","","","","","","","","","","","","","","","","","","","","",""
"251.869252226","2026-05-12 19:08:32.739400","/home/sc28/SC-28/1_definition/SC-28/camera.py","capture_and_detect","265","","","","","","","","","","","","","","","","","","320","240","","","","","","","","","","","","","","","","","","","","","","","","","","",""
"251.880331005","2026-05-12 19:08:32.750477","/home/sc28/SC-28/1_definition/SC-28/camera.py","capture_and_detect","266","","","","","","","","","","","","","","","","","","","","640","480","","","","","","","","","","","","","","","","","","","","","","","","",""
"251.937429931","2026-05-12 19:08:32.807578","/home/sc28/SC-28/1_definition/SC-28/camera.py","capture_and_detect","263","","","","","","","","","","","","","","","","","0","","","","","","","","","","","","","","","","","","","","","","","","","","","","",""
"251.965229663","2026-05-12 19:08:32.835376","/home/sc28/SC-28/1_definition/SC-28/camera.py","capture_and_detect","264","","","","","","","","","","","","","","","","0.0","","","","","","","","","","","","","","","","","","","","","","","","","","","","","",""
"251.995970975","2026-05-12 19:08:32.866117","/home/sc28/SC-28/1_definition/SC-28/camera.py","capture_and_detect","265","","","","","","","","","","","","","","","","","","320","240","","","","","","","","","","","","","","","","","","","","","","","","","","",""
"252.00886515","2026-05-12 19:08:32.879013","/home/sc28/SC-28/1_definition/SC-28/camera.py","capture_and_detect","266","","","","","","","","","","","","","","","","","","","","640","480","","","","","","","","","","","","","","","","","","","","","","","","",""
"252.066576047","2026-05-12 19:08:32.936718","/home/sc28/SC-28/1_definition/SC-28/camera.py","capture_and_detect","263","","","","","","","","","","","","","","","","","0","","","","","","","","","","","","","","","","","","","","","","","","","","","","",""
"252.073551696","2026-05-12 19:08:32.943693","/home/sc28/SC-28/1_definition/SC-28/camera.py","capture_and_detect","264","","","","","","","","","","","","","","","","0.0","","","","","","","","","","","","","","","","","","","","","","","","","","","","","",""
"252.084661568","2026-05-12 19:08:32.954812","/home/sc28/SC-28/1_definition/SC-28/camera.py","capture_and_detect","265","","","","","","","","","","","","","","","","","","320","240","","","","","","","","","","","","","","","","","","","","","","","","","","",""
"252.092701944","2026-05-12 19:08:32.962849","/home/sc28/SC-28/1_definition/SC-28/camera.py","capture_and_detect","266","","","","","","","","","","","","","","","","","","","","640","480","","","","","","","","","","","","","","","","","","","","","","","","",""
"252.18235503","2026-05-12 19:08:33.052496","/home/sc28/SC-28/1_definition/SC-28/camera.py","capture_and_detect","263","","","","","","","","","","","","","","","","","0","","","","","","","","","","","","","","","","","","","","","","","","","","","","",""
"252.190333012","2026-05-12 19:08:33.060479","/home/sc28/SC-28/1_definition/SC-28/camera.py","capture_and_detect","264","","","","","","","","","","","","","","","","0.0","","","","","","","","","","","","","","","","","","","","","","","","","","","","","",""
"252.195099416","2026-05-12 19:08:33.065252","/home/sc28/SC-28/1_definition/SC-28/camera.py","capture_and_detect","265","","","","","","","","","","","","","","","","","","320","240","","","","","","","","","","","","","","","","","","","","","","","","","","",""
"252.203024325","2026-05-12 19:08:33.073171","/home/sc28/SC-28/1_definition/SC-28/camera.py","capture_and_detect","266","","","","","","","","","","","","","","","","","","","","640","480","","","","","","","","","","","","","","","","","","","","","","","","",""
"252.252942712","2026-05-12 19:08:33.123086","/home/sc28/SC-28/1_definition/SC-28/camera.py","capture_and_detect","263","","","","","","","","","","","","","","","","","0","","","","","","","","","","","","","","","","","","","","","","","","","","","","",""
"252.256607201","2026-05-12 19:08:33.126750","/home/sc28/SC-28/1_definition/SC-28/camera.py","capture_and_detect","264","","","","","","","","","","","","","","","","0.0","","","","","","","","","","","","","","","","","","","","","","","","","","","","","",""
"252.259753207","2026-05-12 19:08:33.129901","/home/sc28/SC-28/1_definition/SC-28/camera.py","capture_and_detect","265","","","","","","","","","","","","","","","","","","320","240","","","","","","","","","","","","","","","","","","","","","","","","","","",""
"252.262963795","2026-05-12 19:08:33.133111","/home/sc28/SC-28/1_definition/SC-28/camera.py","capture_and_detect","266","","","","","","","","","","","","","","","","","","","","640","480","","","","","","","","","","","","","","","","","","","","","","","","",""
"252.31940716","2026-05-12 19:08:33.189549","/home/sc28/SC-28/1_definition/SC-28/camera.py","capture_and_detect","263","","","","","","","","","","","","","","","","","0","","","","","","","","","","","","","","","","","","","","","","","","","","","","",""
"252.326418538","2026-05-12 19:08:33.196560","/home/sc28/SC-28/1_definition/SC-28/camera.py","capture_and_detect","264","","","","","","","","","","","","","","","","0.0","","","","","","","","","","","","","","","","","","","","","","","","","","","","","",""
"252.329287828","2026-05-12 19:08:33.199430","/home/sc28/SC-28/1_definition/SC-28/camera.py","capture_and_detect","265","","","","","","","","","","","","","","","","","","320","240","","","","","","","","","","","","","","","","","","","","","","","","","","",""
"252.332112952","2026-05-12 19:08:33.202254","/home/sc28/SC-28/1_definition/SC-28/camera.py","capture_and_detect","266","","","","","","","","","","","","","","","","","","","","640","480","","","","","","","","","","","","","","","","","","","","","","","","",""
"252.399197236","2026-05-12 19:08:33.269342","/home/sc28/SC-28/1_definition/SC-28/camera.py","capture_and_detect","263","","","","","","","","","","","","","","","","","0","","","","","","","","","","","","","","","","","","","","","","","","","","","","",""
"252.402810945","2026-05-12 19:08:33.272955","/home/sc28/SC-28/1_definition/SC-28/camera.py","capture_and_detect","264","","","","","","","","","","","","","","","","0.0","","","","","","","","","","","","","","","","","","","","","","","","","","","","","",""
"252.405976013","2026-05-12 19:08:33.276123","/home/sc28/SC-28/1_definition/SC-28/camera.py","capture_and_detect","265","","","","","","","","","","","","","","","","","","320","240","","","","","","","","","","","","","","","","","","","","","","","","","","",""
"252.412683905","2026-05-12 19:08:33.282833","/home/sc28/SC-28/1_definition/SC-28/camera.py","capture_and_detect","266","","","","","","","","","","","","","","","","","","","","640","480","","","","","","","","","","","","","","","","","","","","","","","","",""
"252.459839615","2026-05-12 19:08:33.329983","/home/sc28/SC-28/1_definition/SC-28/camera.py","capture_and_detect","263","","","","","","","","","","","","","","","","","0","","","","","","","","","","","","","","","","","","","","","","","","","","","","",""
"252.463296451","2026-05-12 19:08:33.333434","/home/sc28/SC-28/1_definition/SC-28/camera.py","capture_and_detect","264","","","","","","","","","","","","","","","","0.0","","","","","","","","","","","","","","","","","","","","","","","","","","","","","",""
"252.467280832","2026-05-12 19:08:33.337424","/home/sc28/SC-28/1_definition/SC-28/camera.py","capture_and_detect","265","","","","","","","","","","","","","","","","","","320","240","","","","","","","","","","","","","","","","","","","","","","","","","","",""
"252.470100904","2026-05-12 19:08:33.340243","/home/sc28/SC-28/1_definition/SC-28/camera.py","capture_and_detect","266","","","","","","","","","","","","","","","","","","","","640","480","","","","","","","","","","","","","","","","","","","","","","","","",""
"252.51827827","2026-05-12 19:08:33.388420","/home/sc28/SC-28/1_definition/SC-28/camera.py","capture_and_detect","263","","","","","","","","","","","","","","","","","0","","","","","","","","","","","","","","","","","","","","","","","","","","","","",""
"252.524746998","2026-05-12 19:08:33.394887","/home/sc28/SC-28/1_definition/SC-28/camera.py","capture_and_detect","264","","","","","","","","","","","","","","","","52.0","","","","","","","","","","","","","","","","","","","","","","","","","","","","","",""
"252.527600819","2026-05-12 19:08:33.397742","/home/sc28/SC-28/1_definition/SC-28/camera.py","capture_and_detect","265","","","","","","","","","","","","","","","","","","414","396","","","","","","","","","","","","","","","","","","","","","","","","","","",""
"252.530754168","2026-05-12 19:08:33.400902","/home/sc28/SC-28/1_definition/SC-28/camera.py","capture_and_detect","266","","","","","","","","","","","","","","","","","","","","640","480","","","","","","","","","","","","","","","","","","","","","","","","",""
"252.584481679","2026-05-12 19:08:33.454626","/home/sc28/SC-28/1_definition/SC-28/camera.py","capture_and_detect","263","","","","","","","","","","","","","","","","","0","","","","","","","","","","","","","","","","","","","","","","","","","","","","",""
"252.593069549","2026-05-12 19:08:33.463211","/home/sc28/SC-28/1_definition/SC-28/camera.py","capture_and_detect","264","","","","","","","","","","","","","","","","0.0","","","","","","","","","","","","","","","","","","","","","","","","","","","","","",""
"252.597129451","2026-05-12 19:08:33.467278","/home/sc28/SC-28/1_definition/SC-28/camera.py","capture_and_detect","265","","","","","","","","","","","","","","","","","","320","240","","","","","","","","","","","","","","","","","","","","","","","","","","",""
"252.603714584","2026-05-12 19:08:33.473860","/home/sc28/SC-28/1_definition/SC-28/camera.py","capture_and_detect","266","","","","","","","","","","","","","","","","","","","","640","480","","","","","","","","","","","","","","","","","","","","","","","","",""
"252.650467017","2026-05-12 19:08:33.520606","/home/sc28/SC-28/1_definition/SC-28/camera.py","capture_and_detect","263","","","","","","","","","","","","","","","","","0","","","","","","","","","","","","","","","","","","","","","","","","","","","","",""
"252.653690001","2026-05-12 19:08:33.523831","/home/sc28/SC-28/1_definition/SC-28/camera.py","capture_and_detect","264","","","","","","","","","","","","","","","","0.0","","","","","","","","","","","","","","","","","","","","","","","","","","","","","",""
"252.656491323","2026-05-12 19:08:33.526632","/home/sc28/SC-28/1_definition/SC-28/camera.py","capture_and_detect","265","","","","","","","","","","","","","","","","","","320","240","","","","","","","","","","","","","","","","","","","","","","","","","","",""
"252.659259365","2026-05-12 19:08:33.529399","/home/sc28/SC-28/1_definition/SC-28/camera.py","capture_and_detect","266","","","","","","","","","","","","","","","","","","","","640","480","","","","","","","","","","","","","","","","","","","","","","","","",""
"252.702906573","2026-05-12 19:08:33.573055","/home/sc28/SC-28/1_definition/SC-28/camera.py","capture_and_detect","263","","","","","","","","","","","","","","","","","0","","","","","","","","","","","","","","","","","","","","","","","","","","","","",""
"252.712915105","2026-05-12 19:08:33.583049","/home/sc28/SC-28/1_definition/SC-28/camera.py","capture_and_detect","264","","","","","","","","","","","","","","","","30.5","","","","","","","","","","","","","","","","","","","","","","","","","","","","","",""
"252.717619478","2026-05-12 19:08:33.587772","/home/sc28/SC-28/1_definition/SC-28/camera.py","capture_and_detect","265","","","","","","","","","","","","","","","","","","632","410","","","","","","","","","","","","","","","","","","","","","","","","","","",""
"252.720740067","2026-05-12 19:08:33.590891","/home/sc28/SC-28/1_definition/SC-28/camera.py","capture_and_detect","266","","","","","","","","","","","","","","","","","","","","640","480","","","","","","","","","","","","","","","","","","","","","","","","",""
"252.770890223","2026-05-12 19:08:33.641034","/home/sc28/SC-28/1_definition/SC-28/camera.py","capture_and_detect","263","","","","","","","","","","","","","","","","","0","","","","","","","","","","","","","","","","","","","","","","","","","","","","",""
"252.777991496","2026-05-12 19:08:33.648134","/home/sc28/SC-28/1_definition/SC-28/camera.py","capture_and_detect","264","","","","","","","","","","","","","","","","114.0","","","","","","","","","","","","","","","","","","","","","","","","","","","","","",""
"252.781107449","2026-05-12 19:08:33.651255","/home/sc28/SC-28/1_definition/SC-28/camera.py","capture_and_detect","265","","","","","","","","","","","","","","","","","","449","392","","","","","","","","","","","","","","","","","","","","","","","","","","",""
"252.784157519","2026-05-12 19:08:33.654306","/home/sc28/SC-28/1_definition/SC-28/camera.py","capture_and_detect","266","","","","","","","","","","","","","","","","","","","","640","480","","","","","","","","","","","","","","","","","","","","","","","","",""
"252.832224208","2026-05-12 19:08:33.702372","/home/sc28/SC-28/1_definition/SC-28/camera.py","capture_and_detect","263","","","","","","","","","","","","","","","","","0","","","","","","","","","","","","","","","","","","","","","","","","","","","","",""
"252.835833386","2026-05-12 19:08:33.705970","/home/sc28/SC-28/1_definition/SC-28/camera.py","capture_and_detect","264","","","","","","","","","","","","","","","","111.5","","","","","","","","","","","","","","","","","","","","","","","","","","","","","",""
"252.842640808","2026-05-12 19:08:33.712790","/home/sc28/SC-28/1_definition/SC-28/camera.py","capture_and_detect","265","","","","","","","","","","","","","","","","","","450","391","","","","","","","","","","","","","","","","","","","","","","","","","","",""
"252.849494636","2026-05-12 19:08:33.719643","/home/sc28/SC-28/1_definition/SC-28/camera.py","capture_and_detect","266","","","","","","","","","","","","","","","","","","","","640","480","","","","","","","","","","","","","","","","","","","","","","","","",""
"252.90481895","2026-05-12 19:08:33.774963","/home/sc28/SC-28/1_definition/SC-28/camera.py","capture_and_detect","263","","","","","","","","","","","","","","","","","0","","","","","","","","","","","","","","","","","","","","","","","","","","","","",""
"252.908273338","2026-05-12 19:08:33.778412","/home/sc28/SC-28/1_definition/SC-28/camera.py","capture_and_detect","264","","","","","","","","","","","","","","","","0.0","","","","","","","","","","","","","","","","","","","","","","","","","","","","","",""
"252.91115544","2026-05-12 19:08:33.781298","/home/sc28/SC-28/1_definition/SC-28/camera.py","capture_and_detect","265","","","","","","","","","","","","","","","","","","320","240","","","","","","","","","","","","","","","","","","","","","","","","","","",""
"252.913996554","2026-05-12 19:08:33.784139","/home/sc28/SC-28/1_definition/SC-28/camera.py","capture_and_detect","266","","","","","","","","","","","","","","","","","","","","640","480","","","","","","","","","","","","","","","","","","","","","","","","",""
"252.962810579","2026-05-12 19:08:33.832953","/home/sc28/SC-28/1_definition/SC-28/camera.py","capture_and_detect","263","","","","","","","","","","","","","","","","","0","","","","","","","","","","","","","","","","","","","","","","","","","","","","",""
"252.971241472","2026-05-12 19:08:33.841383","/home/sc28/SC-28/1_definition/SC-28/camera.py","capture_and_detect","264","","","","","","","","","","","","","","","","0.0","","","","","","","","","","","","","","","","","","","","","","","","","","","","","",""
"252.974103991","2026-05-12 19:08:33.844245","/home/sc28/SC-28/1_definition/SC-28/camera.py","capture_and_detect","265","","","","","","","","","","","","","","","","","","320","240","","","","","","","","","","","","","","","","","","","","","","","","","","",""
"252.976872136","2026-05-12 19:08:33.847012","/home/sc28/SC-28/1_definition/SC-28/camera.py","capture_and_detect","266","","","","","","","","","","","","","","","","","","","","640","480","","","","","","","","","","","","","","","","","","","","","","","","",""
"253.028909249","2026-05-12 19:08:33.899055","/home/sc28/SC-28/1_definition/SC-28/camera.py","capture_and_detect","263","","","","","","","","","","","","","","","","","0","","","","","","","","","","","","","","","","","","","","","","","","","","","","",""
"253.032261503","2026-05-12 19:08:33.902407","/home/sc28/SC-28/1_definition/SC-28/camera.py","capture_and_detect","264","","","","","","","","","","","","","","","","0.0","","","","","","","","","","","","","","","","","","","","","","","","","","","","","",""
"253.039795739","2026-05-12 19:08:33.909950","/home/sc28/SC-28/1_definition/SC-28/camera.py","capture_and_detect","265","","","","","","","","","","","","","","","","","","320","240","","","","","","","","","","","","","","","","","","","","","","","","","","",""
"253.043869703","2026-05-12 19:08:33.914020","/home/sc28/SC-28/1_definition/SC-28/camera.py","capture_and_detect","266","","","","","","","","","","","","","","","","","","","","640","480","","","","","","","","","","","","","","","","","","","","","","","","",""
"253.096690505","2026-05-12 19:08:33.966833","/home/sc28/SC-28/1_definition/SC-28/camera.py","capture_and_detect","263","","","","","","","","","","","","","","","","","0","","","","","","","","","","","","","","","","","","","","","","","","","","","","",""
"253.100561554","2026-05-12 19:08:33.970702","/home/sc28/SC-28/1_definition/SC-28/camera.py","capture_and_detect","264","","","","","","","","","","","","","","","","0.0","","","","","","","","","","","","","","","","","","","","","","","","","","","","","",""
"253.103442459","2026-05-12 19:08:33.973584","/home/sc28/SC-28/1_definition/SC-28/camera.py","capture_and_detect","265","","","","","","","","","","","","","","","","","","320","240","","","","","","","","","","","","","","","","","","","","","","","","","","",""
"253.106183261","2026-05-12 19:08:33.976324","/home/sc28/SC-28/1_definition/SC-28/camera.py","capture_and_detect","266","","","","","","","","","","","","","","","","","","","","640","480","","","","","","","","","","","","","","","","","","","","","","","","",""
"253.160256655","2026-05-12 19:08:34.030405","/home/sc28/SC-28/1_definition/SC-28/camera.py","capture_and_detect","263","","","","","","","","","","","","","","","","","0","","","","","","","","","","","","","","","","","","","","","","","","","","","","",""
"253.163989529","2026-05-12 19:08:34.034177","/home/sc28/SC-28/1_definition/SC-28/camera.py","capture_and_detect","264","","","","","","","","","","","","","","","","24.5","","","","","","","","","","","","","","","","","","","","","","","","","","","","","",""
"253.167094337","2026-05-12 19:08:34.037240","/home/sc28/SC-28/1_definition/SC-28/camera.py","capture_and_detect","265","","","","","","","","","","","","","","","","","","426","394","","","","","","","","","","","","","","","","","","","","","","","","","","",""
"253.170085189","2026-05-12 19:08:34.040232","/home/sc28/SC-28/1_definition/SC-28/camera.py","capture_and_detect","266","","","","","","","","","","","","","","","","","","","","640","480","","","","","","","","","","","","","","","","","","","","","","","","",""
"253.219583897","2026-05-12 19:08:34.089728","/home/sc28/SC-28/1_definition/SC-28/camera.py","capture_and_detect","263","","","","","","","","","","","","","","","","","0","","","","","","","","","","","","","","","","","","","","","","","","","","","","",""
"253.226494964","2026-05-12 19:08:34.096629","/home/sc28/SC-28/1_definition/SC-28/camera.py","capture_and_detect","264","","","","","","","","","","","","","","","","57.5","","","","","","","","","","","","","","","","","","","","","","","","","","","","","",""
"253.22936441","2026-05-12 19:08:34.099505","/home/sc28/SC-28/1_definition/SC-28/camera.py","capture_and_detect","265","","","","","","","","","","","","","","","","","","434","392","","","","","","","","","","","","","","","","","","","","","","","","","","",""
"253.232169795","2026-05-12 19:08:34.102310","/home/sc28/SC-28/1_definition/SC-28/camera.py","capture_and_detect","266","","","","","","","","","","","","","","","","","","","","640","480","","","","","","","","","","","","","","","","","","","","","","","","",""
"253.277591466","2026-05-12 19:08:34.147734","/home/sc28/SC-28/1_definition/SC-28/camera.py","capture_and_detect","263","","","","","","","","","","","","","","","","","0","","","","","","","","","","","","","","","","","","","","","","","","","","","","",""
"253.281032573","2026-05-12 19:08:34.151166","/home/sc28/SC-28/1_definition/SC-28/camera.py","capture_and_detect","264","","","","","","","","","","","","","","","","22.5","","","","","","","","","","","","","","","","","","","","","","","","","","","","","",""
"253.283792646","2026-05-12 19:08:34.153932","/home/sc28/SC-28/1_definition/SC-28/camera.py","capture_and_detect","265","","","","","","","","","","","","","","","","","","435","393","","","","","","","","","","","","","","","","","","","","","","","","","","",""
"253.290047731","2026-05-12 19:08:34.160191","/home/sc28/SC-28/1_definition/SC-28/camera.py","capture_and_detect","266","","","","","","","","","","","","","","","","","","","","640","480","","","","","","","","","","","","","","","","","","","","","","","","",""
"253.335910022","2026-05-12 19:08:34.206054","/home/sc28/SC-28/1_definition/SC-28/camera.py","capture_and_detect","263","","","","","","","","","","","","","","","","","0","","","","","","","","","","","","","","","","","","","","","","","","","","","","",""
"253.339442534","2026-05-12 19:08:34.209576","/home/sc28/SC-28/1_definition/SC-28/camera.py","capture_and_detect","264","","","","","","","","","","","","","","","","97.5","","","","","","","","","","","","","","","","","","","","","","","","","","","","","",""
"253.342383125","2026-05-12 19:08:34.212526","/home/sc28/SC-28/1_definition/SC-28/camera.py","capture_and_detect","265","","","","","","","","","","","","","","","","","","411","394","","","","","","","","","","","","","","","","","","","","","","","","","","",""
"253.34525528","2026-05-12 19:08:34.215398","/home/sc28/SC-28/1_definition/SC-28/camera.py","capture_and_detect","266","","","","","","","","","","","","","","","","","","","","640","480","","","","","","","","","","","","","","","","","","","","","","","","",""
"253.390112374","2026-05-12 19:08:34.260255","/home/sc28/SC-28/1_definition/SC-28/camera.py","capture_and_detect","263","","","","","","","","","","","","","","","","","0","","","","","","","","","","","","","","","","","","","","","","","","","","","","",""
"253.397030368","2026-05-12 19:08:34.267171","/home/sc28/SC-28/1_definition/SC-28/camera.py","capture_and_detect","264","","","","","","","","","","","","","","","","30.0","","","","","","","","","","","","","","","","","","","","","","","","","","","","","",""
"253.399939085","2026-05-12 19:08:34.270081","/home/sc28/SC-28/1_definition/SC-28/camera.py","capture_and_detect","265","","","","","","","","","","","","","","","","","","435","394","","","","","","","","","","","","","","","","","","","","","","","","","","",""
"253.402801657","2026-05-12 19:08:34.272944","/home/sc28/SC-28/1_definition/SC-28/camera.py","capture_and_detect","266","","","","","","","","","","","","","","","","","","","","640","480","","","","","","","","","","","","","","","","","","","","","","","","",""
"253.453015148","2026-05-12 19:08:34.323159","/home/sc28/SC-28/1_definition/SC-28/camera.py","capture_and_detect","263","","","","","","","","","","","","","","","","","0","","","","","","","","","","","","","","","","","","","","","","","","","","","","",""
"253.457505254","2026-05-12 19:08:34.327648","/home/sc28/SC-28/1_definition/SC-28/camera.py","capture_and_detect","264","","","","","","","","","","","","","","","","73.0","","","","","","","","","","","","","","","","","","","","","","","","","","","","","",""
"253.464324655","2026-05-12 19:08:34.334472","/home/sc28/SC-28/1_definition/SC-28/camera.py","capture_and_detect","265","","","","","","","","","","","","","","","","","","407","393","","","","","","","","","","","","","","","","","","","","","","","","","","",""
"253.467558681","2026-05-12 19:08:34.337709","/home/sc28/SC-28/1_definition/SC-28/camera.py","capture_and_detect","266","","","","","","","","","","","","","","","","","","","","640","480","","","","","","","","","","","","","","","","","","","","","","","","",""
"253.516952442","2026-05-12 19:08:34.387101","/home/sc28/SC-28/1_definition/SC-28/camera.py","capture_and_detect","263","","","","","","","","","","","","","","","","","0","","","","","","","","","","","","","","","","","","","","","","","","","","","","",""
"253.520607557","2026-05-12 19:08:34.390752","/home/sc28/SC-28/1_definition/SC-28/camera.py","capture_and_detect","264","","","","","","","","","","","","","","","","64.0","","","","","","","","","","","","","","","","","","","","","","","","","","","","","",""
"253.52465199","2026-05-12 19:08:34.394795","/home/sc28/SC-28/1_definition/SC-28/camera.py","capture_and_detect","265","","","","","","","","","","","","","","","","","","415","394","","","","","","","","","","","","","","","","","","","","","","","","","","",""
"253.527587269","2026-05-12 19:08:34.397728","/home/sc28/SC-28/1_definition/SC-28/camera.py","capture_and_detect","266","","","","","","","","","","","","","","","","","","","","640","480","","","","","","","","","","","","","","","","","","","","","","","","",""
"253.576376871","2026-05-12 19:08:34.446523","/home/sc28/SC-28/1_definition/SC-28/camera.py","capture_and_detect","263","","","","","","","","","","","","","","","","","0","","","","","","","","","","","","","","","","","","","","","","","","","","","","",""
"253.580246202","2026-05-12 19:08:34.450379","/home/sc28/SC-28/1_definition/SC-28/camera.py","capture_and_detect","264","","","","","","","","","","","","","","","","30.5","","","","","","","","","","","","","","","","","","","","","","","","","","","","","",""
"253.583141533","2026-05-12 19:08:34.453282","/home/sc28/SC-28/1_definition/SC-28/camera.py","capture_and_detect","265","","","","","","","","","","","","","","","","","","412","395","","","","","","","","","","","","","","","","","","","","","","","","","","",""
"253.585879158","2026-05-12 19:08:34.456017","/home/sc28/SC-28/1_definition/SC-28/camera.py","capture_and_detect","266","","","","","","","","","","","","","","","","","","","","640","480","","","","","","","","","","","","","","","","","","","","","","","","",""
"253.632267902","2026-05-12 19:08:34.502413","/home/sc28/SC-28/1_definition/SC-28/camera.py","capture_and_detect","263","","","","","","","","","","","","","","","","","0","","","","","","","","","","","","","","","","","","","","","","","","","","","","",""
"253.635406929","2026-05-12 19:08:34.505545","/home/sc28/SC-28/1_definition/SC-28/camera.py","capture_and_detect","264","","","","","","","","","","","","","","","","48.0","","","","","","","","","","","","","","","","","","","","","","","","","","","","","",""
"253.64190524","2026-05-12 19:08:34.512058","/home/sc28/SC-28/1_definition/SC-28/camera.py","capture_and_detect","265","","","","","","","","","","","","","","","","","","388","394","","","","","","","","","","","","","","","","","","","","","","","","","","",""
"253.645108016","2026-05-12 19:08:34.515260","/home/sc28/SC-28/1_definition/SC-28/camera.py","capture_and_detect","266","","","","","","","","","","","","","","","","","","","","640","480","","","","","","","","","","","","","","","","","","","","","","","","",""
"253.703067982","2026-05-12 19:08:34.573216","/home/sc28/SC-28/1_definition/SC-28/camera.py","capture_and_detect","263","","","","","","","","","","","","","","","","","0","","","","","","","","","","","","","","","","","","","","","","","","","","","","",""
"253.706953198","2026-05-12 19:08:34.577093","/home/sc28/SC-28/1_definition/SC-28/camera.py","capture_and_detect","264","","","","","","","","","","","","","","","","84.5","","","","","","","","","","","","","","","","","","","","","","","","","","","","","",""
"253.710356233","2026-05-12 19:08:34.580508","/home/sc28/SC-28/1_definition/SC-28/camera.py","capture_and_detect","265","","","","","","","","","","","","","","","","","","429","396","","","","","","","","","","","","","","","","","","","","","","","","","","",""
"253.717232144","2026-05-12 19:08:34.587385","/home/sc28/SC-28/1_definition/SC-28/camera.py","capture_and_detect","266","","","","","","","","","","","","","","","","","","","","640","480","","","","","","","","","","","","","","","","","","","","","","","","",""
"253.772812397","2026-05-12 19:08:34.642959","/home/sc28/SC-28/1_definition/SC-28/camera.py","capture_and_detect","263","","","","","","","","","","","","","","","","","0","","","","","","","","","","","","","","","","","","","","","","","","","","","","",""
"253.776716051","2026-05-12 19:08:34.646863","/home/sc28/SC-28/1_definition/SC-28/camera.py","capture_and_detect","264","","","","","","","","","","","","","","","","0.0","","","","","","","","","","","","","","","","","","","","","","","","","","","","","",""
"253.780080596","2026-05-12 19:08:34.650237","/home/sc28/SC-28/1_definition/SC-28/camera.py","capture_and_detect","265","","","","","","","","","","","","","","","","","","320","240","","","","","","","","","","","","","","","","","","","","","","","","","","",""
"253.783415245","2026-05-12 19:08:34.653564","/home/sc28/SC-28/1_definition/SC-28/camera.py","capture_and_detect","266","","","","","","","","","","","","","","","","","","","","640","480","","","","","","","","","","","","","","","","","","","","","","","","",""
"253.834000608","2026-05-12 19:08:34.704145","/home/sc28/SC-28/1_definition/SC-28/camera.py","capture_and_detect","263","","","","","","","","","","","","","","","","","0","","","","","","","","","","","","","","","","","","","","","","","","","","","","",""
"253.841500314","2026-05-12 19:08:34.711640","/home/sc28/SC-28/1_definition/SC-28/camera.py","capture_and_detect","264","","","","","","","","","","","","","","","","42.0","","","","","","","","","","","","","","","","","","","","","","","","","","","","","",""
"253.845022618","2026-05-12 19:08:34.715174","/home/sc28/SC-28/1_definition/SC-28/camera.py","capture_and_detect","265","","","","","","","","","","","","","","","","","","364","391","","","","","","","","","","","","","","","","","","","","","","","","","","",""
"253.84812852","2026-05-12 19:08:34.718276","/home/sc28/SC-28/1_definition/SC-28/camera.py","capture_and_detect","266","","","","","","","","","","","","","","","","","","","","640","480","","","","","","","","","","","","","","","","","","","","","","","","",""
"253.896628958","2026-05-12 19:08:34.766772","/home/sc28/SC-28/1_definition/SC-28/camera.py","capture_and_detect","263","","","","","","","","","","","","","","","","","0","","","","","","","","","","","","","","","","","","","","","","","","","","","","",""
"253.900957086","2026-05-12 19:08:34.771095","/home/sc28/SC-28/1_definition/SC-28/camera.py","capture_and_detect","264","","","","","","","","","","","","","","","","86.5","","","","","","","","","","","","","","","","","","","","","","","","","","","","","",""
"253.904314339","2026-05-12 19:08:34.774459","/home/sc28/SC-28/1_definition/SC-28/camera.py","capture_and_detect","265","","","","","","","","","","","","","","","","","","450","398","","","","","","","","","","","","","","","","","","","","","","","","","","",""
"253.912754087","2026-05-12 19:08:34.782899","/home/sc28/SC-28/1_definition/SC-28/camera.py","capture_and_detect","266","","","","","","","","","","","","","","","","","","","","640","480","","","","","","","","","","","","","","","","","","","","","","","","",""
"253.95937762","2026-05-12 19:08:34.829526","/home/sc28/SC-28/1_definition/SC-28/camera.py","capture_and_detect","263","","","","","","","","","","","","","","","","","0","","","","","","","","","","","","","","","","","","","","","","","","","","","","",""
"253.965335729","2026-05-12 19:08:34.835480","/home/sc28/SC-28/1_definition/SC-28/camera.py","capture_and_detect","264","","","","","","","","","","","","","","","","80.0","","","","","","","","","","","","","","","","","","","","","","","","","","","","","",""
"253.968690847","2026-05-12 19:08:34.838840","/home/sc28/SC-28/1_definition/SC-28/camera.py","capture_and_detect","265","","","","","","","","","","","","","","","","","","408","393","","","","","","","","","","","","","","","","","","","","","","","","","","",""
"253.971931175","2026-05-12 19:08:34.842078","/home/sc28/SC-28/1_definition/SC-28/camera.py","capture_and_detect","266","","","","","","","","","","","","","","","","","","","","640","480","","","","","","","","","","","","","","","","","","","","","","","","",""
"254.027474137","2026-05-12 19:08:34.897616","/home/sc28/SC-28/1_definition/SC-28/camera.py","capture_and_detect","263","","","","","","","","","","","","","","","","","0","","","","","","","","","","","","","","","","","","","","","","","","","","","","",""
"254.030931233","2026-05-12 19:08:34.901064","/home/sc28/SC-28/1_definition/SC-28/camera.py","capture_and_detect","264","","","","","","","","","","","","","","","","112.5","","","","","","","","","","","","","","","","","","","","","","","","","","","","","",""
"254.033635473","2026-05-12 19:08:34.903775","/home/sc28/SC-28/1_definition/SC-28/camera.py","capture_and_detect","265","","","","","","","","","","","","","","","","","","432","399","","","","","","","","","","","","","","","","","","","","","","","","","","",""
"254.036244089","2026-05-12 19:08:34.906384","/home/sc28/SC-28/1_definition/SC-28/camera.py","capture_and_detect","266","","","","","","","","","","","","","","","","","","","","640","480","","","","","","","","","","","","","","","","","","","","","","","","",""
"254.085185772","2026-05-12 19:08:34.955329","/home/sc28/SC-28/1_definition/SC-28/camera.py","capture_and_detect","263","","","","","","","","","","","","","","","","","0","","","","","","","","","","","","","","","","","","","","","","","","","","","","",""
"254.088640993","2026-05-12 19:08:34.958778","/home/sc28/SC-28/1_definition/SC-28/camera.py","capture_and_detect","264","","","","","","","","","","","","","","","","44.0","","","","","","","","","","","","","","","","","","","","","","","","","","","","","",""
"254.0950204","2026-05-12 19:08:34.965160","/home/sc28/SC-28/1_definition/SC-28/camera.py","capture_and_detect","265","","","","","","","","","","","","","","","","","","418","207","","","","","","","","","","","","","","","","","","","","","","","","","","",""
"254.097802816","2026-05-12 19:08:34.967943","/home/sc28/SC-28/1_definition/SC-28/camera.py","capture_and_detect","266","","","","","","","","","","","","","","","","","","","","640","480","","","","","","","","","","","","","","","","","","","","","","","","",""
"254.141975075","2026-05-12 19:08:35.012119","/home/sc28/SC-28/1_definition/SC-28/camera.py","capture_and_detect","263","","","","","","","","","","","","","","","","","0","","","","","","","","","","","","","","","","","","","","","","","","","","","","",""
"254.145399255","2026-05-12 19:08:35.015537","/home/sc28/SC-28/1_definition/SC-28/camera.py","capture_and_detect","264","","","","","","","","","","","","","","","","42.0","","","","","","","","","","","","","","","","","","","","","","","","","","","","","",""
"254.148225942","2026-05-12 19:08:35.018373","/home/sc28/SC-28/1_definition/SC-28/camera.py","capture_and_detect","265","","","","","","","","","","","","","","","","","","444","392","","","","","","","","","","","","","","","","","","","","","","","","","","",""
"254.156990791","2026-05-12 19:08:35.027137","/home/sc28/SC-28/1_definition/SC-28/camera.py","capture_and_detect","266","","","","","","","","","","","","","","","","","","","","640","480","","","","","","","","","","","","","","","","","","","","","","","","",""
"254.209593738","2026-05-12 19:08:35.079784","/home/sc28/SC-28/1_definition/SC-28/camera.py","capture_and_detect","263","","","","","","","","","","","","","","","","","0","","","","","","","","","","","","","","","","","","","","","","","","","","","","",""
"254.215427578","2026-05-12 19:08:35.085575","/home/sc28/SC-28/1_definition/SC-28/camera.py","capture_and_detect","264","","","","","","","","","","","","","","","","0.0","","","","","","","","","","","","","","","","","","","","","","","","","","","","","",""
"254.219966537","2026-05-12 19:08:35.090166","/home/sc28/SC-28/1_definition/SC-28/camera.py","capture_and_detect","265","","","","","","","","","","","","","","","","","","320","240","","","","","","","","","","","","","","","","","","","","","","","","","","",""
"254.228488472","2026-05-12 19:08:35.098635","/home/sc28/SC-28/1_definition/SC-28/camera.py","capture_and_detect","266","","","","","","","","","","","","","","","","","","","","640","480","","","","","","","","","","","","","","","","","","","","","","","","",""
"254.284458257","2026-05-12 19:08:35.154615","/home/sc28/SC-28/1_definition/SC-28/camera.py","capture_and_detect","263","","","","","","","","","","","","","","","","","1","","","","","","","","","","","","","","","","","","","","","","","","","","","","",""
"254.291626509","2026-05-12 19:08:35.161764","/home/sc28/SC-28/1_definition/SC-28/camera.py","capture_and_detect","264","","","","","","","","","","","","","","","","717.5","","","","","","","","","","","","","","","","","","","","","","","","","","","","","",""
"254.296911605","2026-05-12 19:08:35.167072","/home/sc28/SC-28/1_definition/SC-28/camera.py","capture_and_detect","265","","","","","","","","","","","","","","","","","","423","201","","","","","","","","","","","","","","","","","","","","","","","","","","",""
"254.300765833","2026-05-12 19:08:35.170918","/home/sc28/SC-28/1_definition/SC-28/camera.py","capture_and_detect","266","","","","","","","","","","","","","","","","","","","","640","480","","","","","","","","","","","","","","","","","","","","","","","","",""
"254.352312021","2026-05-12 19:08:35.222458","/home/sc28/SC-28/1_definition/SC-28/camera.py","capture_and_detect","263","","","","","","","","","","","","","","","","","1","","","","","","","","","","","","","","","","","","","","","","","","","","","","",""
"254.35629432","2026-05-12 19:08:35.226430","/home/sc28/SC-28/1_definition/SC-28/camera.py","capture_and_detect","264","","","","","","","","","","","","","","","","933.5","","","","","","","","","","","","","","","","","","","","","","","","","","","","","",""
"254.359381264","2026-05-12 19:08:35.229531","/home/sc28/SC-28/1_definition/SC-28/camera.py","capture_and_detect","265","","","","","","","","","","","","","","","","","","412","195","","","","","","","","","","","","","","","","","","","","","","","","","","",""
"254.3662953","2026-05-12 19:08:35.236441","/home/sc28/SC-28/1_definition/SC-28/camera.py","capture_and_detect","266","","","","","","","","","","","","","","","","","","","","640","480","","","","","","","","","","","","","","","","","","","","","","","","",""
"254.414648191","2026-05-12 19:08:35.284789","/home/sc28/SC-28/1_definition/SC-28/camera.py","capture_and_detect","263","","","","","","","","","","","","","","","","","1","","","","","","","","","","","","","","","","","","","","","","","","","","","","",""
"254.418148673","2026-05-12 19:08:35.288289","/home/sc28/SC-28/1_definition/SC-28/camera.py","capture_and_detect","264","","","","","","","","","","","","","","","","670.0","","","","","","","","","","","","","","","","","","","","","","","","","","","","","",""
"254.421214159","2026-05-12 19:08:35.291361","/home/sc28/SC-28/1_definition/SC-28/camera.py","capture_and_detect","265","","","","","","","","","","","","","","","","","","426","195","","","","","","","","","","","","","","","","","","","","","","","","","","",""
"254.426059573","2026-05-12 19:08:35.296206","/home/sc28/SC-28/1_definition/SC-28/camera.py","capture_and_detect","266","","","","","","","","","","","","","","","","","","","","640","480","","","","","","","","","","","","","","","","","","","","","","","","",""
"254.501758144","2026-05-12 19:08:35.371912","/home/sc28/SC-28/1_definition/SC-28/camera.py","capture_and_detect","263","","","","","","","","","","","","","","","","","0","","","","","","","","","","","","","","","","","","","","","","","","","","","","",""
"254.505901066","2026-05-12 19:08:35.376057","/home/sc28/SC-28/1_definition/SC-28/camera.py","capture_and_detect","264","","","","","","","","","","","","","","","","229.0","","","","","","","","","","","","","","","","","","","","","","","","","","","","","",""
"254.50943061","2026-05-12 19:08:35.379580","/home/sc28/SC-28/1_definition/SC-28/camera.py","capture_and_detect","265","","","","","","","","","","","","","","","","","","427","203","","","","","","","","","","","","","","","","","","","","","","","","","","",""
"254.513271348","2026-05-12 19:08:35.383423","/home/sc28/SC-28/1_definition/SC-28/camera.py","capture_and_detect","266","","","","","","","","","","","","","","","","","","","","640","480","","","","","","","","","","","","","","","","","","","","","","","","",""
"254.56217616","2026-05-12 19:08:35.432319","/home/sc28/SC-28/1_definition/SC-28/camera.py","capture_and_detect","263","","","","","","","","","","","","","","","","","0","","","","","","","","","","","","","","","","","","","","","","","","","","","","",""
"254.566129344","2026-05-12 19:08:35.436269","/home/sc28/SC-28/1_definition/SC-28/camera.py","capture_and_detect","264","","","","","","","","","","","","","","","","226.0","","","","","","","","","","","","","","","","","","","","","","","","","","","","","",""
"254.572874632","2026-05-12 19:08:35.443022","/home/sc28/SC-28/1_definition/SC-28/camera.py","capture_and_detect","265","","","","","","","","","","","","","","","","","","438","400","","","","","","","","","","","","","","","","","","","","","","","","","","",""
"254.576463915","2026-05-12 19:08:35.446608","/home/sc28/SC-28/1_definition/SC-28/camera.py","capture_and_detect","266","","","","","","","","","","","","","","","","","","","","640","480","","","","","","","","","","","","","","","","","","","","","","","","",""
"254.626574494","2026-05-12 19:08:35.496732","/home/sc28/SC-28/1_definition/SC-28/camera.py","capture_and_detect","263","","","","","","","","","","","","","","","","","0","","","","","","","","","","","","","","","","","","","","","","","","","","","","",""
"254.63041419","2026-05-12 19:08:35.500550","/home/sc28/SC-28/1_definition/SC-28/camera.py","capture_and_detect","264","","","","","","","","","","","","","","","","267.5","","","","","","","","","","","","","","","","","","","","","","","","","","","","","",""
"254.633924099","2026-05-12 19:08:35.504071","/home/sc28/SC-28/1_definition/SC-28/camera.py","capture_and_detect","265","","","","","","","","","","","","","","","","","","428","205","","","","","","","","","","","","","","","","","","","","","","","","","","",""
"254.637055678","2026-05-12 19:08:35.507203","/home/sc28/SC-28/1_definition/SC-28/camera.py","capture_and_detect","266","","","","","","","","","","","","","","","","","","","","640","480","","","","","","","","","","","","","","","","","","","","","","","","",""
"254.695390071","2026-05-12 19:08:35.565529","/home/sc28/SC-28/1_definition/SC-28/camera.py","capture_and_detect","263","","","","","","","","","","","","","","","","","1","","","","","","","","","","","","","","","","","","","","","","","","","","","","",""
"254.698532535","2026-05-12 19:08:35.568666","/home/sc28/SC-28/1_definition/SC-28/camera.py","capture_and_detect","264","","","","","","","","","","","","","","","","37136.5","","","","","","","","","","","","","","","","","","","","","","","","","","","","","",""
"254.703126754","2026-05-12 19:08:35.573272","/home/sc28/SC-28/1_definition/SC-28/camera.py","capture_and_detect","265","","","","","","","","","","","","","","","","","","225","229","","","","","","","","","","","","","","","","","","","","","","","","","","",""
"254.705996253","2026-05-12 19:08:35.576138","/home/sc28/SC-28/1_definition/SC-28/camera.py","capture_and_detect","266","","","","","","","","","","","","","","","","","","","","640","480","","","","","","","","","","","","","","","","","","","","","","","","",""
"254.753523216","2026-05-12 19:08:35.623663","/home/sc28/SC-28/1_definition/SC-28/camera.py","capture_and_detect","263","","","","","","","","","","","","","","","","","1","","","","","","","","","","","","","","","","","","","","","","","","","","","","",""
"254.76042069","2026-05-12 19:08:35.630560","/home/sc28/SC-28/1_definition/SC-28/camera.py","capture_and_detect","264","","","","","","","","","","","","","","","","918.0","","","","","","","","","","","","","","","","","","","","","","","","","","","","","",""
"254.763227377","2026-05-12 19:08:35.633368","/home/sc28/SC-28/1_definition/SC-28/camera.py","capture_and_detect","265","","","","","","","","","","","","","","","","","","295","429","","","","","","","","","","","","","","","","","","","","","","","","","","",""
"254.76596844","2026-05-12 19:08:35.636109","/home/sc28/SC-28/1_definition/SC-28/camera.py","capture_and_detect","266","","","","","","","","","","","","","","","","","","","","640","480","","","","","","","","","","","","","","","","","","","","","","","","",""
"254.813655297","2026-05-12 19:08:35.683796","/home/sc28/SC-28/1_definition/SC-28/camera.py","capture_and_detect","263","","","","","","","","","","","","","","","","","1","","","","","","","","","","","","","","","","","","","","","","","","","","","","",""
"254.817083174","2026-05-12 19:08:35.687218","/home/sc28/SC-28/1_definition/SC-28/camera.py","capture_and_detect","264","","","","","","","","","","","","","","","","1810.5","","","","","","","","","","","","","","","","","","","","","","","","","","","","","",""
"254.820034652","2026-05-12 19:08:35.690182","/home/sc28/SC-28/1_definition/SC-28/camera.py","capture_and_detect","265","","","","","","","","","","","","","","","","","","321","248","","","","","","","","","","","","","","","","","","","","","","","","","","",""
"254.826426558","2026-05-12 19:08:35.696572","/home/sc28/SC-28/1_definition/SC-28/camera.py","capture_and_detect","266","","","","","","","","","","","","","","","","","","","","640","480","","","","","","","","","","","","","","","","","","","","","","","","",""
"271.025521451","2026-05-12 19:08:51.895667","/home/sc28/SC-28/1_definition/SC-28/camera.py","capture_and_detect","263","","","","","","","","","","","","","","","","","1","","","","","","","","","","","","","","","","","","","","","","","","","","","","",""
"271.029169657","2026-05-12 19:08:51.899307","/home/sc28/SC-28/1_definition/SC-28/camera.py","capture_and_detect","264","","","","","","","","","","","","","","","","13421.0","","","","","","","","","","","","","","","","","","","","","","","","","","","","","",""
"271.031995566","2026-05-12 19:08:51.902210","/home/sc28/SC-28/1_definition/SC-28/camera.py","capture_and_detect","265","","","","","","","","","","","","","","","","","","344","297","","","","","","","","","","","","","","","","","","","","","","","","","","",""
"271.034911631","2026-05-12 19:08:51.905054","/home/sc28/SC-28/1_definition/SC-28/camera.py","capture_and_detect","266","","","","","","","","","","","","","","","","","","","","640","480","","","","","","","","","","","","","","","","","","","","","","","","",""
"271.137976632","2026-05-12 19:08:52.008120","/home/sc28/SC-28/1_definition/SC-28/camera.py","capture_and_detect","263","","","","","","","","","","","","","","","","","1","","","","","","","","","","","","","","","","","","","","","","","","","","","","",""
"271.141371385","2026-05-12 19:08:52.011505","/home/sc28/SC-28/1_definition/SC-28/camera.py","capture_and_detect","264","","","","","","","","","","","","","","","","1936.5","","","","","","","","","","","","","","","","","","","","","","","","","","","","","",""
"271.146026961","2026-05-12 19:08:52.016173","/home/sc28/SC-28/1_definition/SC-28/camera.py","capture_and_detect","265","","","","","","","","","","","","","","","","","","340","314","","","","","","","","","","","","","","","","","","","","","","","","","","",""
"271.148953046","2026-05-12 19:08:52.019096","/home/sc28/SC-28/1_definition/SC-28/camera.py","capture_and_detect","266","","","","","","","","","","","","","","","","","","","","640","480","","","","","","","","","","","","","","","","","","","","","","","","",""
"271.212141056","2026-05-12 19:08:52.082281","/home/sc28/SC-28/1_definition/SC-28/camera.py","capture_and_detect","263","","","","","","","","","","","","","","","","","1","","","","","","","","","","","","","","","","","","","","","","","","","","","","",""
"271.219117466","2026-05-12 19:08:52.089252","/home/sc28/SC-28/1_definition/SC-28/camera.py","capture_and_detect","264","","","","","","","","","","","","","","","","2141.5","","","","","","","","","","","","","","","","","","","","","","","","","","","","","",""
"271.222068972","2026-05-12 19:08:52.092212","/home/sc28/SC-28/1_definition/SC-28/camera.py","capture_and_detect","265","","","","","","","","","","","","","","","","","","344","316","","","","","","","","","","","","","","","","","","","","","","","","","","",""
"271.224920879","2026-05-12 19:08:52.095064","/home/sc28/SC-28/1_definition/SC-28/camera.py","capture_and_detect","266","","","","","","","","","","","","","","","","","","","","640","480","","","","","","","","","","","","","","","","","","","","","","","","",""
"271.288494991","2026-05-12 19:08:52.158638","/home/sc28/SC-28/1_definition/SC-28/camera.py","capture_and_detect","263","","","","","","","","","","","","","","","","","1","","","","","","","","","","","","","","","","","","","","","","","","","","","","",""
"271.292110508","2026-05-12 19:08:52.162246","/home/sc28/SC-28/1_definition/SC-28/camera.py","capture_and_detect","264","","","","","","","","","","","","","","","","1883.5","","","","","","","","","","","","","","","","","","","","","","","","","","","","","",""
"271.298440357","2026-05-12 19:08:52.168588","/home/sc28/SC-28/1_definition/SC-28/camera.py","capture_and_detect","265","","","","","","","","","","","","","","","","","","346","316","","","","","","","","","","","","","","","","","","","","","","","","","","",""
"271.305110312","2026-05-12 19:08:52.175259","/home/sc28/SC-28/1_definition/SC-28/camera.py","capture_and_detect","266","","","","","","","","","","","","","","","","","","","","640","480","","","","","","","","","","","","","","","","","","","","","","","","",""
"271.363912685","2026-05-12 19:08:52.234051","/home/sc28/SC-28/1_definition/SC-28/camera.py","capture_and_detect","263","","","","","","","","","","","","","","","","","1","","","","","","","","","","","","","","","","","","","","","","","","","","","","",""
"271.367322284","2026-05-12 19:08:52.237460","/home/sc28/SC-28/1_definition/SC-28/camera.py","capture_and_detect","264","","","","","","","","","","","","","","","","1985.0","","","","","","","","","","","","","","","","","","","","","","","","","","","","","",""
"271.37012236","2026-05-12 19:08:52.240265","/home/sc28/SC-28/1_definition/SC-28/camera.py","capture_and_detect","265","","","","","","","","","","","","","","","","","","346","317","","","","","","","","","","","","","","","","","","","","","","","","","","",""
"271.3728954","2026-05-12 19:08:52.243038","/home/sc28/SC-28/1_definition/SC-28/camera.py","capture_and_detect","266","","","","","","","","","","","","","","","","","","","","640","480","","","","","","","","","","","","","","","","","","","","","","","","",""
"277.666158971","2026-05-12 19:08:58.536299","/home/sc28/SC-28/1_definition/SC-28/camera.py","capture_and_detect","263","","","","","","","","","","","","","","","","","1","","","","","","","","","","","","","","","","","","","","","","","","","","","","",""
"277.674890645","2026-05-12 19:08:58.545025","/home/sc28/SC-28/1_definition/SC-28/camera.py","capture_and_detect","264","","","","","","","","","","","","","","","","1999.5","","","","","","","","","","","","","","","","","","","","","","","","","","","","","",""
"277.677785905","2026-05-12 19:08:58.547928","/home/sc28/SC-28/1_definition/SC-28/camera.py","capture_and_detect","265","","","","","","","","","","","","","","","","","","239","289","","","","","","","","","","","","","","","","","","","","","","","","","","",""
"277.680573286","2026-05-12 19:08:58.550713","/home/sc28/SC-28/1_definition/SC-28/camera.py","capture_and_detect","266","","","","","","","","","","","","","","","","","","","","640","480","","","","","","","","","","","","","","","","","","","","","","","","",""
"277.738225177","2026-05-12 19:08:58.608370","/home/sc28/SC-28/1_definition/SC-28/camera.py","capture_and_detect","263","","","","","","","","","","","","","","","","","1","","","","","","","","","","","","","","","","","","","","","","","","","","","","",""
"277.74203359","2026-05-12 19:08:58.612173","/home/sc28/SC-28/1_definition/SC-28/camera.py","capture_and_detect","264","","","","","","","","","","","","","","","","2320.0","","","","","","","","","","","","","","","","","","","","","","","","","","","","","",""
"277.748723042","2026-05-12 19:08:58.618870","/home/sc28/SC-28/1_definition/SC-28/camera.py","capture_and_detect","265","","","","","","","","","","","","","","","","","","230","287","","","","","","","","","","","","","","","","","","","","","","","","","","",""
"277.751804475","2026-05-12 19:08:58.621951","/home/sc28/SC-28/1_definition/SC-28/camera.py","capture_and_detect","266","","","","","","","","","","","","","","","","","","","","640","480","","","","","","","","","","","","","","","","","","","","","","","","",""
"277.815904847","2026-05-12 19:08:58.686044","/home/sc28/SC-28/1_definition/SC-28/camera.py","capture_and_detect","263","","","","","","","","","","","","","","","","","1","","","","","","","","","","","","","","","","","","","","","","","","","","","","",""
"277.819457702","2026-05-12 19:08:58.689592","/home/sc28/SC-28/1_definition/SC-28/camera.py","capture_and_detect","264","","","","","","","","","","","","","","","","2529.5","","","","","","","","","","","","","","","","","","","","","","","","","","","","","",""
"277.822311759","2026-05-12 19:08:58.692454","/home/sc28/SC-28/1_definition/SC-28/camera.py","capture_and_detect","265","","","","","","","","","","","","","","","","","","235","297","","","","","","","","","","","","","","","","","","","","","","","","","","",""
"277.825106536","2026-05-12 19:08:58.695249","/home/sc28/SC-28/1_definition/SC-28/camera.py","capture_and_detect","266","","","","","","","","","","","","","","","","","","","","640","480","","","","","","","","","","","","","","","","","","","","","","","","",""
"277.882037699","2026-05-12 19:08:58.752178","/home/sc28/SC-28/1_definition/SC-28/camera.py","capture_and_detect","263","","","","","","","","","","","","","","","","","1","","","","","","","","","","","","","","","","","","","","","","","","","","","","",""
"277.885482153","2026-05-12 19:08:58.755620","/home/sc28/SC-28/1_definition/SC-28/camera.py","capture_and_detect","264","","","","","","","","","","","","","","","","2324.0","","","","","","","","","","","","","","","","","","","","","","","","","","","","","",""
"277.888295944","2026-05-12 19:08:58.758440","/home/sc28/SC-28/1_definition/SC-28/camera.py","capture_and_detect","265","","","","","","","","","","","","","","","","","","228","283","","","","","","","","","","","","","","","","","","","","","","","","","","",""
"277.891175056","2026-05-12 19:08:58.761317","/home/sc28/SC-28/1_definition/SC-28/camera.py","capture_and_detect","266","","","","","","","","","","","","","","","","","","","","640","480","","","","","","","","","","","","","","","","","","","","","","","","",""
"277.957252535","2026-05-12 19:08:58.827393","/home/sc28/SC-28/1_definition/SC-28/camera.py","capture_and_detect","263","","","","","","","","","","","","","","","","","1","","","","","","","","","","","","","","","","","","","","","","","","","","","","",""
"277.966232526","2026-05-12 19:08:58.836368","/home/sc28/SC-28/1_definition/SC-28/camera.py","capture_and_detect","264","","","","","","","","","","","","","","","","1775.5","","","","","","","","","","","","","","","","","","","","","","","","","","","","","",""
"277.970361609","2026-05-12 19:08:58.840509","/home/sc28/SC-28/1_definition/SC-28/camera.py","capture_and_detect","265","","","","","","","","","","","","","","","","","","230","278","","","","","","","","","","","","","","","","","","","","","","","","","","",""
"277.973471172","2026-05-12 19:08:58.843618","/home/sc28/SC-28/1_definition/SC-28/camera.py","capture_and_detect","266","","","","","","","","","","","","","","","","","","","","640","480","","","","","","","","","","","","","","","","","","","","","","","","",""
"284.285264565","2026-05-12 19:09:05.155405","/home/sc28/SC-28/1_definition/SC-28/camera.py","capture_and_detect","263","","","","","","","","","","","","","","","","","1","","","","","","","","","","","","","","","","","","","","","","","","","","","","",""
"284.289167884","2026-05-12 19:09:05.159310","/home/sc28/SC-28/1_definition/SC-28/camera.py","capture_and_detect","264","","","","","","","","","","","","","","","","2394.0","","","","","","","","","","","","","","","","","","","","","","","","","","","","","",""
"284.296372674","2026-05-12 19:09:05.166518","/home/sc28/SC-28/1_definition/SC-28/camera.py","capture_and_detect","265","","","","","","","","","","","","","","","","","","232","297","","","","","","","","","","","","","","","","","","","","","","","","","","",""
"284.299269457","2026-05-12 19:09:05.169410","/home/sc28/SC-28/1_definition/SC-28/camera.py","capture_and_detect","266","","","","","","","","","","","","","","","","","","","","640","480","","","","","","","","","","","","","","","","","","","","","","","","",""
"284.354887149","2026-05-12 19:09:05.225028","/home/sc28/SC-28/1_definition/SC-28/camera.py","capture_and_detect","263","","","","","","","","","","","","","","","","","1","","","","","","","","","","","","","","","","","","","","","","","","","","","","",""
"284.359491133","2026-05-12 19:09:05.229635","/home/sc28/SC-28/1_definition/SC-28/camera.py","capture_and_detect","264","","","","","","","","","","","","","","","","2226.0","","","","","","","","","","","","","","","","","","","","","","","","","","","","","",""
"284.362978981","2026-05-12 19:09:05.233128","/home/sc28/SC-28/1_definition/SC-28/camera.py","capture_and_detect","265","","","","","","","","","","","","","","","","","","244","294","","","","","","","","","","","","","","","","","","","","","","","","","","",""
"284.366867351","2026-05-12 19:09:05.237013","/home/sc28/SC-28/1_definition/SC-28/camera.py","capture_and_detect","266","","","","","","","","","","","","","","","","","","","","640","480","","","","","","","","","","","","","","","","","","","","","","","","",""
"284.424149583","2026-05-12 19:09:05.294293","/home/sc28/SC-28/1_definition/SC-28/camera.py","capture_and_detect","263","","","","","","","","","","","","","","","","","1","","","","","","","","","","","","","","","","","","","","","","","","","","","","",""
"284.427580706","2026-05-12 19:09:05.297713","/home/sc28/SC-28/1_definition/SC-28/camera.py","capture_and_detect","264","","","","","","","","","","","","","","","","2266.5","","","","","","","","","","","","","","","","","","","","","","","","","","","","","",""
"284.430504471","2026-05-12 19:09:05.300644","/home/sc28/SC-28/1_definition/SC-28/camera.py","capture_and_detect","265","","","","","","","","","","","","","","","","","","246","292","","","","","","","","","","","","","","","","","","","","","","","","","","",""
"284.433666809","2026-05-12 19:09:05.303822","/home/sc28/SC-28/1_definition/SC-28/camera.py","capture_and_detect","266","","","","","","","","","","","","","","","","","","","","640","480","","","","","","","","","","","","","","","","","","","","","","","","",""
"284.490032671","2026-05-12 19:09:05.360180","/home/sc28/SC-28/1_definition/SC-28/camera.py","capture_and_detect","263","","","","","","","","","","","","","","","","","1","","","","","","","","","","","","","","","","","","","","","","","","","","","","",""
"284.500185188","2026-05-12 19:09:05.370321","/home/sc28/SC-28/1_definition/SC-28/camera.py","capture_and_detect","264","","","","","","","","","","","","","","","","2062.5","","","","","","","","","","","","","","","","","","","","","","","","","","","","","",""
"284.503716636","2026-05-12 19:09:05.373865","/home/sc28/SC-28/1_definition/SC-28/camera.py","capture_and_detect","265","","","","","","","","","","","","","","","","","","368","314","","","","","","","","","","","","","","","","","","","","","","","","","","",""
"284.506987321","2026-05-12 19:09:05.377135","/home/sc28/SC-28/1_definition/SC-28/camera.py","capture_and_detect","266","","","","","","","","","","","","","","","","","","","","640","480","","","","","","","","","","","","","","","","","","","","","","","","",""
"284.56940074","2026-05-12 19:09:05.439541","/home/sc28/SC-28/1_definition/SC-28/camera.py","capture_and_detect","263","","","","","","","","","","","","","","","","","1","","","","","","","","","","","","","","","","","","","","","","","","","","","","",""
"284.572859783","2026-05-12 19:09:05.442993","/home/sc28/SC-28/1_definition/SC-28/camera.py","capture_and_detect","264","","","","","","","","","","","","","","","","2645.5","","","","","","","","","","","","","","","","","","","","","","","","","","","","","",""
"284.575678379","2026-05-12 19:09:05.445817","/home/sc28/SC-28/1_definition/SC-28/camera.py","capture_and_detect","265","","","","","","","","","","","","","","","","","","235","278","","","","","","","","","","","","","","","","","","","","","","","","","","",""
"284.582093795","2026-05-12 19:09:05.452245","/home/sc28/SC-28/1_definition/SC-28/camera.py","capture_and_detect","266","","","","","","","","","","","","","","","","","","","","640","480","","","","","","","","","","","","","","","","","","","","","","","","",""
"290.895238507","2026-05-12 19:09:11.765378","/home/sc28/SC-28/1_definition/SC-28/camera.py","capture_and_detect","263","","","","","","","","","","","","","","","","","1","","","","","","","","","","","","","","","","","","","","","","","","","","","","",""
"290.899188509","2026-05-12 19:09:11.769322","/home/sc28/SC-28/1_definition/SC-28/camera.py","capture_and_detect","264","","","","","","","","","","","","","","","","2552.5","","","","","","","","","","","","","","","","","","","","","","","","","","","","","",""
"290.90193868","2026-05-12 19:09:11.772079","/home/sc28/SC-28/1_definition/SC-28/camera.py","capture_and_detect","265","","","","","","","","","","","","","","","","","","239","279","","","","","","","","","","","","","","","","","","","","","","","","","","",""
"290.904698175","2026-05-12 19:09:11.774844","/home/sc28/SC-28/1_definition/SC-28/camera.py","capture_and_detect","266","","","","","","","","","","","","","","","","","","","","640","480","","","","","","","","","","","","","","","","","","","","","","","","",""
"290.964207393","2026-05-12 19:09:11.834349","/home/sc28/SC-28/1_definition/SC-28/camera.py","capture_and_detect","263","","","","","","","","","","","","","","","","","1","","","","","","","","","","","","","","","","","","","","","","","","","","","","",""
"290.97222642","2026-05-12 19:09:11.842368","/home/sc28/SC-28/1_definition/SC-28/camera.py","capture_and_detect","264","","","","","","","","","","","","","","","","1332.0","","","","","","","","","","","","","","","","","","","","","","","","","","","","","",""
"290.975320486","2026-05-12 19:09:11.845474","/home/sc28/SC-28/1_definition/SC-28/camera.py","capture_and_detect","265","","","","","","","","","","","","","","","","","","338","329","","","","","","","","","","","","","","","","","","","","","","","","","","",""
"290.98147424","2026-05-12 19:09:11.851622","/home/sc28/SC-28/1_definition/SC-28/camera.py","capture_and_detect","266","","","","","","","","","","","","","","","","","","","","640","480","","","","","","","","","","","","","","","","","","","","","","","","",""
"291.038183645","2026-05-12 19:09:11.908329","/home/sc28/SC-28/1_definition/SC-28/camera.py","capture_and_detect","263","","","","","","","","","","","","","","","","","1","","","","","","","","","","","","","","","","","","","","","","","","","","","","",""
"291.041975815","2026-05-12 19:09:11.912120","/home/sc28/SC-28/1_definition/SC-28/camera.py","capture_and_detect","264","","","","","","","","","","","","","","","","1589.0","","","","","","","","","","","","","","","","","","","","","","","","","","","","","",""
"291.049699964","2026-05-12 19:09:11.919857","/home/sc28/SC-28/1_definition/SC-28/camera.py","capture_and_detect","265","","","","","","","","","","","","","","","","","","189","109","","","","","","","","","","","","","","","","","","","","","","","","","","",""
"291.054151952","2026-05-12 19:09:11.924314","/home/sc28/SC-28/1_definition/SC-28/camera.py","capture_and_detect","266","","","","","","","","","","","","","","","","","","","","640","480","","","","","","","","","","","","","","","","","","","","","","","","",""
"291.109962344","2026-05-12 19:09:11.980105","/home/sc28/SC-28/1_definition/SC-28/camera.py","capture_and_detect","263","","","","","","","","","","","","","","","","","1","","","","","","","","","","","","","","","","","","","","","","","","","","","","",""
"291.114210558","2026-05-12 19:09:11.984350","/home/sc28/SC-28/1_definition/SC-28/camera.py","capture_and_detect","264","","","","","","","","","","","","","","","","1000.0","","","","","","","","","","","","","","","","","","","","","","","","","","","","","",""
"291.117351349","2026-05-12 19:09:11.987499","/home/sc28/SC-28/1_definition/SC-28/camera.py","capture_and_detect","265","","","","","","","","","","","","","","","","","","366","331","","","","","","","","","","","","","","","","","","","","","","","","","","",""
"291.120345195","2026-05-12 19:09:11.990491","/home/sc28/SC-28/1_definition/SC-28/camera.py","capture_and_detect","266","","","","","","","","","","","","","","","","","","","","640","480","","","","","","","","","","","","","","","","","","","","","","","","",""
"291.176319072","2026-05-12 19:09:12.046461","/home/sc28/SC-28/1_definition/SC-28/camera.py","capture_and_detect","263","","","","","","","","","","","","","","","","","1","","","","","","","","","","","","","","","","","","","","","","","","","","","","",""
"291.179780155","2026-05-12 19:09:12.049913","/home/sc28/SC-28/1_definition/SC-28/camera.py","capture_and_detect","264","","","","","","","","","","","","","","","","1265.5","","","","","","","","","","","","","","","","","","","","","","","","","","","","","",""
"291.182672995","2026-05-12 19:09:12.052814","/home/sc28/SC-28/1_definition/SC-28/camera.py","capture_and_detect","265","","","","","","","","","","","","","","","","","","372","322","","","","","","","","","","","","","","","","","","","","","","","","","","",""
"291.185482283","2026-05-12 19:09:12.055625","/home/sc28/SC-28/1_definition/SC-28/camera.py","capture_and_detect","266","","","","","","","","","","","","","","","","","","","","640","480","","","","","","","","","","","","","","","","","","","","","","","","",""
"297.489586543","2026-05-12 19:09:18.359730","/home/sc28/SC-28/1_definition/SC-28/camera.py","capture_and_detect","263","","","","","","","","","","","","","","","","","1","","","","","","","","","","","","","","","","","","","","","","","","","","","","",""
"297.493080617","2026-05-12 19:09:18.363224","/home/sc28/SC-28/1_definition/SC-28/camera.py","capture_and_detect","264","","","","","","","","","","","","","","","","729.0","","","","","","","","","","","","","","","","","","","","","","","","","","","","","",""
"297.500246127","2026-05-12 19:09:18.370390","/home/sc28/SC-28/1_definition/SC-28/camera.py","capture_and_detect","265","","","","","","","","","","","","","","","","","","206","112","","","","","","","","","","","","","","","","","","","","","","","","","","",""
"297.503199935","2026-05-12 19:09:18.373341","/home/sc28/SC-28/1_definition/SC-28/camera.py","capture_and_detect","266","","","","","","","","","","","","","","","","","","","","640","480","","","","","","","","","","","","","","","","","","","","","","","","",""
"297.55895088","2026-05-12 19:09:18.429094","/home/sc28/SC-28/1_definition/SC-28/camera.py","capture_and_detect","263","","","","","","","","","","","","","","","","","1","","","","","","","","","","","","","","","","","","","","","","","","","","","","",""
"297.562748945","2026-05-12 19:09:18.432885","/home/sc28/SC-28/1_definition/SC-28/camera.py","capture_and_detect","264","","","","","","","","","","","","","","","","2433.5","","","","","","","","","","","","","","","","","","","","","","","","","","","","","",""
"297.566219214","2026-05-12 19:09:18.436369","/home/sc28/SC-28/1_definition/SC-28/camera.py","capture_and_detect","265","","","","","","","","","","","","","","","","","","465","234","","","","","","","","","","","","","","","","","","","","","","","","","","",""
"297.572984473","2026-05-12 19:09:18.443134","/home/sc28/SC-28/1_definition/SC-28/camera.py","capture_and_detect","266","","","","","","","","","","","","","","","","","","","","640","480","","","","","","","","","","","","","","","","","","","","","","","","",""
"297.628875225","2026-05-12 19:09:18.499015","/home/sc28/SC-28/1_definition/SC-28/camera.py","capture_and_detect","263","","","","","","","","","","","","","","","","","1","","","","","","","","","","","","","","","","","","","","","","","","","","","","",""
"297.632313511","2026-05-12 19:09:18.502451","/home/sc28/SC-28/1_definition/SC-28/camera.py","capture_and_detect","264","","","","","","","","","","","","","","","","3013.0","","","","","","","","","","","","","","","","","","","","","","","","","","","","","",""
"297.635134335","2026-05-12 19:09:18.505275","/home/sc28/SC-28/1_definition/SC-28/camera.py","capture_and_detect","265","","","","","","","","","","","","","","","","","","438","229","","","","","","","","","","","","","","","","","","","","","","","","","","",""
"297.637868223","2026-05-12 19:09:18.508009","/home/sc28/SC-28/1_definition/SC-28/camera.py","capture_and_detect","266","","","","","","","","","","","","","","","","","","","","640","480","","","","","","","","","","","","","","","","","","","","","","","","",""
"297.691235474","2026-05-12 19:09:18.561377","/home/sc28/SC-28/1_definition/SC-28/camera.py","capture_and_detect","263","","","","","","","","","","","","","","","","","2","","","","","","","","","","","","","","","","","","","","","","","","","","","","",""
"297.70169212","2026-05-12 19:09:18.571829","/home/sc28/SC-28/1_definition/SC-28/camera.py","capture_and_detect","264","","","","","","","","","","","","","","","","4020.5","","","","","","","","","","","","","","","","","","","","","","","","","","","","","",""
"297.704993673","2026-05-12 19:09:18.575145","/home/sc28/SC-28/1_definition/SC-28/camera.py","capture_and_detect","265","","","","","","","","","","","","","","","","","","506","106","","","","","","","","","","","","","","","","","","","","","","","","","","",""
"297.708296789","2026-05-12 19:09:18.578445","/home/sc28/SC-28/1_definition/SC-28/camera.py","capture_and_detect","266","","","","","","","","","","","","","","","","","","","","640","480","","","","","","","","","","","","","","","","","","","","","","","","",""
"297.767742298","2026-05-12 19:09:18.637886","/home/sc28/SC-28/1_definition/SC-28/camera.py","capture_and_detect","263","","","","","","","","","","","","","","","","","2","","","","","","","","","","","","","","","","","","","","","","","","","","","","",""
"297.77210584","2026-05-12 19:09:18.642238","/home/sc28/SC-28/1_definition/SC-28/camera.py","capture_and_detect","264","","","","","","","","","","","","","","","","4112.5","","","","","","","","","","","","","","","","","","","","","","","","","","","","","",""
"297.775046261","2026-05-12 19:09:18.645188","/home/sc28/SC-28/1_definition/SC-28/camera.py","capture_and_detect","265","","","","","","","","","","","","","","","","","","506","105","","","","","","","","","","","","","","","","","","","","","","","","","","",""
"297.782696928","2026-05-12 19:09:18.652854","/home/sc28/SC-28/1_definition/SC-28/camera.py","capture_and_detect","266","","","","","","","","","","","","","","","","","","","","640","480","","","","","","","","","","","","","","","","","","","","","","","","",""
"304.505444459","2026-05-12 19:09:25.375583","/home/sc28/SC-28/1_definition/SC-28/camera.py","capture_and_detect","263","","","","","","","","","","","","","","","","","1","","","","","","","","","","","","","","","","","","","","","","","","","","","","",""
"304.508903858","2026-05-12 19:09:25.379043","/home/sc28/SC-28/1_definition/SC-28/camera.py","capture_and_detect","264","","","","","","","","","","","","","","","","3964.0","","","","","","","","","","","","","","","","","","","","","","","","","","","","","",""
"304.511815287","2026-05-12 19:09:25.381956","/home/sc28/SC-28/1_definition/SC-28/camera.py","capture_and_detect","265","","","","","","","","","","","","","","","","","","395","397","","","","","","","","","","","","","","","","","","","","","","","","","","",""
"304.518767734","2026-05-12 19:09:25.388915","/home/sc28/SC-28/1_definition/SC-28/camera.py","capture_and_detect","266","","","","","","","","","","","","","","","","","","","","640","480","","","","","","","","","","","","","","","","","","","","","","","","",""
"304.564824925","2026-05-12 19:09:25.434969","/home/sc28/SC-28/1_definition/SC-28/camera.py","capture_and_detect","263","","","","","","","","","","","","","","","","","0","","","","","","","","","","","","","","","","","","","","","","","","","","","","",""
"304.568316984","2026-05-12 19:09:25.438458","/home/sc28/SC-28/1_definition/SC-28/camera.py","capture_and_detect","264","","","","","","","","","","","","","","","","147.0","","","","","","","","","","","","","","","","","","","","","","","","","","","","","",""
"304.571606262","2026-05-12 19:09:25.441753","/home/sc28/SC-28/1_definition/SC-28/camera.py","capture_and_detect","265","","","","","","","","","","","","","","","","","","79","275","","","","","","","","","","","","","","","","","","","","","","","","","","",""
"304.575012948","2026-05-12 19:09:25.445158","/home/sc28/SC-28/1_definition/SC-28/camera.py","capture_and_detect","266","","","","","","","","","","","","","","","","","","","","640","480","","","","","","","","","","","","","","","","","","","","","","","","",""
"304.623126432","2026-05-12 19:09:25.493269","/home/sc28/SC-28/1_definition/SC-28/camera.py","capture_and_detect","263","","","","","","","","","","","","","","","","","0","","","","","","","","","","","","","","","","","","","","","","","","","","","","",""
"304.630175139","2026-05-12 19:09:25.500313","/home/sc28/SC-28/1_definition/SC-28/camera.py","capture_and_detect","264","","","","","","","","","","","","","","","","148.0","","","","","","","","","","","","","","","","","","","","","","","","","","","","","",""
"304.633694284","2026-05-12 19:09:25.503839","/home/sc28/SC-28/1_definition/SC-28/camera.py","capture_and_detect","265","","","","","","","","","","","","","","","","","","84","279","","","","","","","","","","","","","","","","","","","","","","","","","","",""
"304.636620037","2026-05-12 19:09:25.506763","/home/sc28/SC-28/1_definition/SC-28/camera.py","capture_and_detect","266","","","","","","","","","","","","","","","","","","","","640","480","","","","","","","","","","","","","","","","","","","","","","","","",""
"304.681826989","2026-05-12 19:09:25.551972","/home/sc28/SC-28/1_definition/SC-28/camera.py","capture_and_detect","263","","","","","","","","","","","","","","","","","0","","","","","","","","","","","","","","","","","","","","","","","","","","","","",""
"304.685569853","2026-05-12 19:09:25.555705","/home/sc28/SC-28/1_definition/SC-28/camera.py","capture_and_detect","264","","","","","","","","","","","","","","","","142.5","","","","","","","","","","","","","","","","","","","","","","","","","","","","","",""
"304.689021491","2026-05-12 19:09:25.559165","/home/sc28/SC-28/1_definition/SC-28/camera.py","capture_and_detect","265","","","","","","","","","","","","","","","","","","86","278","","","","","","","","","","","","","","","","","","","","","","","","","","",""
"304.696864598","2026-05-12 19:09:25.567010","/home/sc28/SC-28/1_definition/SC-28/camera.py","capture_and_detect","266","","","","","","","","","","","","","","","","","","","","640","480","","","","","","","","","","","","","","","","","","","","","","","","",""
"304.74322338","2026-05-12 19:09:25.613375","/home/sc28/SC-28/1_definition/SC-28/camera.py","capture_and_detect","263","","","","","","","","","","","","","","","","","0","","","","","","","","","","","","","","","","","","","","","","","","","","","","",""
"304.747601567","2026-05-12 19:09:25.617747","/home/sc28/SC-28/1_definition/SC-28/camera.py","capture_and_detect","264","","","","","","","","","","","","","","","","116.0","","","","","","","","","","","","","","","","","","","","","","","","","","","","","",""
"304.750858082","2026-05-12 19:09:25.621009","/home/sc28/SC-28/1_definition/SC-28/camera.py","capture_and_detect","265","","","","","","","","","","","","","","","","","","88","280","","","","","","","","","","","","","","","","","","","","","","","","","","",""
"304.754121785","2026-05-12 19:09:25.624274","/home/sc28/SC-28/1_definition/SC-28/camera.py","capture_and_detect","266","","","","","","","","","","","","","","","","","","","","640","480","","","","","","","","","","","","","","","","","","","","","","","","",""
"304.807831699","2026-05-12 19:09:25.677976","/home/sc28/SC-28/1_definition/SC-28/camera.py","capture_and_detect","263","","","","","","","","","","","","","","","","","0","","","","","","","","","","","","","","","","","","","","","","","","","","","","",""
"304.811427049","2026-05-12 19:09:25.681567","/home/sc28/SC-28/1_definition/SC-28/camera.py","capture_and_detect","264","","","","","","","","","","","","","","","","170.0","","","","","","","","","","","","","","","","","","","","","","","","","","","","","",""
"304.814463074","2026-05-12 19:09:25.684610","/home/sc28/SC-28/1_definition/SC-28/camera.py","capture_and_detect","265","","","","","","","","","","","","","","","","","","481","131","","","","","","","","","","","","","","","","","","","","","","","","","","",""
"304.817758603","2026-05-12 19:09:25.688107","/home/sc28/SC-28/1_definition/SC-28/camera.py","capture_and_detect","266","","","","","","","","","","","","","","","","","","","","640","480","","","","","","","","","","","","","","","","","","","","","","","","",""
"304.868626105","2026-05-12 19:09:25.738772","/home/sc28/SC-28/1_definition/SC-28/camera.py","capture_and_detect","263","","","","","","","","","","","","","","","","","0","","","","","","","","","","","","","","","","","","","","","","","","","","","","",""
"304.872269012","2026-05-12 19:09:25.742413","/home/sc28/SC-28/1_definition/SC-28/camera.py","capture_and_detect","264","","","","","","","","","","","","","","","","287.0","","","","","","","","","","","","","","","","","","","","","","","","","","","","","",""
"304.880657797","2026-05-12 19:09:25.750807","/home/sc28/SC-28/1_definition/SC-28/camera.py","capture_and_detect","265","","","","","","","","","","","","","","","","","","488","128","","","","","","","","","","","","","","","","","","","","","","","","","","",""
"304.884111362","2026-05-12 19:09:25.754265","/home/sc28/SC-28/1_definition/SC-28/camera.py","capture_and_detect","266","","","","","","","","","","","","","","","","","","","","640","480","","","","","","","","","","","","","","","","","","","","","","","","",""
"304.936351499","2026-05-12 19:09:25.806574","/home/sc28/SC-28/1_definition/SC-28/camera.py","capture_and_detect","263","","","","","","","","","","","","","","","","","0","","","","","","","","","","","","","","","","","","","","","","","","","","","","",""
"304.940117542","2026-05-12 19:09:25.810259","/home/sc28/SC-28/1_definition/SC-28/camera.py","capture_and_detect","264","","","","","","","","","","","","","","","","148.0","","","","","","","","","","","","","","","","","","","","","","","","","","","","","",""
"304.943662679","2026-05-12 19:09:25.813811","/home/sc28/SC-28/1_definition/SC-28/camera.py","capture_and_detect","265","","","","","","","","","","","","","","","","","","90","285","","","","","","","","","","","","","","","","","","","","","","","","","","",""
"304.952631781","2026-05-12 19:09:25.822779","/home/sc28/SC-28/1_definition/SC-28/camera.py","capture_and_detect","266","","","","","","","","","","","","","","","","","","","","640","480","","","","","","","","","","","","","","","","","","","","","","","","",""
"304.998704546","2026-05-12 19:09:25.868848","/home/sc28/SC-28/1_definition/SC-28/camera.py","capture_and_detect","263","","","","","","","","","","","","","","","","","0","","","","","","","","","","","","","","","","","","","","","","","","","","","","",""
"305.002582215","2026-05-12 19:09:25.872721","/home/sc28/SC-28/1_definition/SC-28/camera.py","capture_and_detect","264","","","","","","","","","","","","","","","","137.0","","","","","","","","","","","","","","","","","","","","","","","","","","","","","",""
"305.006047448","2026-05-12 19:09:25.876193","/home/sc28/SC-28/1_definition/SC-28/camera.py","capture_and_detect","265","","","","","","","","","","","","","","","","","","90","283","","","","","","","","","","","","","","","","","","","","","","","","","","",""
"305.008967316","2026-05-12 19:09:25.879112","/home/sc28/SC-28/1_definition/SC-28/camera.py","capture_and_detect","266","","","","","","","","","","","","","","","","","","","","640","480","","","","","","","","","","","","","","","","","","","","","","","","",""
"305.054628582","2026-05-12 19:09:25.924776","/home/sc28/SC-28/1_definition/SC-28/camera.py","capture_and_detect","263","","","","","","","","","","","","","","","","","0","","","","","","","","","","","","","","","","","","","","","","","","","","","","",""
"305.061816782","2026-05-12 19:09:25.931954","/home/sc28/SC-28/1_definition/SC-28/camera.py","capture_and_detect","264","","","","","","","","","","","","","","","","167.0","","","","","","","","","","","","","","","","","","","","","","","","","","","","","",""
"305.064834002","2026-05-12 19:09:25.934982","/home/sc28/SC-28/1_definition/SC-28/camera.py","capture_and_detect","265","","","","","","","","","","","","","","","","","","481","140","","","","","","","","","","","","","","","","","","","","","","","","","","",""
"305.067724336","2026-05-12 19:09:25.937866","/home/sc28/SC-28/1_definition/SC-28/camera.py","capture_and_detect","266","","","","","","","","","","","","","","","","","","","","640","480","","","","","","","","","","","","","","","","","","","","","","","","",""
"305.11560285","2026-05-12 19:09:25.985751","/home/sc28/SC-28/1_definition/SC-28/camera.py","capture_and_detect","263","","","","","","","","","","","","","","","","","0","","","","","","","","","","","","","","","","","","","","","","","","","","","","",""
"305.119687883","2026-05-12 19:09:25.989827","/home/sc28/SC-28/1_definition/SC-28/camera.py","capture_and_detect","264","","","","","","","","","","","","","","","","131.0","","","","","","","","","","","","","","","","","","","","","","","","","","","","","",""
"305.12268182","2026-05-12 19:09:25.992827","/home/sc28/SC-28/1_definition/SC-28/camera.py","capture_and_detect","265","","","","","","","","","","","","","","","","","","96","290","","","","","","","","","","","","","","","","","","","","","","","","","","",""
"305.128890861","2026-05-12 19:09:25.999034","/home/sc28/SC-28/1_definition/SC-28/camera.py","capture_and_detect","266","","","","","","","","","","","","","","","","","","","","640","480","","","","","","","","","","","","","","","","","","","","","","","","",""
"305.175964132","2026-05-12 19:09:26.046109","/home/sc28/SC-28/1_definition/SC-28/camera.py","capture_and_detect","263","","","","","","","","","","","","","","","","","0","","","","","","","","","","","","","","","","","","","","","","","","","","","","",""
"305.179712304","2026-05-12 19:09:26.049856","/home/sc28/SC-28/1_definition/SC-28/camera.py","capture_and_detect","264","","","","","","","","","","","","","","","","138.0","","","","","","","","","","","","","","","","","","","","","","","","","","","","","",""
"305.184478126","2026-05-12 19:09:26.054630","/home/sc28/SC-28/1_definition/SC-28/camera.py","capture_and_detect","265","","","","","","","","","","","","","","","","","","99","294","","","","","","","","","","","","","","","","","","","","","","","","","","",""
"305.187579361","2026-05-12 19:09:26.057732","/home/sc28/SC-28/1_definition/SC-28/camera.py","capture_and_detect","266","","","","","","","","","","","","","","","","","","","","640","480","","","","","","","","","","","","","","","","","","","","","","","","",""
"305.243147818","2026-05-12 19:09:26.113292","/home/sc28/SC-28/1_definition/SC-28/camera.py","capture_and_detect","263","","","","","","","","","","","","","","","","","0","","","","","","","","","","","","","","","","","","","","","","","","","","","","",""
"305.246846402","2026-05-12 19:09:26.116983","/home/sc28/SC-28/1_definition/SC-28/camera.py","capture_and_detect","264","","","","","","","","","","","","","","","","140.5","","","","","","","","","","","","","","","","","","","","","","","","","","","","","",""
"305.250117914","2026-05-12 19:09:26.120277","/home/sc28/SC-28/1_definition/SC-28/camera.py","capture_and_detect","265","","","","","","","","","","","","","","","","","","100","291","","","","","","","","","","","","","","","","","","","","","","","","","","",""
"305.253360568","2026-05-12 19:09:26.123507","/home/sc28/SC-28/1_definition/SC-28/camera.py","capture_and_detect","266","","","","","","","","","","","","","","","","","","","","640","480","","","","","","","","","","","","","","","","","","","","","","","","",""
"305.302052324","2026-05-12 19:09:26.172199","/home/sc28/SC-28/1_definition/SC-28/camera.py","capture_and_detect","263","","","","","","","","","","","","","","","","","0","","","","","","","","","","","","","","","","","","","","","","","","","","","","",""
"305.305875034","2026-05-12 19:09:26.176010","/home/sc28/SC-28/1_definition/SC-28/camera.py","capture_and_detect","264","","","","","","","","","","","","","","","","127.5","","","","","","","","","","","","","","","","","","","","","","","","","","","","","",""
"305.313461283","2026-05-12 19:09:26.183609","/home/sc28/SC-28/1_definition/SC-28/camera.py","capture_and_detect","265","","","","","","","","","","","","","","","","","","97","289","","","","","","","","","","","","","","","","","","","","","","","","","","",""
"305.320700467","2026-05-12 19:09:26.190848","/home/sc28/SC-28/1_definition/SC-28/camera.py","capture_and_detect","266","","","","","","","","","","","","","","","","","","","","640","480","","","","","","","","","","","","","","","","","","","","","","","","",""
"305.374290348","2026-05-12 19:09:26.244433","/home/sc28/SC-28/1_definition/SC-28/camera.py","capture_and_detect","263","","","","","","","","","","","","","","","","","0","","","","","","","","","","","","","","","","","","","","","","","","","","","","",""
"305.377798133","2026-05-12 19:09:26.247937","/home/sc28/SC-28/1_definition/SC-28/camera.py","capture_and_detect","264","","","","","","","","","","","","","","","","128.0","","","","","","","","","","","","","","","","","","","","","","","","","","","","","",""
"305.380646739","2026-05-12 19:09:26.250788","/home/sc28/SC-28/1_definition/SC-28/camera.py","capture_and_detect","265","","","","","","","","","","","","","","","","","","93","287","","","","","","","","","","","","","","","","","","","","","","","","","","",""
"305.383445185","2026-05-12 19:09:26.253585","/home/sc28/SC-28/1_definition/SC-28/camera.py","capture_and_detect","266","","","","","","","","","","","","","","","","","","","","640","480","","","","","","","","","","","","","","","","","","","","","","","","",""
"305.434719219","2026-05-12 19:09:26.304862","/home/sc28/SC-28/1_definition/SC-28/camera.py","capture_and_detect","263","","","","","","","","","","","","","","","","","0","","","","","","","","","","","","","","","","","","","","","","","","","","","","",""
"305.438114909","2026-05-12 19:09:26.308249","/home/sc28/SC-28/1_definition/SC-28/camera.py","capture_and_detect","264","","","","","","","","","","","","","","","","140.5","","","","","","","","","","","","","","","","","","","","","","","","","","","","","",""
"305.442312968","2026-05-12 19:09:26.312456","/home/sc28/SC-28/1_definition/SC-28/camera.py","capture_and_detect","265","","","","","","","","","","","","","","","","","","90","286","","","","","","","","","","","","","","","","","","","","","","","","","","",""
"305.445119279","2026-05-12 19:09:26.315276","/home/sc28/SC-28/1_definition/SC-28/camera.py","capture_and_detect","266","","","","","","","","","","","","","","","","","","","","640","480","","","","","","","","","","","","","","","","","","","","","","","","",""
"305.496536973","2026-05-12 19:09:26.366682","/home/sc28/SC-28/1_definition/SC-28/camera.py","capture_and_detect","263","","","","","","","","","","","","","","","","","0","","","","","","","","","","","","","","","","","","","","","","","","","","","","",""
"305.503747352","2026-05-12 19:09:26.373888","/home/sc28/SC-28/1_definition/SC-28/camera.py","capture_and_detect","264","","","","","","","","","","","","","","","","131.0","","","","","","","","","","","","","","","","","","","","","","","","","","","","","",""
"305.507376867","2026-05-12 19:09:26.377527","/home/sc28/SC-28/1_definition/SC-28/camera.py","capture_and_detect","265","","","","","","","","","","","","","","","","","","89","287","","","","","","","","","","","","","","","","","","","","","","","","","","",""
"305.510716511","2026-05-12 19:09:26.380864","/home/sc28/SC-28/1_definition/SC-28/camera.py","capture_and_detect","266","","","","","","","","","","","","","","","","","","","","640","480","","","","","","","","","","","","","","","","","","","","","","","","",""
"305.560719485","2026-05-12 19:09:26.430863","/home/sc28/SC-28/1_definition/SC-28/camera.py","capture_and_detect","263","","","","","","","","","","","","","","","","","0","","","","","","","","","","","","","","","","","","","","","","","","","","","","",""
"305.564372805","2026-05-12 19:09:26.434514","/home/sc28/SC-28/1_definition/SC-28/camera.py","capture_and_detect","264","","","","","","","","","","","","","","","","166.0","","","","","","","","","","","","","","","","","","","","","","","","","","","","","",""
"305.567360539","2026-05-12 19:09:26.437505","/home/sc28/SC-28/1_definition/SC-28/camera.py","capture_and_detect","265","","","","","","","","","","","","","","","","","","467","129","","","","","","","","","","","","","","","","","","","","","","","","","","",""
"305.573895281","2026-05-12 19:09:26.444039","/home/sc28/SC-28/1_definition/SC-28/camera.py","capture_and_detect","266","","","","","","","","","","","","","","","","","","","","640","480","","","","","","","","","","","","","","","","","","","","","","","","",""
"305.621934421","2026-05-12 19:09:26.492076","/home/sc28/SC-28/1_definition/SC-28/camera.py","capture_and_detect","263","","","","","","","","","","","","","","","","","0","","","","","","","","","","","","","","","","","","","","","","","","","","","","",""
"305.626341042","2026-05-12 19:09:26.496478","/home/sc28/SC-28/1_definition/SC-28/camera.py","capture_and_detect","264","","","","","","","","","","","","","","","","152.0","","","","","","","","","","","","","","","","","","","","","","","","","","","","","",""
"305.629902946","2026-05-12 19:09:26.500048","/home/sc28/SC-28/1_definition/SC-28/camera.py","capture_and_detect","265","","","","","","","","","","","","","","","","","","88","288","","","","","","","","","","","","","","","","","","","","","","","","","","",""
"305.632817288","2026-05-12 19:09:26.502961","/home/sc28/SC-28/1_definition/SC-28/camera.py","capture_and_detect","266","","","","","","","","","","","","","","","","","","","","640","480","","","","","","","","","","","","","","","","","","","","","","","","",""
"305.679544428","2026-05-12 19:09:26.549691","/home/sc28/SC-28/1_definition/SC-28/camera.py","capture_and_detect","263","","","","","","","","","","","","","","","","","0","","","","","","","","","","","","","","","","","","","","","","","","","","","","",""
"305.689306875","2026-05-12 19:09:26.559446","/home/sc28/SC-28/1_definition/SC-28/camera.py","capture_and_detect","264","","","","","","","","","","","","","","","","115.5","","","","","","","","","","","","","","","","","","","","","","","","","","","","","",""
"305.69255354","2026-05-12 19:09:26.562700","/home/sc28/SC-28/1_definition/SC-28/camera.py","capture_and_detect","265","","","","","","","","","","","","","","","","","","462","125","","","","","","","","","","","","","","","","","","","","","","","","","","",""
"305.695629252","2026-05-12 19:09:26.565778","/home/sc28/SC-28/1_definition/SC-28/camera.py","capture_and_detect","266","","","","","","","","","","","","","","","","","","","","640","480","","","","","","","","","","","","","","","","","","","","","","","","",""
"312.003515675","2026-05-12 19:09:32.873652","/home/sc28/SC-28/1_definition/SC-28/camera.py","capture_and_detect","263","","","","","","","","","","","","","","","","","1","","","","","","","","","","","","","","","","","","","","","","","","","","","","",""
"312.007066612","2026-05-12 19:09:32.877208","/home/sc28/SC-28/1_definition/SC-28/camera.py","capture_and_detect","264","","","","","","","","","","","","","","","","342.0","","","","","","","","","","","","","","","","","","","","","","","","","","","","","",""
"312.013648026","2026-05-12 19:09:32.883792","/home/sc28/SC-28/1_definition/SC-28/camera.py","capture_and_detect","265","","","","","","","","","","","","","","","","","","464","130","","","","","","","","","","","","","","","","","","","","","","","","","","",""
"312.01656172","2026-05-12 19:09:32.886703","/home/sc28/SC-28/1_definition/SC-28/camera.py","capture_and_detect","266","","","","","","","","","","","","","","","","","","","","640","480","","","","","","","","","","","","","","","","","","","","","","","","",""
"312.06783874","2026-05-12 19:09:32.937988","/home/sc28/SC-28/1_definition/SC-28/camera.py","capture_and_detect","263","","","","","","","","","","","","","","","","","1","","","","","","","","","","","","","","","","","","","","","","","","","","","","",""
"312.074589595","2026-05-12 19:09:32.944725","/home/sc28/SC-28/1_definition/SC-28/camera.py","capture_and_detect","264","","","","","","","","","","","","","","","","709.5","","","","","","","","","","","","","","","","","","","","","","","","","","","","","",""
"312.077825453","2026-05-12 19:09:32.947973","/home/sc28/SC-28/1_definition/SC-28/camera.py","capture_and_detect","265","","","","","","","","","","","","","","","","","","297","364","","","","","","","","","","","","","","","","","","","","","","","","","","",""
"312.080961563","2026-05-12 19:09:32.951111","/home/sc28/SC-28/1_definition/SC-28/camera.py","capture_and_detect","266","","","","","","","","","","","","","","","","","","","","640","480","","","","","","","","","","","","","","","","","","","","","","","","",""
"312.13633337","2026-05-12 19:09:33.006476","/home/sc28/SC-28/1_definition/SC-28/camera.py","capture_and_detect","263","","","","","","","","","","","","","","","","","1","","","","","","","","","","","","","","","","","","","","","","","","","","","","",""
"312.139718716","2026-05-12 19:09:33.009852","/home/sc28/SC-28/1_definition/SC-28/camera.py","capture_and_detect","264","","","","","","","","","","","","","","","","612.5","","","","","","","","","","","","","","","","","","","","","","","","","","","","","",""
"312.14258558","2026-05-12 19:09:33.012725","/home/sc28/SC-28/1_definition/SC-28/camera.py","capture_and_detect","265","","","","","","","","","","","","","","","","","","293","365","","","","","","","","","","","","","","","","","","","","","","","","","","",""
"312.145334256","2026-05-12 19:09:33.015475","/home/sc28/SC-28/1_definition/SC-28/camera.py","capture_and_detect","266","","","","","","","","","","","","","","","","","","","","640","480","","","","","","","","","","","","","","","","","","","","","","","","",""
"312.190612671","2026-05-12 19:09:33.060754","/home/sc28/SC-28/1_definition/SC-28/camera.py","capture_and_detect","263","","","","","","","","","","","","","","","","","1","","","","","","","","","","","","","","","","","","","","","","","","","","","","",""
"312.198907141","2026-05-12 19:09:33.069047","/home/sc28/SC-28/1_definition/SC-28/camera.py","capture_and_detect","264","","","","","","","","","","","","","","","","503.0","","","","","","","","","","","","","","","","","","","","","","","","","","","","","",""
"312.201769682","2026-05-12 19:09:33.071910","/home/sc28/SC-28/1_definition/SC-28/camera.py","capture_and_detect","265","","","","","","","","","","","","","","","","","","287","364","","","","","","","","","","","","","","","","","","","","","","","","","","",""
"312.204547319","2026-05-12 19:09:33.074688","/home/sc28/SC-28/1_definition/SC-28/camera.py","capture_and_detect","266","","","","","","","","","","","","","","","","","","","","640","480","","","","","","","","","","","","","","","","","","","","","","","","",""
"312.251920499","2026-05-12 19:09:33.122065","/home/sc28/SC-28/1_definition/SC-28/camera.py","capture_and_detect","263","","","","","","","","","","","","","","","","","1","","","","","","","","","","","","","","","","","","","","","","","","","","","","",""
"312.256157013","2026-05-12 19:09:33.126301","/home/sc28/SC-28/1_definition/SC-28/camera.py","capture_and_detect","264","","","","","","","","","","","","","","","","668.0","","","","","","","","","","","","","","","","","","","","","","","","","","","","","",""
"312.259502408","2026-05-12 19:09:33.129655","/home/sc28/SC-28/1_definition/SC-28/camera.py","capture_and_detect","265","","","","","","","","","","","","","","","","","","283","358","","","","","","","","","","","","","","","","","","","","","","","","","","",""
"312.268447352","2026-05-12 19:09:33.138592","/home/sc28/SC-28/1_definition/SC-28/camera.py","capture_and_detect","266","","","","","","","","","","","","","","","","","","","","640","480","","","","","","","","","","","","","","","","","","","","","","","","",""
"318.656492795","2026-05-12 19:09:39.526634","/home/sc28/SC-28/1_definition/SC-28/camera.py","capture_and_detect","263","","","","","","","","","","","","","","","","","1","","","","","","","","","","","","","","","","","","","","","","","","","","","","",""
"318.659874992","2026-05-12 19:09:39.530007","/home/sc28/SC-28/1_definition/SC-28/camera.py","capture_and_detect","264","","","","","","","","","","","","","","","","600.5","","","","","","","","","","","","","","","","","","","","","","","","","","","","","",""
"318.662801789","2026-05-12 19:09:39.532945","/home/sc28/SC-28/1_definition/SC-28/camera.py","capture_and_detect","265","","","","","","","","","","","","","","","","","","279","356","","","","","","","","","","","","","","","","","","","","","","","","","","",""
"318.665807915","2026-05-12 19:09:39.535951","/home/sc28/SC-28/1_definition/SC-28/camera.py","capture_and_detect","266","","","","","","","","","","","","","","","","","","","","640","480","","","","","","","","","","","","","","","","","","","","","","","","",""
"318.721890053","2026-05-12 19:09:39.592031","/home/sc28/SC-28/1_definition/SC-28/camera.py","capture_and_detect","263","","","","","","","","","","","","","","","","","1","","","","","","","","","","","","","","","","","","","","","","","","","","","","",""
"318.729163446","2026-05-12 19:09:39.599298","/home/sc28/SC-28/1_definition/SC-28/camera.py","capture_and_detect","264","","","","","","","","","","","","","","","","5795.5","","","","","","","","","","","","","","","","","","","","","","","","","","","","","",""
"318.733200748","2026-05-12 19:09:39.603348","/home/sc28/SC-28/1_definition/SC-28/camera.py","capture_and_detect","265","","","","","","","","","","","","","","","","","","280","139","","","","","","","","","","","","","","","","","","","","","","","","","","",""
"318.736515701","2026-05-12 19:09:39.606674","/home/sc28/SC-28/1_definition/SC-28/camera.py","capture_and_detect","266","","","","","","","","","","","","","","","","","","","","640","480","","","","","","","","","","","","","","","","","","","","","","","","",""
"318.786752059","2026-05-12 19:09:39.656894","/home/sc28/SC-28/1_definition/SC-28/camera.py","capture_and_detect","263","","","","","","","","","","","","","","","","","1","","","","","","","","","","","","","","","","","","","","","","","","","","","","",""
"318.791633647","2026-05-12 19:09:39.661777","/home/sc28/SC-28/1_definition/SC-28/camera.py","capture_and_detect","264","","","","","","","","","","","","","","","","5555.0","","","","","","","","","","","","","","","","","","","","","","","","","","","","","",""
"318.798833389","2026-05-12 19:09:39.668977","/home/sc28/SC-28/1_definition/SC-28/camera.py","capture_and_detect","265","","","","","","","","","","","","","","","","","","276","138","","","","","","","","","","","","","","","","","","","","","","","","","","",""
"318.801874569","2026-05-12 19:09:39.672019","/home/sc28/SC-28/1_definition/SC-28/camera.py","capture_and_detect","266","","","","","","","","","","","","","","","","","","","","640","480","","","","","","","","","","","","","","","","","","","","","","","","",""
"318.850062327","2026-05-12 19:09:39.720202","/home/sc28/SC-28/1_definition/SC-28/camera.py","capture_and_detect","263","","","","","","","","","","","","","","","","","1","","","","","","","","","","","","","","","","","","","","","","","","","","","","",""
"318.853876069","2026-05-12 19:09:39.724017","/home/sc28/SC-28/1_definition/SC-28/camera.py","capture_and_detect","264","","","","","","","","","","","","","","","","5696.0","","","","","","","","","","","","","","","","","","","","","","","","","","","","","",""
"318.857555946","2026-05-12 19:09:39.727700","/home/sc28/SC-28/1_definition/SC-28/camera.py","capture_and_detect","265","","","","","","","","","","","","","","","","","","275","138","","","","","","","","","","","","","","","","","","","","","","","","","","",""
"318.860561968","2026-05-12 19:09:39.730709","/home/sc28/SC-28/1_definition/SC-28/camera.py","capture_and_detect","266","","","","","","","","","","","","","","","","","","","","640","480","","","","","","","","","","","","","","","","","","","","","","","","",""
"318.912659569","2026-05-12 19:09:39.782815","/home/sc28/SC-28/1_definition/SC-28/camera.py","capture_and_detect","263","","","","","","","","","","","","","","","","","1","","","","","","","","","","","","","","","","","","","","","","","","","","","","",""
"318.917491465","2026-05-12 19:09:39.787629","/home/sc28/SC-28/1_definition/SC-28/camera.py","capture_and_detect","264","","","","","","","","","","","","","","","","5081.5","","","","","","","","","","","","","","","","","","","","","","","","","","","","","",""
"318.920867829","2026-05-12 19:09:39.791017","/home/sc28/SC-28/1_definition/SC-28/camera.py","capture_and_detect","265","","","","","","","","","","","","","","","","","","274","147","","","","","","","","","","","","","","","","","","","","","","","","","","",""
"318.923934428","2026-05-12 19:09:39.794081","/home/sc28/SC-28/1_definition/SC-28/camera.py","capture_and_detect","266","","","","","","","","","","","","","","","","","","","","640","480","","","","","","","","","","","","","","","","","","","","","","","","",""
"325.230490419","2026-05-12 19:09:46.100629","/home/sc28/SC-28/1_definition/SC-28/camera.py","capture_and_detect","263","","","","","","","","","","","","","","","","","1","","","","","","","","","","","","","","","","","","","","","","","","","","","","",""
"325.238085918","2026-05-12 19:09:46.108224","/home/sc28/SC-28/1_definition/SC-28/camera.py","capture_and_detect","264","","","","","","","","","","","","","","","","4046.0","","","","","","","","","","","","","","","","","","","","","","","","","","","","","",""
"325.241150307","2026-05-12 19:09:46.111295","/home/sc28/SC-28/1_definition/SC-28/camera.py","capture_and_detect","265","","","","","","","","","","","","","","","","","","320","426","","","","","","","","","","","","","","","","","","","","","","","","","","",""
"325.243968115","2026-05-12 19:09:46.114108","/home/sc28/SC-28/1_definition/SC-28/camera.py","capture_and_detect","266","","","","","","","","","","","","","","","","","","","","640","480","","","","","","","","","","","","","","","","","","","","","","","","",""
"325.300078697","2026-05-12 19:09:46.170221","/home/sc28/SC-28/1_definition/SC-28/camera.py","capture_and_detect","263","","","","","","","","","","","","","","","","","1","","","","","","","","","","","","","","","","","","","","","","","","","","","","",""
"325.303874128","2026-05-12 19:09:46.174016","/home/sc28/SC-28/1_definition/SC-28/camera.py","capture_and_detect","264","","","","","","","","","","","","","","","","15579.0","","","","","","","","","","","","","","","","","","","","","","","","","","","","","",""
"325.312995675","2026-05-12 19:09:46.183142","/home/sc28/SC-28/1_definition/SC-28/camera.py","capture_and_detect","265","","","","","","","","","","","","","","","","","","355","187","","","","","","","","","","","","","","","","","","","","","","","","","","",""
"325.316104547","2026-05-12 19:09:46.186252","/home/sc28/SC-28/1_definition/SC-28/camera.py","capture_and_detect","266","","","","","","","","","","","","","","","","","","","","640","480","","","","","","","","","","","","","","","","","","","","","","","","",""
"325.369608376","2026-05-12 19:09:46.239750","/home/sc28/SC-28/1_definition/SC-28/camera.py","capture_and_detect","263","","","","","","","","","","","","","","","","","1","","","","","","","","","","","","","","","","","","","","","","","","","","","","",""
"325.373068315","2026-05-12 19:09:46.243208","/home/sc28/SC-28/1_definition/SC-28/camera.py","capture_and_detect","264","","","","","","","","","","","","","","","","15656.0","","","","","","","","","","","","","","","","","","","","","","","","","","","","","",""
"325.376099003","2026-05-12 19:09:46.246248","/home/sc28/SC-28/1_definition/SC-28/camera.py","capture_and_detect","265","","","","","","","","","","","","","","","","","","356","185","","","","","","","","","","","","","","","","","","","","","","","","","","",""
"325.379107555","2026-05-12 19:09:46.249251","/home/sc28/SC-28/1_definition/SC-28/camera.py","capture_and_detect","266","","","","","","","","","","","","","","","","","","","","640","480","","","","","","","","","","","","","","","","","","","","","","","","",""
"325.429202544","2026-05-12 19:09:46.299344","/home/sc28/SC-28/1_definition/SC-28/camera.py","capture_and_detect","263","","","","","","","","","","","","","","","","","1","","","","","","","","","","","","","","","","","","","","","","","","","","","","",""
"325.433344407","2026-05-12 19:09:46.303481","/home/sc28/SC-28/1_definition/SC-28/camera.py","capture_and_detect","264","","","","","","","","","","","","","","","","14939.5","","","","","","","","","","","","","","","","","","","","","","","","","","","","","",""
"325.436725121","2026-05-12 19:09:46.306889","/home/sc28/SC-28/1_definition/SC-28/camera.py","capture_and_detect","265","","","","","","","","","","","","","","","","","","352","181","","","","","","","","","","","","","","","","","","","","","","","","","","",""
"325.445590399","2026-05-12 19:09:46.315741","/home/sc28/SC-28/1_definition/SC-28/camera.py","capture_and_detect","266","","","","","","","","","","","","","","","","","","","","640","480","","","","","","","","","","","","","","","","","","","","","","","","",""
"325.496743954","2026-05-12 19:09:46.366895","/home/sc28/SC-28/1_definition/SC-28/camera.py","capture_and_detect","263","","","","","","","","","","","","","","","","","1","","","","","","","","","","","","","","","","","","","","","","","","","","","","",""
"325.500350414","2026-05-12 19:09:46.370485","/home/sc28/SC-28/1_definition/SC-28/camera.py","capture_and_detect","264","","","","","","","","","","","","","","","","14686.5","","","","","","","","","","","","","","","","","","","","","","","","","","","","","",""
"325.507008292","2026-05-12 19:09:46.377156","/home/sc28/SC-28/1_definition/SC-28/camera.py","capture_and_detect","265","","","","","","","","","","","","","","","","","","352","177","","","","","","","","","","","","","","","","","","","","","","","","","","",""
"325.51019993","2026-05-12 19:09:46.380368","/home/sc28/SC-28/1_definition/SC-28/camera.py","capture_and_detect","266","","","","","","","","","","","","","","","","","","","","640","480","","","","","","","","","","","","","","","","","","","","","","","","",""
"331.844269558","2026-05-12 19:09:52.714411","/home/sc28/SC-28/1_definition/SC-28/camera.py","capture_and_detect","263","","","","","","","","","","","","","","","","","1","","","","","","","","","","","","","","","","","","","","","","","","","","","","",""
"331.847821879","2026-05-12 19:09:52.717957","/home/sc28/SC-28/1_definition/SC-28/camera.py","capture_and_detect","264","","","","","","","","","","","","","","","","14608.5","","","","","","","","","","","","","","","","","","","","","","","","","","","","","",""
"331.854974597","2026-05-12 19:09:52.725119","/home/sc28/SC-28/1_definition/SC-28/camera.py","capture_and_detect","265","","","","","","","","","","","","","","","","","","355","175","","","","","","","","","","","","","","","","","","","","","","","","","","",""
"331.858138871","2026-05-12 19:09:52.728283","/home/sc28/SC-28/1_definition/SC-28/camera.py","capture_and_detect","266","","","","","","","","","","","","","","","","","","","","640","480","","","","","","","","","","","","","","","","","","","","","","","","",""
"331.905461722","2026-05-12 19:09:52.775608","/home/sc28/SC-28/1_definition/SC-28/camera.py","capture_and_detect","263","","","","","","","","","","","","","","","","","1","","","","","","","","","","","","","","","","","","","","","","","","","","","","",""
"331.909262132","2026-05-12 19:09:52.779403","/home/sc28/SC-28/1_definition/SC-28/camera.py","capture_and_detect","264","","","","","","","","","","","","","","","","14587.0","","","","","","","","","","","","","","","","","","","","","","","","","","","","","",""
"331.91492449","2026-05-12 19:09:52.785071","/home/sc28/SC-28/1_definition/SC-28/camera.py","capture_and_detect","265","","","","","","","","","","","","","","","","","","424","180","","","","","","","","","","","","","","","","","","","","","","","","","","",""
"331.918077982","2026-05-12 19:09:52.788226","/home/sc28/SC-28/1_definition/SC-28/camera.py","capture_and_detect","266","","","","","","","","","","","","","","","","","","","","640","480","","","","","","","","","","","","","","","","","","","","","","","","",""
"331.974633586","2026-05-12 19:09:52.844778","/home/sc28/SC-28/1_definition/SC-28/camera.py","capture_and_detect","263","","","","","","","","","","","","","","","","","1","","","","","","","","","","","","","","","","","","","","","","","","","","","","",""
"331.978044699","2026-05-12 19:09:52.848183","/home/sc28/SC-28/1_definition/SC-28/camera.py","capture_and_detect","264","","","","","","","","","","","","","","","","14378.0","","","","","","","","","","","","","","","","","","","","","","","","","","","","","",""
"331.980860669","2026-05-12 19:09:52.851003","/home/sc28/SC-28/1_definition/SC-28/camera.py","capture_and_detect","265","","","","","","","","","","","","","","","","","","427","176","","","","","","","","","","","","","","","","","","","","","","","","","","",""
"331.983718933","2026-05-12 19:09:52.853863","/home/sc28/SC-28/1_definition/SC-28/camera.py","capture_and_detect","266","","","","","","","","","","","","","","","","","","","","640","480","","","","","","","","","","","","","","","","","","","","","","","","",""
"332.034623325","2026-05-12 19:09:52.904764","/home/sc28/SC-28/1_definition/SC-28/camera.py","capture_and_detect","263","","","","","","","","","","","","","","","","","1","","","","","","","","","","","","","","","","","","","","","","","","","","","","",""
"332.03812382","2026-05-12 19:09:52.908262","/home/sc28/SC-28/1_definition/SC-28/camera.py","capture_and_detect","264","","","","","","","","","","","","","","","","14125.0","","","","","","","","","","","","","","","","","","","","","","","","","","","","","",""
"332.044515341","2026-05-12 19:09:52.914657","/home/sc28/SC-28/1_definition/SC-28/camera.py","capture_and_detect","265","","","","","","","","","","","","","","","","","","429","180","","","","","","","","","","","","","","","","","","","","","","","","","","",""
"332.049178465","2026-05-12 19:09:52.919325","/home/sc28/SC-28/1_definition/SC-28/camera.py","capture_and_detect","266","","","","","","","","","","","","","","","","","","","","640","480","","","","","","","","","","","","","","","","","","","","","","","","",""
"332.099440836","2026-05-12 19:09:52.969580","/home/sc28/SC-28/1_definition/SC-28/camera.py","capture_and_detect","263","","","","","","","","","","","","","","","","","1","","","","","","","","","","","","","","","","","","","","","","","","","","","","",""
"332.103030711","2026-05-12 19:09:52.973167","/home/sc28/SC-28/1_definition/SC-28/camera.py","capture_and_detect","264","","","","","","","","","","","","","","","","14071.5","","","","","","","","","","","","","","","","","","","","","","","","","","","","","",""
"332.107240107","2026-05-12 19:09:52.977386","/home/sc28/SC-28/1_definition/SC-28/camera.py","capture_and_detect","265","","","","","","","","","","","","","","","","","","432","176","","","","","","","","","","","","","","","","","","","","","","","","","","",""
"332.113939774","2026-05-12 19:09:52.984084","/home/sc28/SC-28/1_definition/SC-28/camera.py","capture_and_detect","266","","","","","","","","","","","","","","","","","","","","640","480","","","","","","","","","","","","","","","","","","","","","","","","",""
"338.456745965","2026-05-12 19:09:59.326886","/home/sc28/SC-28/1_definition/SC-28/camera.py","capture_and_detect","263","","","","","","","","","","","","","","","","","1","","","","","","","","","","","","","","","","","","","","","","","","","","","","",""
"338.460220552","2026-05-12 19:09:59.330358","/home/sc28/SC-28/1_definition/SC-28/camera.py","capture_and_detect","264","","","","","","","","","","","","","","","","13508.0","","","","","","","","","","","","","","","","","","","","","","","","","","","","","",""
"338.463075777","2026-05-12 19:09:59.333217","/home/sc28/SC-28/1_definition/SC-28/camera.py","capture_and_detect","265","","","","","","","","","","","","","","","","","","419","185","","","","","","","","","","","","","","","","","","","","","","","","","","",""
"338.466137162","2026-05-12 19:09:59.336287","/home/sc28/SC-28/1_definition/SC-28/camera.py","capture_and_detect","266","","","","","","","","","","","","","","","","","","","","640","480","","","","","","","","","","","","","","","","","","","","","","","","",""
"338.518557018","2026-05-12 19:09:59.388700","/home/sc28/SC-28/1_definition/SC-28/camera.py","capture_and_detect","263","","","","","","","","","","","","","","","","","1","","","","","","","","","","","","","","","","","","","","","","","","","","","","",""
"338.525656721","2026-05-12 19:09:59.395792","/home/sc28/SC-28/1_definition/SC-28/camera.py","capture_and_detect","264","","","","","","","","","","","","","","","","9136.5","","","","","","","","","","","","","","","","","","","","","","","","","","","","","",""
"338.530595823","2026-05-12 19:09:59.400743","/home/sc28/SC-28/1_definition/SC-28/camera.py","capture_and_detect","265","","","","","","","","","","","","","","","","","","281","175","","","","","","","","","","","","","","","","","","","","","","","","","","",""
"338.533743359","2026-05-12 19:09:59.403893","/home/sc28/SC-28/1_definition/SC-28/camera.py","capture_and_detect","266","","","","","","","","","","","","","","","","","","","","640","480","","","","","","","","","","","","","","","","","","","","","","","","",""
"338.593098116","2026-05-12 19:09:59.463239","/home/sc28/SC-28/1_definition/SC-28/camera.py","capture_and_detect","263","","","","","","","","","","","","","","","","","1","","","","","","","","","","","","","","","","","","","","","","","","","","","","",""
"338.596502698","2026-05-12 19:09:59.466640","/home/sc28/SC-28/1_definition/SC-28/camera.py","capture_and_detect","264","","","","","","","","","","","","","","","","9955.0","","","","","","","","","","","","","","","","","","","","","","","","","","","","","",""
"338.603151957","2026-05-12 19:09:59.473295","/home/sc28/SC-28/1_definition/SC-28/camera.py","capture_and_detect","265","","","","","","","","","","","","","","","","","","355","292","","","","","","","","","","","","","","","","","","","","","","","","","","",""
"338.607564049","2026-05-12 19:09:59.477724","/home/sc28/SC-28/1_definition/SC-28/camera.py","capture_and_detect","266","","","","","","","","","","","","","","","","","","","","640","480","","","","","","","","","","","","","","","","","","","","","","","","",""
"338.65735562","2026-05-12 19:09:59.527496","/home/sc28/SC-28/1_definition/SC-28/camera.py","capture_and_detect","263","","","","","","","","","","","","","","","","","1","","","","","","","","","","","","","","","","","","","","","","","","","","","","",""
"338.661036261","2026-05-12 19:09:59.531177","/home/sc28/SC-28/1_definition/SC-28/camera.py","capture_and_detect","264","","","","","","","","","","","","","","","","9351.0","","","","","","","","","","","","","","","","","","","","","","","","","","","","","",""
"338.663945813","2026-05-12 19:09:59.534091","/home/sc28/SC-28/1_definition/SC-28/camera.py","capture_and_detect","265","","","","","","","","","","","","","","","","","","290","201","","","","","","","","","","","","","","","","","","","","","","","","","","",""
"338.671306573","2026-05-12 19:09:59.541450","/home/sc28/SC-28/1_definition/SC-28/camera.py","capture_and_detect","266","","","","","","","","","","","","","","","","","","","","640","480","","","","","","","","","","","","","","","","","","","","","","","","",""
"338.720213299","2026-05-12 19:09:59.590358","/home/sc28/SC-28/1_definition/SC-28/camera.py","capture_and_detect","263","","","","","","","","","","","","","","","","","1","","","","","","","","","","","","","","","","","","","","","","","","","","","","",""
"338.724193854","2026-05-12 19:09:59.594332","/home/sc28/SC-28/1_definition/SC-28/camera.py","capture_and_detect","264","","","","","","","","","","","","","","","","7932.5","","","","","","","","","","","","","","","","","","","","","","","","","","","","","",""
"338.729223691","2026-05-12 19:09:59.599373","/home/sc28/SC-28/1_definition/SC-28/camera.py","capture_and_detect","265","","","","","","","","","","","","","","","","","","296","212","","","","","","","","","","","","","","","","","","","","","","","","","","",""
"338.738680048","2026-05-12 19:09:59.608829","/home/sc28/SC-28/1_definition/SC-28/camera.py","capture_and_detect","266","","","","","","","","","","","","","","","","","","","","640","480","","","","","","","","","","","","","","","","","","","","","","","","",""
"345.046512442","2026-05-12 19:10:05.916652","/home/sc28/SC-28/1_definition/SC-28/camera.py","capture_and_detect","263","","","","","","","","","","","","","","","","","1","","","","","","","","","","","","","","","","","","","","","","","","","","","","",""
"345.053759881","2026-05-12 19:10:05.923896","/home/sc28/SC-28/1_definition/SC-28/camera.py","capture_and_detect","264","","","","","","","","","","","","","","","","8919.5","","","","","","","","","","","","","","","","","","","","","","","","","","","","","",""
"345.058430873","2026-05-12 19:10:05.928576","/home/sc28/SC-28/1_definition/SC-28/camera.py","capture_and_detect","265","","","","","","","","","","","","","","","","","","306","216","","","","","","","","","","","","","","","","","","","","","","","","","","",""
"345.061331296","2026-05-12 19:10:05.931472","/home/sc28/SC-28/1_definition/SC-28/camera.py","capture_and_detect","266","","","","","","","","","","","","","","","","","","","","640","480","","","","","","","","","","","","","","","","","","","","","","","","",""
"345.116603882","2026-05-12 19:10:05.986748","/home/sc28/SC-28/1_definition/SC-28/camera.py","capture_and_detect","263","","","","","","","","","","","","","","","","","1","","","","","","","","","","","","","","","","","","","","","","","","","","","","",""
"345.120351749","2026-05-12 19:10:05.990488","/home/sc28/SC-28/1_definition/SC-28/camera.py","capture_and_detect","264","","","","","","","","","","","","","","","","1329.5","","","","","","","","","","","","","","","","","","","","","","","","","","","","","",""
"345.12349354","2026-05-12 19:10:05.993641","/home/sc28/SC-28/1_definition/SC-28/camera.py","capture_and_detect","265","","","","","","","","","","","","","","","","","","453","205","","","","","","","","","","","","","","","","","","","","","","","","","","",""
"345.132043239","2026-05-12 19:10:06.002192","/home/sc28/SC-28/1_definition/SC-28/camera.py","capture_and_detect","266","","","","","","","","","","","","","","","","","","","","640","480","","","","","","","","","","","","","","","","","","","","","","","","",""
"345.189534553","2026-05-12 19:10:06.059676","/home/sc28/SC-28/1_definition/SC-28/camera.py","capture_and_detect","263","","","","","","","","","","","","","","","","","1","","","","","","","","","","","","","","","","","","","","","","","","","","","","",""
"345.193097876","2026-05-12 19:10:06.063233","/home/sc28/SC-28/1_definition/SC-28/camera.py","capture_and_detect","264","","","","","","","","","","","","","","","","1752.5","","","","","","","","","","","","","","","","","","","","","","","","","","","","","",""
"345.196262166","2026-05-12 19:10:06.066413","/home/sc28/SC-28/1_definition/SC-28/camera.py","capture_and_detect","265","","","","","","","","","","","","","","","","","","437","217","","","","","","","","","","","","","","","","","","","","","","","","","","",""
"345.200283275","2026-05-12 19:10:06.070429","/home/sc28/SC-28/1_definition/SC-28/camera.py","capture_and_detect","266","","","","","","","","","","","","","","","","","","","","640","480","","","","","","","","","","","","","","","","","","","","","","","","",""
"345.259274464","2026-05-12 19:10:06.129413","/home/sc28/SC-28/1_definition/SC-28/camera.py","capture_and_detect","263","","","","","","","","","","","","","","","","","3","","","","","","","","","","","","","","","","","","","","","","","","","","","","",""
"345.262657099","2026-05-12 19:10:06.132796","/home/sc28/SC-28/1_definition/SC-28/camera.py","capture_and_detect","264","","","","","","","","","","","","","","","","1711.0","","","","","","","","","","","","","","","","","","","","","","","","","","","","","",""
"345.265567626","2026-05-12 19:10:06.135710","/home/sc28/SC-28/1_definition/SC-28/camera.py","capture_and_detect","265","","","","","","","","","","","","","","","","","","138","216","","","","","","","","","","","","","","","","","","","","","","","","","","",""
"345.268396741","2026-05-12 19:10:06.138539","/home/sc28/SC-28/1_definition/SC-28/camera.py","capture_and_detect","266","","","","","","","","","","","","","","","","","","","","640","480","","","","","","","","","","","","","","","","","","","","","","","","",""
"345.31978355","2026-05-12 19:10:06.189924","/home/sc28/SC-28/1_definition/SC-28/camera.py","capture_and_detect","263","","","","","","","","","","","","","","","","","3","","","","","","","","","","","","","","","","","","","","","","","","","","","","",""
"345.323279994","2026-05-12 19:10:06.193413","/home/sc28/SC-28/1_definition/SC-28/camera.py","capture_and_detect","264","","","","","","","","","","","","","","","","2751.5","","","","","","","","","","","","","","","","","","","","","","","","","","","","","",""
"345.329829732","2026-05-12 19:10:06.199974","/home/sc28/SC-28/1_definition/SC-28/camera.py","capture_and_detect","265","","","","","","","","","","","","","","","","","","121","189","","","","","","","","","","","","","","","","","","","","","","","","","","",""
"345.332756874","2026-05-12 19:10:06.202899","/home/sc28/SC-28/1_definition/SC-28/camera.py","capture_and_detect","266","","","","","","","","","","","","","","","","","","","","640","480","","","","","","","","","","","","","","","","","","","","","","","","",""
"351.885019185","2026-05-12 19:10:12.755161","/home/sc28/SC-28/1_definition/SC-28/camera.py","capture_and_detect","263","","","","","","","","","","","","","","","","","3","","","","","","","","","","","","","","","","","","","","","","","","","","","","",""
"351.889251746","2026-05-12 19:10:12.759390","/home/sc28/SC-28/1_definition/SC-28/camera.py","capture_and_detect","264","","","","","","","","","","","","","","","","2918.0","","","","","","","","","","","","","","","","","","","","","","","","","","","","","",""
"351.902640506","2026-05-12 19:10:12.772788","/home/sc28/SC-28/1_definition/SC-28/camera.py","capture_and_detect","265","","","","","","","","","","","","","","","","","","117","149","","","","","","","","","","","","","","","","","","","","","","","","","","",""
"351.905558208","2026-05-12 19:10:12.775702","/home/sc28/SC-28/1_definition/SC-28/camera.py","capture_and_detect","266","","","","","","","","","","","","","","","","","","","","640","480","","","","","","","","","","","","","","","","","","","","","","","","",""
"352.030284088","2026-05-12 19:10:12.900433","/home/sc28/SC-28/1_definition/SC-28/camera.py","capture_and_detect","263","","","","","","","","","","","","","","","","","1","","","","","","","","","","","","","","","","","","","","","","","","","","","","",""
"352.034085689","2026-05-12 19:10:12.904224","/home/sc28/SC-28/1_definition/SC-28/camera.py","capture_and_detect","264","","","","","","","","","","","","","","","","4687.0","","","","","","","","","","","","","","","","","","","","","","","","","","","","","",""
"352.036904375","2026-05-12 19:10:12.907048","/home/sc28/SC-28/1_definition/SC-28/camera.py","capture_and_detect","265","","","","","","","","","","","","","","","","","","250","246","","","","","","","","","","","","","","","","","","","","","","","","","","",""
"352.039721968","2026-05-12 19:10:12.909862","/home/sc28/SC-28/1_definition/SC-28/camera.py","capture_and_detect","266","","","","","","","","","","","","","","","","","","","","640","480","","","","","","","","","","","","","","","","","","","","","","","","",""
"352.200140884","2026-05-12 19:10:13.070284","/home/sc28/SC-28/1_definition/SC-28/camera.py","capture_and_detect","263","","","","","","","","","","","","","","","","","1","","","","","","","","","","","","","","","","","","","","","","","","","","","","",""
"352.267098703","2026-05-12 19:10:13.137236","/home/sc28/SC-28/1_definition/SC-28/camera.py","capture_and_detect","264","","","","","","","","","","","","","","","","5195.0","","","","","","","","","","","","","","","","","","","","","","","","","","","","","",""
"352.312689919","2026-05-12 19:10:13.182835","/home/sc28/SC-28/1_definition/SC-28/camera.py","capture_and_detect","265","","","","","","","","","","","","","","","","","","281","453","","","","","","","","","","","","","","","","","","","","","","","","","","",""
"352.35859563","2026-05-12 19:10:13.228742","/home/sc28/SC-28/1_definition/SC-28/camera.py","capture_and_detect","266","","","","","","","","","","","","","","","","","","","","640","480","","","","","","","","","","","","","","","","","","","","","","","","",""
"352.461169941","2026-05-12 19:10:13.331312","/home/sc28/SC-28/1_definition/SC-28/camera.py","capture_and_detect","263","","","","","","","","","","","","","","","","","1","","","","","","","","","","","","","","","","","","","","","","","","","","","","",""
"352.507248421","2026-05-12 19:10:13.377389","/home/sc28/SC-28/1_definition/SC-28/camera.py","capture_and_detect","264","","","","","","","","","","","","","","","","4783.0","","","","","","","","","","","","","","","","","","","","","","","","","","","","","",""
"352.557621077","2026-05-12 19:10:13.427767","/home/sc28/SC-28/1_definition/SC-28/camera.py","capture_and_detect","265","","","","","","","","","","","","","","","","","","291","452","","","","","","","","","","","","","","","","","","","","","","","","","","",""
"352.60343845","2026-05-12 19:10:13.473582","/home/sc28/SC-28/1_definition/SC-28/camera.py","capture_and_detect","266","","","","","","","","","","","","","","","","","","","","640","480","","","","","","","","","","","","","","","","","","","","","","","","",""
"352.685686784","2026-05-12 19:10:13.555828","/home/sc28/SC-28/1_definition/SC-28/camera.py","capture_and_detect","263","","","","","","","","","","","","","","","","","1","","","","","","","","","","","","","","","","","","","","","","","","","","","","",""
"352.689358689","2026-05-12 19:10:13.559494","/home/sc28/SC-28/1_definition/SC-28/camera.py","capture_and_detect","264","","","","","","","","","","","","","","","","4471.5","","","","","","","","","","","","","","","","","","","","","","","","","","","","","",""
"352.693817196","2026-05-12 19:10:13.563963","/home/sc28/SC-28/1_definition/SC-28/camera.py","capture_and_detect","265","","","","","","","","","","","","","","","","","","295","454","","","","","","","","","","","","","","","","","","","","","","","","","","",""
"352.706471066","2026-05-12 19:10:13.576617","/home/sc28/SC-28/1_definition/SC-28/camera.py","capture_and_detect","266","","","","","","","","","","","","","","","","","","","","640","480","","","","","","","","","","","","","","","","","","","","","","","","",""
