time,date,file,func,line,serious_error,error,warning,msg,format_exception,phase,gnss_time,lat,lon,alt,alt_base_press,goal_lat,goal_lon,temp,press,camera_area,camera_order,camera_center_x,camera_center_y,camera_frame_size_x,camera_frame_size_y,motor_l,motor_r,goal_relative_x,goal_relative_y,goal_relative_angle_rad,goal_distance,accel_all_x,accel_all_y,accel_all_z,accel_line_x,accel_line_y,accel_line_z,mag_x,mag_y,mag_z,gyro_x,gyro_y,gyro_z,grav_x,grav_y,grav_z,euler_x,euler_y,euler_z,nmea
"415.233903583","2026-08-01 15:18:07.060148","/home/sc28/SC-30/2_phase/phase1&2.py","log_msg","60","","","","bnoセットアップ開始","","","","","","","","","","","","","","","","","","","","","","","","","","","","","","","","","","","","","","","","","",""
"415.386684935","2026-08-01 15:18:07.212941","/home/sc28/SC-30/2_phase/phase1&2.py","log_msg","60","","","","cameraセットアップ開始","","","","","","","","","","","","","","","","","","","","","","","","","","","","","","","","","","","","","","","","","",""
"415.390491713","2026-08-01 15:18:07.216742","/home/sc28/SC-30/2_phase/phase1&2.py","log_msg","60","","Camera import failed","","","","","","","","","","","","","","","","","","","","","","","","","","","","","","","","","","","","","","","","","","","",""
"415.394285626","2026-08-01 15:18:07.220538","/home/sc28/SC-30/2_phase/phase1&2.py","log_msg","60","","","","bmeセットアップ開始","","","","","","","","","","","","","","","","","","","","","","","","","","","","","","","","","","","","","","","","","",""
"415.935054107","2026-08-01 15:18:07.761303","/home/sc28/SC-30/2_phase/phase1&2.py","log_msg","60","","","","モータセットアップ開始","","","","","","","","","","","","","","","","","","","","","","","","","","","","","","","","","","","","","","","","","",""
"415.980336832","2026-08-01 15:18:07.806594","/home/sc28/SC-30/2_phase/phase1&2.py","log_msg","60","","","","GPIOセットアップ開始","","","","","","","","","","","","","","","","","","","","","","","","","","","","","","","","","","","","","","","","","",""
"415.985834048","2026-08-01 15:18:07.812083","/home/sc28/SC-30/2_phase/phase1&2.py","log_msg","60","","","","","","","","","","0.0","","","","","","","","","","","","","","","","","","","","","","","","","","","","","","","","","","","",""
"415.994296859","2026-08-01 15:18:07.820551","/home/sc28/SC-30/2_phase/phase1&2.py","log_msg","60","","","","[待機] alt=0.000 m","","","","","","","","","","","","","","","","","","","","","","","","","","","","","","","","","","","","","","","","","",""
"417.101612186","2026-08-01 15:18:08.927846","/home/sc28/SC-30/2_phase/phase1&2.py","log_msg","60","","","","","","","","","","-4.640217274717385","","","","","","","","","","","","","","","","","","","","","","","","","","","","","","","","","","","",""
"417.10514593","2026-08-01 15:18:08.931388","/home/sc28/SC-30/2_phase/phase1&2.py","log_msg","60","","","","[待機] alt=-4.640 m","","","","","","","","","","","","","","","","","","","","","","","","","","","","","","","","","","","","","","","","","",""
"418.213979398","2026-08-01 15:18:10.040215","/home/sc28/SC-30/2_phase/phase1&2.py","log_msg","60","","","","","","","","","","-3.9207909061949975","","","","","","","","","","","","","","","","","","","","","","","","","","","","","","","","","","","",""
"418.217535899","2026-08-01 15:18:10.043783","/home/sc28/SC-30/2_phase/phase1&2.py","log_msg","60","","","","[待機] alt=-3.921 m","","","","","","","","","","","","","","","","","","","","","","","","","","","","","","","","","","","","","","","","","",""
"419.323719462","2026-08-01 15:18:11.149955","/home/sc28/SC-30/2_phase/phase1&2.py","log_msg","60","","","","","","","","","","-3.870753374404312","","","","","","","","","","","","","","","","","","","","","","","","","","","","","","","","","","","",""
"419.327752127","2026-08-01 15:18:11.153995","/home/sc28/SC-30/2_phase/phase1&2.py","log_msg","60","","","","[待機] alt=-3.871 m","","","","","","","","","","","","","","","","","","","","","","","","","","","","","","","","","","","","","","","","","",""
"420.437791309","2026-08-01 15:18:12.264026","/home/sc28/SC-30/2_phase/phase1&2.py","log_msg","60","","","","","","","","","","-3.612498093122376","","","","","","","","","","","","","","","","","","","","","","","","","","","","","","","","","","","",""
"420.44145203","2026-08-01 15:18:12.267695","/home/sc28/SC-30/2_phase/phase1&2.py","log_msg","60","","","","[待機] alt=-3.612 m","","","","","","","","","","","","","","","","","","","","","","","","","","","","","","","","","","","","","","","","","",""
"421.546590863","2026-08-01 15:18:13.372825","/home/sc28/SC-30/2_phase/phase1&2.py","log_msg","60","","","","","","","","","","-3.381841669718302","","","","","","","","","","","","","","","","","","","","","","","","","","","","","","","","","","","",""
"421.550213299","2026-08-01 15:18:13.376455","/home/sc28/SC-30/2_phase/phase1&2.py","log_msg","60","","","","[待機] alt=-3.382 m","","","","","","","","","","","","","","","","","","","","","","","","","","","","","","","","","","","","","","","","","",""
"422.657885584","2026-08-01 15:18:14.484121","/home/sc28/SC-30/2_phase/phase1&2.py","log_msg","60","","","","","","","","","","-3.6292092439309775","","","","","","","","","","","","","","","","","","","","","","","","","","","","","","","","","","","",""
"422.666489464","2026-08-01 15:18:14.492741","/home/sc28/SC-30/2_phase/phase1&2.py","log_msg","60","","","","[待機] alt=-3.629 m","","","","","","","","","","","","","","","","","","","","","","","","","","","","","","","","","","","","","","","","","",""
"423.772056378","2026-08-01 15:18:15.598299","/home/sc28/SC-30/2_phase/phase1&2.py","log_msg","60","","","","","","","","","","-3.1427836364168305","","","","","","","","","","","","","","","","","","","","","","","","","","","","","","","","","","","",""
"423.776332637","2026-08-01 15:18:15.602583","/home/sc28/SC-30/2_phase/phase1&2.py","log_msg","60","","","","[待機] alt=-3.143 m","","","","","","","","","","","","","","","","","","","","","","","","","","","","","","","","","","","","","","","","","",""
"424.884900694","2026-08-01 15:18:16.711140","/home/sc28/SC-30/2_phase/phase1&2.py","log_msg","60","","","","","","","","","","-3.5237268317107295","","","","","","","","","","","","","","","","","","","","","","","","","","","","","","","","","","","",""
"424.890948426","2026-08-01 15:18:16.717198","/home/sc28/SC-30/2_phase/phase1&2.py","log_msg","60","","","","[待機] alt=-3.524 m","","","","","","","","","","","","","","","","","","","","","","","","","","","","","","","","","","","","","","","","","",""
"426.000170093","2026-08-01 15:18:17.826409","/home/sc28/SC-30/2_phase/phase1&2.py","log_msg","60","","","","","","","","","","-4.071087271303931","","","","","","","","","","","","","","","","","","","","","","","","","","","","","","","","","","","",""
"426.004276707","2026-08-01 15:18:17.830525","/home/sc28/SC-30/2_phase/phase1&2.py","log_msg","60","","","","[待機] alt=-4.071 m","","","","","","","","","","","","","","","","","","","","","","","","","","","","","","","","","","","","","","","","","",""
"427.10989647","2026-08-01 15:18:18.936137","/home/sc28/SC-30/2_phase/phase1&2.py","log_msg","60","","","","","","","","","","-3.7458834430183052","","","","","","","","","","","","","","","","","","","","","","","","","","","","","","","","","","","",""
"427.117702908","2026-08-01 15:18:18.943954","/home/sc28/SC-30/2_phase/phase1&2.py","log_msg","60","","","","[待機] alt=-3.746 m","","","","","","","","","","","","","","","","","","","","","","","","","","","","","","","","","","","","","","","","","",""
"428.22847525","2026-08-01 15:18:20.054716","/home/sc28/SC-30/2_phase/phase1&2.py","log_msg","60","","","","","","","","","","-3.8292196403451983","","","","","","","","","","","","","","","","","","","","","","","","","","","","","","","","","","","",""
"428.232518835","2026-08-01 15:18:20.058768","/home/sc28/SC-30/2_phase/phase1&2.py","log_msg","60","","","","[待機] alt=-3.829 m","","","","","","","","","","","","","","","","","","","","","","","","","","","","","","","","","","","","","","","","","",""
"429.342965429","2026-08-01 15:18:21.169204","/home/sc28/SC-30/2_phase/phase1&2.py","log_msg","60","","","","","","","","","","-3.8708685713267177","","","","","","","","","","","","","","","","","","","","","","","","","","","","","","","","","","","",""
"429.346881716","2026-08-01 15:18:21.173131","/home/sc28/SC-30/2_phase/phase1&2.py","log_msg","60","","","","[待機] alt=-3.871 m","","","","","","","","","","","","","","","","","","","","","","","","","","","","","","","","","","","","","","","","","",""
"430.452366238","2026-08-01 15:18:22.278606","/home/sc28/SC-30/2_phase/phase1&2.py","log_msg","60","","","","","","","","","","-3.5733361652153817","","","","","","","","","","","","","","","","","","","","","","","","","","","","","","","","","","","",""
"430.456599826","2026-08-01 15:18:22.282850","/home/sc28/SC-30/2_phase/phase1&2.py","log_msg","60","","","","[待機] alt=-3.573 m","","","","","","","","","","","","","","","","","","","","","","","","","","","","","","","","","","","","","","","","","",""
"431.562081841","2026-08-01 15:18:23.388321","/home/sc28/SC-30/2_phase/phase1&2.py","log_msg","60","","","","","","","","","","-4.101589494147886","","","","","","","","","","","","","","","","","","","","","","","","","","","","","","","","","","","",""
"431.569776903","2026-08-01 15:18:23.396027","/home/sc28/SC-30/2_phase/phase1&2.py","log_msg","60","","","","[待機] alt=-4.102 m","","","","","","","","","","","","","","","","","","","","","","","","","","","","","","","","","","","","","","","","","",""
"432.675521948","2026-08-01 15:18:24.501761","/home/sc28/SC-30/2_phase/phase1&2.py","log_msg","60","","","","","","","","","","-4.076426373864757","","","","","","","","","","","","","","","","","","","","","","","","","","","","","","","","","","","",""
"432.682977364","2026-08-01 15:18:24.509228","/home/sc28/SC-30/2_phase/phase1&2.py","log_msg","60","","","","[待機] alt=-4.076 m","","","","","","","","","","","","","","","","","","","","","","","","","","","","","","","","","","","","","","","","","",""
"433.788695386","2026-08-01 15:18:25.614934","/home/sc28/SC-30/2_phase/phase1&2.py","log_msg","60","","","","","","","","","","-3.7259587448650366","","","","","","","","","","","","","","","","","","","","","","","","","","","","","","","","","","","",""
"433.792846726","2026-08-01 15:18:25.619096","/home/sc28/SC-30/2_phase/phase1&2.py","log_msg","60","","","","[待機] alt=-3.726 m","","","","","","","","","","","","","","","","","","","","","","","","","","","","","","","","","","","","","","","","","",""
"434.898347885","2026-08-01 15:18:26.724588","/home/sc28/SC-30/2_phase/phase1&2.py","log_msg","60","","","","","","","","","","-3.562017815439744","","","","","","","","","","","","","","","","","","","","","","","","","","","","","","","","","","","",""
"434.905799909","2026-08-01 15:18:26.732052","/home/sc28/SC-30/2_phase/phase1&2.py","log_msg","60","","","","[待機] alt=-3.562 m","","","","","","","","","","","","","","","","","","","","","","","","","","","","","","","","","","","","","","","","","",""
"436.011595791","2026-08-01 15:18:27.837836","/home/sc28/SC-30/2_phase/phase1&2.py","log_msg","60","","","","","","","","","","-2.775163139364394","","","","","","","","","","","","","","","","","","","","","","","","","","","","","","","","","","","",""
"436.015662803","2026-08-01 15:18:27.841916","/home/sc28/SC-30/2_phase/phase1&2.py","log_msg","60","","","","[待機] alt=-2.775 m","","","","","","","","","","","","","","","","","","","","","","","","","","","","","","","","","","","","","","","","","",""
"437.121227464","2026-08-01 15:18:28.947466","/home/sc28/SC-30/2_phase/phase1&2.py","log_msg","60","","","","","","","","","","-2.680562633810195","","","","","","","","","","","","","","","","","","","","","","","","","","","","","","","","","","","",""
"437.125269317","2026-08-01 15:18:28.951520","/home/sc28/SC-30/2_phase/phase1&2.py","log_msg","60","","","","[待機] alt=-2.681 m","","","","","","","","","","","","","","","","","","","","","","","","","","","","","","","","","","","","","","","","","",""
"438.235714109","2026-08-01 15:18:30.061953","/home/sc28/SC-30/2_phase/phase1&2.py","log_msg","60","","","","","","","","","","-2.4245408674757885","","","","","","","","","","","","","","","","","","","","","","","","","","","","","","","","","","","",""
"438.240346759","2026-08-01 15:18:30.066595","/home/sc28/SC-30/2_phase/phase1&2.py","log_msg","60","","","","[待機] alt=-2.425 m","","","","","","","","","","","","","","","","","","","","","","","","","","","","","","","","","","","","","","","","","",""
"439.345881215","2026-08-01 15:18:31.172121","/home/sc28/SC-30/2_phase/phase1&2.py","log_msg","60","","","","","","","","","","-2.329918392475352","","","","","","","","","","","","","","","","","","","","","","","","","","","","","","","","","","","",""
"439.349951032","2026-08-01 15:18:31.176201","/home/sc28/SC-30/2_phase/phase1&2.py","log_msg","60","","","","[待機] alt=-2.330 m","","","","","","","","","","","","","","","","","","","","","","","","","","","","","","","","","","","","","","","","","",""
"440.455312732","2026-08-01 15:18:32.281552","/home/sc28/SC-30/2_phase/phase1&2.py","log_msg","60","","","","","","","","","","-2.2768091228129106","","","","","","","","","","","","","","","","","","","","","","","","","","","","","","","","","","","",""
"440.459420205","2026-08-01 15:18:32.285669","/home/sc28/SC-30/2_phase/phase1&2.py","log_msg","60","","","","[待機] alt=-2.277 m","","","","","","","","","","","","","","","","","","","","","","","","","","","","","","","","","","","","","","","","","",""
"441.568449016","2026-08-01 15:18:33.394688","/home/sc28/SC-30/2_phase/phase1&2.py","log_msg","60","","","","","","","","","","-2.412966506958134","","","","","","","","","","","","","","","","","","","","","","","","","","","","","","","","","","","",""
"441.572462058","2026-08-01 15:18:33.398712","/home/sc28/SC-30/2_phase/phase1&2.py","log_msg","60","","","","[待機] alt=-2.413 m","","","","","","","","","","","","","","","","","","","","","","","","","","","","","","","","","","","","","","","","","",""
"442.677953179","2026-08-01 15:18:34.504195","/home/sc28/SC-30/2_phase/phase1&2.py","log_msg","60","","","","","","","","","","-2.087506744855392","","","","","","","","","","","","","","","","","","","","","","","","","","","","","","","","","","","",""
"442.681960126","2026-08-01 15:18:34.508210","/home/sc28/SC-30/2_phase/phase1&2.py","log_msg","60","","","","[待機] alt=-2.088 m","","","","","","","","","","","","","","","","","","","","","","","","","","","","","","","","","","","","","","","","","",""
"443.787399559","2026-08-01 15:18:35.613639","/home/sc28/SC-30/2_phase/phase1&2.py","log_msg","60","","","","","","","","","","-1.806064668394125","","","","","","","","","","","","","","","","","","","","","","","","","","","","","","","","","","","",""
"443.794828327","2026-08-01 15:18:35.621082","/home/sc28/SC-30/2_phase/phase1&2.py","log_msg","60","","","","[待機] alt=-1.806 m","","","","","","","","","","","","","","","","","","","","","","","","","","","","","","","","","","","","","","","","","",""
"444.904719601","2026-08-01 15:18:36.730960","/home/sc28/SC-30/2_phase/phase1&2.py","log_msg","60","","","","","","","","","","-1.480540874871008","","","","","","","","","","","","","","","","","","","","","","","","","","","","","","","","","","","",""
"444.908952229","2026-08-01 15:18:36.735201","/home/sc28/SC-30/2_phase/phase1&2.py","log_msg","60","","","","[待機] alt=-1.481 m","","","","","","","","","","","","","","","","","","","","","","","","","","","","","","","","","","","","","","","","","",""
"446.014353257","2026-08-01 15:18:37.840592","/home/sc28/SC-30/2_phase/phase1&2.py","log_msg","60","","","","","","","","","","-1.1296354032895883","","","","","","","","","","","","","","","","","","","","","","","","","","","","","","","","","","","",""
"446.028401957","2026-08-01 15:18:37.854661","/home/sc28/SC-30/2_phase/phase1&2.py","log_msg","60","","","","[待機] alt=-1.130 m","","","","","","","","","","","","","","","","","","","","","","","","","","","","","","","","","","","","","","","","","",""
"447.143333578","2026-08-01 15:18:38.969573","/home/sc28/SC-30/2_phase/phase1&2.py","log_msg","60","","","","","","","","","","-1.034914450686113","","","","","","","","","","","","","","","","","","","","","","","","","","","","","","","","","","","",""
"447.154686725","2026-08-01 15:18:38.980946","/home/sc28/SC-30/2_phase/phase1&2.py","log_msg","60","","","","[待機] alt=-1.035 m","","","","","","","","","","","","","","","","","","","","","","","","","","","","","","","","","","","","","","","","","",""
"448.260410449","2026-08-01 15:18:40.086649","/home/sc28/SC-30/2_phase/phase1&2.py","log_msg","60","","","","","","","","","","-0.7760979818650693","","","","","","","","","","","","","","","","","","","","","","","","","","","","","","","","","","","",""
"448.266339213","2026-08-01 15:18:40.092589","/home/sc28/SC-30/2_phase/phase1&2.py","log_msg","60","","","","[待機] alt=-0.776 m","","","","","","","","","","","","","","","","","","","","","","","","","","","","","","","","","","","","","","","","","",""
"449.37197612","2026-08-01 15:18:41.198215","/home/sc28/SC-30/2_phase/phase1&2.py","log_msg","60","","","","","","","","","","-1.0483654574259993","","","","","","","","","","","","","","","","","","","","","","","","","","","","","","","","","","","",""
"449.379873376","2026-08-01 15:18:41.206124","/home/sc28/SC-30/2_phase/phase1&2.py","log_msg","60","","","","[待機] alt=-1.048 m","","","","","","","","","","","","","","","","","","","","","","","","","","","","","","","","","","","","","","","","","",""
"450.485702447","2026-08-01 15:18:42.311941","/home/sc28/SC-30/2_phase/phase1&2.py","log_msg","60","","","","","","","","","","-0.49184632489346125","","","","","","","","","","","","","","","","","","","","","","","","","","","","","","","","","","","",""
"450.489825011","2026-08-01 15:18:42.316074","/home/sc28/SC-30/2_phase/phase1&2.py","log_msg","60","","","","[待機] alt=-0.492 m","","","","","","","","","","","","","","","","","","","","","","","","","","","","","","","","","","","","","","","","","",""
"451.595310771","2026-08-01 15:18:43.421551","/home/sc28/SC-30/2_phase/phase1&2.py","log_msg","60","","","","","","","","","","-0.399648907683523","","","","","","","","","","","","","","","","","","","","","","","","","","","","","","","","","","","",""
"451.599425052","2026-08-01 15:18:43.425674","/home/sc28/SC-30/2_phase/phase1&2.py","log_msg","60","","","","[待機] alt=-0.400 m","","","","","","","","","","","","","","","","","","","","","","","","","","","","","","","","","","","","","","","","","",""
"452.70498757","2026-08-01 15:18:44.531227","/home/sc28/SC-30/2_phase/phase1&2.py","log_msg","60","","","","","","","","","","-0.5357753975290591","","","","","","","","","","","","","","","","","","","","","","","","","","","","","","","","","","","",""
"452.714537886","2026-08-01 15:18:44.540797","/home/sc28/SC-30/2_phase/phase1&2.py","log_msg","60","","","","[待機] alt=-0.536 m","","","","","","","","","","","","","","","","","","","","","","","","","","","","","","","","","","","","","","","","","",""
"453.820634731","2026-08-01 15:18:45.646874","/home/sc28/SC-30/2_phase/phase1&2.py","log_msg","60","","","","","","","","","","0.1849556107429795","","","","","","","","","","","","","","","","","","","","","","","","","","","","","","","","","","","",""
"453.82978446","2026-08-01 15:18:45.656044","/home/sc28/SC-30/2_phase/phase1&2.py","log_msg","60","","","","[待機] alt=0.185 m","","","","","","","","","","","","","","","","","","","","","","","","","","","","","","","","","","","","","","","","","",""
"454.935506344","2026-08-01 15:18:46.761745","/home/sc28/SC-30/2_phase/phase1&2.py","log_msg","60","","","","","","","","","","0.8083899522777316","","","","","","","","","","","","","","","","","","","","","","","","","","","","","","","","","","","",""
"454.943006806","2026-08-01 15:18:46.769280","/home/sc28/SC-30/2_phase/phase1&2.py","log_msg","60","","","","[待機] alt=0.808 m","","","","","","","","","","","","","","","","","","","","","","","","","","","","","","","","","","","","","","","","","",""
"456.057325955","2026-08-01 15:18:47.883564","/home/sc28/SC-30/2_phase/phase1&2.py","log_msg","60","","","","","","","","","","0.7670934901780879","","","","","","","","","","","","","","","","","","","","","","","","","","","","","","","","","","","",""
"456.061398928","2026-08-01 15:18:47.887648","/home/sc28/SC-30/2_phase/phase1&2.py","log_msg","60","","","","[待機] alt=0.767 m","","","","","","","","","","","","","","","","","","","","","","","","","","","","","","","","","","","","","","","","","",""
"457.166921185","2026-08-01 15:18:48.993160","/home/sc28/SC-30/2_phase/phase1&2.py","log_msg","60","","","","","","","","","","0.9980361402131843","","","","","","","","","","","","","","","","","","","","","","","","","","","","","","","","","","","",""
"457.173683655","2026-08-01 15:18:48.999932","/home/sc28/SC-30/2_phase/phase1&2.py","log_msg","60","","","","[待機] alt=0.998 m","","","","","","","","","","","","","","","","","","","","","","","","","","","","","","","","","","","","","","","","","",""
"458.279562783","2026-08-01 15:18:50.105804","/home/sc28/SC-30/2_phase/phase1&2.py","log_msg","60","","","","","","","","","","0.7258098345091835","","","","","","","","","","","","","","","","","","","","","","","","","","","","","","","","","","","",""
"458.293107038","2026-08-01 15:18:50.119368","/home/sc28/SC-30/2_phase/phase1&2.py","log_msg","60","","","","[待機] alt=0.726 m","","","","","","","","","","","","","","","","","","","","","","","","","","","","","","","","","","","","","","","","","",""
"459.40069821","2026-08-01 15:18:51.226937","/home/sc28/SC-30/2_phase/phase1&2.py","log_msg","60","","","","","","","","","","0.8206483313764801","","","","","","","","","","","","","","","","","","","","","","","","","","","","","","","","","","","",""
"459.404800137","2026-08-01 15:18:51.231051","/home/sc28/SC-30/2_phase/phase1&2.py","log_msg","60","","","","[待機] alt=0.821 m","","","","","","","","","","","","","","","","","","","","","","","","","","","","","","","","","","","","","","","","","",""
"460.511315165","2026-08-01 15:18:52.337556","/home/sc28/SC-30/2_phase/phase1&2.py","log_msg","60","","","","","","","","","","1.2132246957079318","","","","","","","","","","","","","","","","","","","","","","","","","","","","","","","","","","","",""
"460.518916086","2026-08-01 15:18:52.345166","/home/sc28/SC-30/2_phase/phase1&2.py","log_msg","60","","","","[待機] alt=1.213 m","","","","","","","","","","","","","","","","","","","","","","","","","","","","","","","","","","","","","","","","","",""
"461.624751182","2026-08-01 15:18:53.450991","/home/sc28/SC-30/2_phase/phase1&2.py","log_msg","60","","","","","","","","","","1.8649073059373134","","","","","","","","","","","","","","","","","","","","","","","","","","","","","","","","","","","",""
"461.634005216","2026-08-01 15:18:53.460256","/home/sc28/SC-30/2_phase/phase1&2.py","log_msg","60","","","","[待機] alt=1.865 m","","","","","","","","","","","","","","","","","","","","","","","","","","","","","","","","","","","","","","","","","",""
"462.739883322","2026-08-01 15:18:54.566123","/home/sc28/SC-30/2_phase/phase1&2.py","log_msg","60","","","","","","","","","","2.421781676151036","","","","","","","","","","","","","","","","","","","","","","","","","","","","","","","","","","","",""
"462.743998528","2026-08-01 15:18:54.570316","/home/sc28/SC-30/2_phase/phase1&2.py","log_msg","60","","","","[待機] alt=2.422 m","","","","","","","","","","","","","","","","","","","","","","","","","","","","","","","","","","","","","","","","","",""
"463.849592559","2026-08-01 15:18:55.675832","/home/sc28/SC-30/2_phase/phase1&2.py","log_msg","60","","","","","","","","","","2.747693675344599","","","","","","","","","","","","","","","","","","","","","","","","","","","","","","","","","","","",""
"463.860742623","2026-08-01 15:18:55.687001","/home/sc28/SC-30/2_phase/phase1&2.py","log_msg","60","","","","[待機] alt=2.748 m","","","","","","","","","","","","","","","","","","","","","","","","","","","","","","","","","","","","","","","","","",""
"464.972230858","2026-08-01 15:18:56.798470","/home/sc28/SC-30/2_phase/phase1&2.py","log_msg","60","","","","","","","","","","2.311257770563148","","","","","","","","","","","","","","","","","","","","","","","","","","","","","","","","","","","",""
"464.978281004","2026-08-01 15:18:56.804530","/home/sc28/SC-30/2_phase/phase1&2.py","log_msg","60","","","","[待機] alt=2.311 m","","","","","","","","","","","","","","","","","","","","","","","","","","","","","","","","","","","","","","","","","",""
"466.086587446","2026-08-01 15:18:57.912827","/home/sc28/SC-30/2_phase/phase1&2.py","log_msg","60","","","","","","","","","","2.5704249486299013","","","","","","","","","","","","","","","","","","","","","","","","","","","","","","","","","","","",""
"466.096776336","2026-08-01 15:18:57.923038","/home/sc28/SC-30/2_phase/phase1&2.py","log_msg","60","","","","[待機] alt=2.570 m","","","","","","","","","","","","","","","","","","","","","","","","","","","","","","","","","","","","","","","","","",""
"467.202615273","2026-08-01 15:18:59.028857","/home/sc28/SC-30/2_phase/phase1&2.py","log_msg","60","","","","","","","","","","2.8963797046169604","","","","","","","","","","","","","","","","","","","","","","","","","","","","","","","","","","","",""
"467.206963031","2026-08-01 15:18:59.033212","/home/sc28/SC-30/2_phase/phase1&2.py","log_msg","60","","","","[待機] alt=2.896 m","","","","","","","","","","","","","","","","","","","","","","","","","","","","","","","","","","","","","","","","","",""
"468.316121313","2026-08-01 15:19:00.142363","/home/sc28/SC-30/2_phase/phase1&2.py","log_msg","60","","","","","","","","","","2.827051373143248","","","","","","","","","","","","","","","","","","","","","","","","","","","","","","","","","","","",""
"468.320294483","2026-08-01 15:19:00.146544","/home/sc28/SC-30/2_phase/phase1&2.py","log_msg","60","","","","[待機] alt=2.827 m","","","","","","","","","","","","","","","","","","","","","","","","","","","","","","","","","","","","","","","","","",""
"469.426659126","2026-08-01 15:19:01.252902","/home/sc28/SC-30/2_phase/phase1&2.py","log_msg","60","","","","","","","","","","3.2891180789984387","","","","","","","","","","","","","","","","","","","","","","","","","","","","","","","","","","","",""
"469.460733659","2026-08-01 15:19:01.287102","/home/sc28/SC-30/2_phase/phase1&2.py","log_msg","60","","","","[待機] alt=3.289 m","","","","","","","","","","","","","","","","","","","","","","","","","","","","","","","","","","","","","","","","","",""
"470.59633305","2026-08-01 15:19:02.422575","/home/sc28/SC-30/2_phase/phase1&2.py","log_msg","60","","","","","","","","","","3.776845505239633","","","","","","","","","","","","","","","","","","","","","","","","","","","","","","","","","","","",""
"470.606000458","2026-08-01 15:19:02.432259","/home/sc28/SC-30/2_phase/phase1&2.py","log_msg","60","","","","[待機] alt=3.777 m","","","","","","","","","","","","","","","","","","","","","","","","","","","","","","","","","","","","","","","","","",""
"471.71184284","2026-08-01 15:19:03.538082","/home/sc28/SC-30/2_phase/phase1&2.py","log_msg","60","","","","","","","","","","3.7100878948732987","","","","","","","","","","","","","","","","","","","","","","","","","","","","","","","","","","","",""
"471.716109134","2026-08-01 15:19:03.542367","/home/sc28/SC-30/2_phase/phase1&2.py","log_msg","60","","","","[待機] alt=3.710 m","","","","","","","","","","","","","","","","","","","","","","","","","","","","","","","","","","","","","","","","","",""
"472.821657537","2026-08-01 15:19:04.647898","/home/sc28/SC-30/2_phase/phase1&2.py","log_msg","60","","","","","","","","","","3.735739994926086","","","","","","","","","","","","","","","","","","","","","","","","","","","","","","","","","","","",""
"472.829755895","2026-08-01 15:19:04.656014","/home/sc28/SC-30/2_phase/phase1&2.py","log_msg","60","","","","[待機] alt=3.736 m","","","","","","","","","","","","","","","","","","","","","","","","","","","","","","","","","","","","","","","","","",""
"473.941669113","2026-08-01 15:19:05.767910","/home/sc28/SC-30/2_phase/phase1&2.py","log_msg","60","","","","","","","","","","4.1978714442269895","","","","","","","","","","","","","","","","","","","","","","","","","","","","","","","","","","","",""
"473.946153223","2026-08-01 15:19:05.772404","/home/sc28/SC-30/2_phase/phase1&2.py","log_msg","60","","","","[待機] alt=4.198 m","","","","","","","","","","","","","","","","","","","","","","","","","","","","","","","","","","","","","","","","","",""
"475.052120521","2026-08-01 15:19:06.878362","/home/sc28/SC-30/2_phase/phase1&2.py","log_msg","60","","","","","","","","","","4.226113136979581","","","","","","","","","","","","","","","","","","","","","","","","","","","","","","","","","","","",""
"475.056221861","2026-08-01 15:19:06.882470","/home/sc28/SC-30/2_phase/phase1&2.py","log_msg","60","","","","[待機] alt=4.226 m","","","","","","","","","","","","","","","","","","","","","","","","","","","","","","","","","","","","","","","","","",""
"476.161476746","2026-08-01 15:19:07.987712","/home/sc28/SC-30/2_phase/phase1&2.py","log_msg","60","","","","","","","","","","4.387871219738084","","","","","","","","","","","","","","","","","","","","","","","","","","","","","","","","","","","",""
"476.170222769","2026-08-01 15:19:07.996475","/home/sc28/SC-30/2_phase/phase1&2.py","log_msg","60","","","","[待機] alt=4.388 m","","","","","","","","","","","","","","","","","","","","","","","","","","","","","","","","","","","","","","","","","",""
"477.276218016","2026-08-01 15:19:09.102455","/home/sc28/SC-30/2_phase/phase1&2.py","log_msg","60","","","","","","","","","","5.014387537607594","","","","","","","","","","","","","","","","","","","","","","","","","","","","","","","","","","","",""
"477.279794238","2026-08-01 15:19:09.106037","/home/sc28/SC-30/2_phase/phase1&2.py","log_msg","60","","","","[待機] alt=5.014 m","","","","","","","","","","","","","","","","","","","","","","","","","","","","","","","","","","","","","","","","","",""
"478.388135114","2026-08-01 15:19:10.214369","/home/sc28/SC-30/2_phase/phase1&2.py","log_msg","60","","","","","","","","","","5.82848646064776","","","","","","","","","","","","","","","","","","","","","","","","","","","","","","","","","","","",""
"478.395133334","2026-08-01 15:19:10.221383","/home/sc28/SC-30/2_phase/phase1&2.py","log_msg","60","","","","[待機] alt=5.828 m","","","","","","","","","","","","","","","","","","","","","","","","","","","","","","","","","","","","","","","","","",""
"479.500142328","2026-08-01 15:19:11.326380","/home/sc28/SC-30/2_phase/phase1&2.py","log_msg","60","","","","","","","","","","5.528048550871095","","","","","","","","","","","","","","","","","","","","","","","","","","","","","","","","","","","",""
"479.507403416","2026-08-01 15:19:11.333653","/home/sc28/SC-30/2_phase/phase1&2.py","log_msg","60","","","","[待機] alt=5.528 m","","","","","","","","","","","","","","","","","","","","","","","","","","","","","","","","","","","","","","","","","",""
"480.612475188","2026-08-01 15:19:12.438710","/home/sc28/SC-30/2_phase/phase1&2.py","log_msg","60","","","","","","","","","","5.787486916155446","","","","","","","","","","","","","","","","","","","","","","","","","","","","","","","","","","","",""
"480.616507772","2026-08-01 15:19:12.442751","/home/sc28/SC-30/2_phase/phase1&2.py","log_msg","60","","","","[待機] alt=5.787 m","","","","","","","","","","","","","","","","","","","","","","","","","","","","","","","","","","","","","","","","","",""
"481.721945718","2026-08-01 15:19:13.548185","/home/sc28/SC-30/2_phase/phase1&2.py","log_msg","60","","","","","","","","","","6.1006189348059605","","","","","","","","","","","","","","","","","","","","","","","","","","","","","","","","","","","",""
"481.726262994","2026-08-01 15:19:13.552514","/home/sc28/SC-30/2_phase/phase1&2.py","log_msg","60","","","","[待機] alt=6.101 m","","","","","","","","","","","","","","","","","","","","","","","","","","","","","","","","","","","","","","","","","",""
"482.838722305","2026-08-01 15:19:14.664964","/home/sc28/SC-30/2_phase/phase1&2.py","log_msg","60","","","","","","","","","","6.316504558164892","","","","","","","","","","","","","","","","","","","","","","","","","","","","","","","","","","","",""
"482.843007183","2026-08-01 15:19:14.669256","/home/sc28/SC-30/2_phase/phase1&2.py","log_msg","60","","","","[待機] alt=6.317 m","","","","","","","","","","","","","","","","","","","","","","","","","","","","","","","","","","","","","","","","","",""
"483.948548621","2026-08-01 15:19:15.774788","/home/sc28/SC-30/2_phase/phase1&2.py","log_msg","60","","","","","","","","","","6.642735765842939","","","","","","","","","","","","","","","","","","","","","","","","","","","","","","","","","","","",""
"483.95283053","2026-08-01 15:19:15.779080","/home/sc28/SC-30/2_phase/phase1&2.py","log_msg","60","","","","[待機] alt=6.643 m","","","","","","","","","","","","","","","","","","","","","","","","","","","","","","","","","","","","","","","","","",""
"485.058513149","2026-08-01 15:19:16.884753","/home/sc28/SC-30/2_phase/phase1&2.py","log_msg","60","","","","","","","","","","7.295270322068921","","","","","","","","","","","","","","","","","","","","","","","","","","","","","","","","","","","",""
"485.062515","2026-08-01 15:19:16.888763","/home/sc28/SC-30/2_phase/phase1&2.py","log_msg","60","","","","[待機] alt=7.295 m","","","","","","","","","","","","","","","","","","","","","","","","","","","","","","","","","","","","","","","","","",""
"486.178943752","2026-08-01 15:19:18.005183","/home/sc28/SC-30/2_phase/phase1&2.py","log_msg","60","","","","","","","","","","6.763625535384624","","","","","","","","","","","","","","","","","","","","","","","","","","","","","","","","","","","",""
"486.597157007","2026-08-01 15:19:18.423421","/home/sc28/SC-30/2_phase/phase1&2.py","log_msg","60","","","","[待機] alt=6.764 m","","","","","","","","","","","","","","","","","","","","","","","","","","","","","","","","","","","","","","","","","",""
"487.719946502","2026-08-01 15:19:19.546180","/home/sc28/SC-30/2_phase/phase1&2.py","log_msg","60","","","","","","","","","","7.254343094694581","","","","","","","","","","","","","","","","","","","","","","","","","","","","","","","","","","","",""
"487.72368923","2026-08-01 15:19:19.549930","/home/sc28/SC-30/2_phase/phase1&2.py","log_msg","60","","","","[待機] alt=7.254 m","","","","","","","","","","","","","","","","","","","","","","","","","","","","","","","","","","","","","","","","","",""
"488.835833457","2026-08-01 15:19:20.662067","/home/sc28/SC-30/2_phase/phase1&2.py","log_msg","60","","","","","","","","","","7.2801686268014105","","","","","","","","","","","","","","","","","","","","","","","","","","","","","","","","","","","",""
"488.841628672","2026-08-01 15:19:20.667879","/home/sc28/SC-30/2_phase/phase1&2.py","log_msg","60","","","","[待機] alt=7.280 m","","","","","","","","","","","","","","","","","","","","","","","","","","","","","","","","","","","","","","","","","",""
"489.951945828","2026-08-01 15:19:21.778180","/home/sc28/SC-30/2_phase/phase1&2.py","log_msg","60","","","","","","","","","","7.5397641872178145","","","","","","","","","","","","","","","","","","","","","","","","","","","","","","","","","","","",""
"489.955573814","2026-08-01 15:19:21.781815","/home/sc28/SC-30/2_phase/phase1&2.py","log_msg","60","","","","[待機] alt=7.540 m","","","","","","","","","","","","","","","","","","","","","","","","","","","","","","","","","","","","","","","","","",""
"491.060763008","2026-08-01 15:19:22.886998","/home/sc28/SC-30/2_phase/phase1&2.py","log_msg","60","","","","","","","","","","8.30011105185114","","","","","","","","","","","","","","","","","","","","","","","","","","","","","","","","","","","",""
"491.06877368","2026-08-01 15:19:22.895024","/home/sc28/SC-30/2_phase/phase1&2.py","log_msg","60","","","","[待機] alt=8.300 m","","","","","","","","","","","","","","","","","","","","","","","","","","","","","","","","","","","","","","","","","",""
"492.180526333","2026-08-01 15:19:24.006767","/home/sc28/SC-30/2_phase/phase1&2.py","log_msg","60","","","","","","","","","","8.421160083230673","","","","","","","","","","","","","","","","","","","","","","","","","","","","","","","","","","","",""
"492.185288244","2026-08-01 15:19:24.011538","/home/sc28/SC-30/2_phase/phase1&2.py","log_msg","60","","","","[待機] alt=8.421 m","","","","","","","","","","","","","","","","","","","","","","","","","","","","","","","","","","","","","","","","","",""
"493.290976869","2026-08-01 15:19:25.117217","/home/sc28/SC-30/2_phase/phase1&2.py","log_msg","60","","","","","","","","","","9.114848480321447","","","","","","","","","","","","","","","","","","","","","","","","","","","","","","","","","","","",""
"493.295158717","2026-08-01 15:19:25.121407","/home/sc28/SC-30/2_phase/phase1&2.py","log_msg","60","","","","[待機] alt=9.115 m","","","","","","","","","","","","","","","","","","","","","","","","","","","","","","","","","","","","","","","","","",""
"494.404196998","2026-08-01 15:19:26.230436","/home/sc28/SC-30/2_phase/phase1&2.py","log_msg","60","","","","","","","","","","9.37456602877054","","","","","","","","","","","","","","","","","","","","","","","","","","","","","","","","","","","",""
"494.409643451","2026-08-01 15:19:26.235892","/home/sc28/SC-30/2_phase/phase1&2.py","log_msg","60","","","","[待機] alt=9.375 m","","","","","","","","","","","","","","","","","","","","","","","","","","","","","","","","","","","","","","","","","",""
"495.518954356","2026-08-01 15:19:27.345194","/home/sc28/SC-30/2_phase/phase1&2.py","log_msg","60","","","","","","","","","","8.218388373954149","","","","","","","","","","","","","","","","","","","","","","","","","","","","","","","","","","","",""
"495.526974552","2026-08-01 15:19:27.353227","/home/sc28/SC-30/2_phase/phase1&2.py","log_msg","60","","","","[待機] alt=8.218 m","","","","","","","","","","","","","","","","","","","","","","","","","","","","","","","","","","","","","","","","","",""
"496.632656711","2026-08-01 15:19:28.458891","/home/sc28/SC-30/2_phase/phase1&2.py","log_msg","60","","","","","","","","","","9.672549033177035","","","","","","","","","","","","","","","","","","","","","","","","","","","","","","","","","","","",""
"496.636253338","2026-08-01 15:19:28.462495","/home/sc28/SC-30/2_phase/phase1&2.py","log_msg","60","","","","[待機] alt=9.673 m","","","","","","","","","","","","","","","","","","","","","","","","","","","","","","","","","","","","","","","","","",""
"497.744671817","2026-08-01 15:19:29.570905","/home/sc28/SC-30/2_phase/phase1&2.py","log_msg","60","","","","","","","","","","9.441298928186626","","","","","","","","","","","","","","","","","","","","","","","","","","","","","","","","","","","",""
"497.748183858","2026-08-01 15:19:29.574425","/home/sc28/SC-30/2_phase/phase1&2.py","log_msg","60","","","","[待機] alt=9.441 m","","","","","","","","","","","","","","","","","","","","","","","","","","","","","","","","","","","","","","","","","",""
"498.859874711","2026-08-01 15:19:30.686107","/home/sc28/SC-30/2_phase/phase1&2.py","log_msg","60","","","","","","","","","","10.394840248468448","","","","","","","","","","","","","","","","","","","","","","","","","","","","","","","","","","","",""
"498.869186697","2026-08-01 15:19:30.695439","/home/sc28/SC-30/2_phase/phase1&2.py","log_msg","60","","","","[待機] alt=10.395 m","","","","","","","","","","","","","","","","","","","","","","","","","","","","","","","","","","","","","","","","","",""
"498.872771864","2026-08-01 15:19:30.699025","/home/sc28/SC-30/2_phase/phase1&2.py","log_msg","60","","","","Go to falling phase","","","","","","","","","","","","","","","","","","","","","","","","","","","","","","","","","","","","","","","","","",""
"498.979552278","2026-08-01 15:19:30.805787","/home/sc28/SC-30/2_phase/phase1&2.py","log_msg","60","","","","","","","","","","10.394840248468448","","","","","","","","","","","","","","","","","","","","","","","","","","","","","","","","","","","",""
"498.988060916","2026-08-01 15:19:30.814315","/home/sc28/SC-30/2_phase/phase1&2.py","log_msg","60","","","","fall start alt=10.395 m","","","","","","","","","","","","","","","","","","","","","","","","","","","","","","","","","","","","","","","","","",""
"499.99311706","2026-08-01 15:19:31.819350","/home/sc28/SC-30/2_phase/phase1&2.py","log_msg","60","","","","","","","","","","10.18951748875098","","","","","","","","","","","","","","","","","","","","","","","","","","","","","","","","","","","",""
"499.9983109","2026-08-01 15:19:31.824551","/home/sc28/SC-30/2_phase/phase1&2.py","log_msg","60","","","","Δalt(1s)=0.205 m (0/5)","","","","","","","","","","","","","","","","","","","","","","","","","","","","","","","","","","","","","","","","","",""
"501.009229548","2026-08-01 15:19:32.835470","/home/sc28/SC-30/2_phase/phase1&2.py","log_msg","60","","","","","","","","","","10.215475833001515","","","","","","","","","","","","","","","","","","","","","","","","","","","","","","","","","","","",""
"501.013300817","2026-08-01 15:19:32.839551","/home/sc28/SC-30/2_phase/phase1&2.py","log_msg","60","","","","Δalt(1s)=0.026 m (0/5)","","","","","","","","","","","","","","","","","","","","","","","","","","","","","","","","","","","","","","","","","",""
"502.022681896","2026-08-01 15:19:33.848922","/home/sc28/SC-30/2_phase/phase1&2.py","log_msg","60","","","","","","","","","","10.446759101753333","","","","","","","","","","","","","","","","","","","","","","","","","","","","","","","","","","","",""
"502.0304788","2026-08-01 15:19:33.856728","/home/sc28/SC-30/2_phase/phase1&2.py","log_msg","60","","","","Δalt(1s)=0.231 m (0/5)","","","","","","","","","","","","","","","","","","","","","","","","","","","","","","","","","","","","","","","","","",""
"503.036542023","2026-08-01 15:19:34.862776","/home/sc28/SC-30/2_phase/phase1&2.py","log_msg","60","","","","","","","","","","10.65207684299468","","","","","","","","","","","","","","","","","","","","","","","","","","","","","","","","","","","",""
"503.040214429","2026-08-01 15:19:34.866455","/home/sc28/SC-30/2_phase/phase1&2.py","log_msg","60","","","","Δalt(1s)=0.205 m (0/5)","","","","","","","","","","","","","","","","","","","","","","","","","","","","","","","","","","","","","","","","","",""
"504.04535911","2026-08-01 15:19:35.871593","/home/sc28/SC-30/2_phase/phase1&2.py","log_msg","60","","","","","","","","","","10.475299931059483","","","","","","","","","","","","","","","","","","","","","","","","","","","","","","","","","","","",""
"504.052545897","2026-08-01 15:19:35.878798","/home/sc28/SC-30/2_phase/phase1&2.py","log_msg","60","","","","Δalt(1s)=0.177 m (0/5)","","","","","","","","","","","","","","","","","","","","","","","","","","","","","","","","","","","","","","","","","",""
"505.057617938","2026-08-01 15:19:36.883851","/home/sc28/SC-30/2_phase/phase1&2.py","log_msg","60","","","","","","","","","","10.310737648310877","","","","","","","","","","","","","","","","","","","","","","","","","","","","","","","","","","","",""
"505.066152872","2026-08-01 15:19:36.892403","/home/sc28/SC-30/2_phase/phase1&2.py","log_msg","60","","","","Δalt(1s)=0.165 m (0/5)","","","","","","","","","","","","","","","","","","","","","","","","","","","","","","","","","","","","","","","","","",""
"506.071222016","2026-08-01 15:19:37.897455","/home/sc28/SC-30/2_phase/phase1&2.py","log_msg","60","","","","","","","","","","11.264491115644574","","","","","","","","","","","","","","","","","","","","","","","","","","","","","","","","","","","",""
"506.074703167","2026-08-01 15:19:37.900945","/home/sc28/SC-30/2_phase/phase1&2.py","log_msg","60","","","","Δalt(1s)=0.954 m (0/5)","","","","","","","","","","","","","","","","","","","","","","","","","","","","","","","","","","","","","","","","","",""
"507.080324269","2026-08-01 15:19:38.906557","/home/sc28/SC-30/2_phase/phase1&2.py","log_msg","60","","","","","","","","","","11.12847639021725","","","","","","","","","","","","","","","","","","","","","","","","","","","","","","","","","","","",""
"507.089784893","2026-08-01 15:19:38.916035","/home/sc28/SC-30/2_phase/phase1&2.py","log_msg","60","","","","Δalt(1s)=0.136 m (0/5)","","","","","","","","","","","","","","","","","","","","","","","","","","","","","","","","","","","","","","","","","",""
"508.095037575","2026-08-01 15:19:39.921277","/home/sc28/SC-30/2_phase/phase1&2.py","log_msg","60","","","","","","","","","","11.984480511200418","","","","","","","","","","","","","","","","","","","","","","","","","","","","","","","","","","","",""
"508.099368115","2026-08-01 15:19:39.925617","/home/sc28/SC-30/2_phase/phase1&2.py","log_msg","60","","","","Δalt(1s)=0.856 m (0/5)","","","","","","","","","","","","","","","","","","","","","","","","","","","","","","","","","","","","","","","","","",""
"509.106176629","2026-08-01 15:19:40.932417","/home/sc28/SC-30/2_phase/phase1&2.py","log_msg","60","","","","","","","","","","12.47577536382018","","","","","","","","","","","","","","","","","","","","","","","","","","","","","","","","","","","",""
"509.114394939","2026-08-01 15:19:40.940654","/home/sc28/SC-30/2_phase/phase1&2.py","log_msg","60","","","","Δalt(1s)=0.491 m (0/5)","","","","","","","","","","","","","","","","","","","","","","","","","","","","","","","","","","","","","","","","","",""
"510.120309144","2026-08-01 15:19:41.946548","/home/sc28/SC-30/2_phase/phase1&2.py","log_msg","60","","","","","","","","","","12.337203320019533","","","","","","","","","","","","","","","","","","","","","","","","","","","","","","","","","","","",""
"510.124344261","2026-08-01 15:19:41.950593","/home/sc28/SC-30/2_phase/phase1&2.py","log_msg","60","","","","Δalt(1s)=0.139 m (0/5)","","","","","","","","","","","","","","","","","","","","","","","","","","","","","","","","","","","","","","","","","",""
"511.129819166","2026-08-01 15:19:42.956059","/home/sc28/SC-30/2_phase/phase1&2.py","log_msg","60","","","","","","","","","","11.73850661139803","","","","","","","","","","","","","","","","","","","","","","","","","","","","","","","","","","","",""
"511.13394069","2026-08-01 15:19:42.960190","/home/sc28/SC-30/2_phase/phase1&2.py","log_msg","60","","","","Δalt(1s)=0.599 m (0/5)","","","","","","","","","","","","","","","","","","","","","","","","","","","","","","","","","","","","","","","","","",""
"512.139901469","2026-08-01 15:19:43.966143","/home/sc28/SC-30/2_phase/phase1&2.py","log_msg","60","","","","","","","","","","12.039135754757911","","","","","","","","","","","","","","","","","","","","","","","","","","","","","","","","","","","",""
"512.147732686","2026-08-01 15:19:43.973989","/home/sc28/SC-30/2_phase/phase1&2.py","log_msg","60","","","","Δalt(1s)=0.301 m (0/5)","","","","","","","","","","","","","","","","","","","","","","","","","","","","","","","","","","","","","","","","","",""
"513.15367053","2026-08-01 15:19:44.979910","/home/sc28/SC-30/2_phase/phase1&2.py","log_msg","60","","","","","","","","","","11.833846010380597","","","","","","","","","","","","","","","","","","","","","","","","","","","","","","","","","","","",""
"513.164424709","2026-08-01 15:19:44.990683","/home/sc28/SC-30/2_phase/phase1&2.py","log_msg","60","","","","Δalt(1s)=0.205 m (0/5)","","","","","","","","","","","","","","","","","","","","","","","","","","","","","","","","","","","","","","","","","",""
"514.170264096","2026-08-01 15:19:45.996502","/home/sc28/SC-30/2_phase/phase1&2.py","log_msg","60","","","","","","","","","","11.888548875308695","","","","","","","","","","","","","","","","","","","","","","","","","","","","","","","","","","","",""
"514.179659086","2026-08-01 15:19:46.005918","/home/sc28/SC-30/2_phase/phase1&2.py","log_msg","60","","","","Δalt(1s)=0.055 m (0/5)","","","","","","","","","","","","","","","","","","","","","","","","","","","","","","","","","","","","","","","","","",""
"515.185796848","2026-08-01 15:19:47.012035","/home/sc28/SC-30/2_phase/phase1&2.py","log_msg","60","","","","","","","","","","11.683269753014871","","","","","","","","","","","","","","","","","","","","","","","","","","","","","","","","","","","",""
"515.195590696","2026-08-01 15:19:47.021841","/home/sc28/SC-30/2_phase/phase1&2.py","log_msg","60","","","","Δalt(1s)=0.205 m (0/5)","","","","","","","","","","","","","","","","","","","","","","","","","","","","","","","","","","","","","","","","","",""
"516.201728654","2026-08-01 15:19:48.027969","/home/sc28/SC-30/2_phase/phase1&2.py","log_msg","60","","","","","","","","","","12.24137855598459","","","","","","","","","","","","","","","","","","","","","","","","","","","","","","","","","","","",""
"516.210435609","2026-08-01 15:19:48.036686","/home/sc28/SC-30/2_phase/phase1&2.py","log_msg","60","","","","Δalt(1s)=0.558 m (0/5)","","","","","","","","","","","","","","","","","","","","","","","","","","","","","","","","","","","","","","","","","",""
"517.220752057","2026-08-01 15:19:49.046993","/home/sc28/SC-30/2_phase/phase1&2.py","log_msg","60","","","","","","","","","","12.200774565931775","","","","","","","","","","","","","","","","","","","","","","","","","","","","","","","","","","","",""
"517.241876595","2026-08-01 15:19:49.068135","/home/sc28/SC-30/2_phase/phase1&2.py","log_msg","60","","","","Δalt(1s)=0.041 m (0/5)","","","","","","","","","","","","","","","","","","","","","","","","","","","","","","","","","","","","","","","","","",""
"518.247509575","2026-08-01 15:19:50.073747","/home/sc28/SC-30/2_phase/phase1&2.py","log_msg","60","","","","","","","","","","11.439937637434005","","","","","","","","","","","","","","","","","","","","","","","","","","","","","","","","","","","",""
"518.254271448","2026-08-01 15:19:50.080520","/home/sc28/SC-30/2_phase/phase1&2.py","log_msg","60","","","","Δalt(1s)=0.761 m (0/5)","","","","","","","","","","","","","","","","","","","","","","","","","","","","","","","","","","","","","","","","","",""
"519.25985291","2026-08-01 15:19:51.086090","/home/sc28/SC-30/2_phase/phase1&2.py","log_msg","60","","","","","","","","","","11.439937637434005","","","","","","","","","","","","","","","","","","","","","","","","","","","","","","","","","","","",""
"519.263995524","2026-08-01 15:19:51.090285","/home/sc28/SC-30/2_phase/phase1&2.py","log_msg","60","","","","Δalt(1s)=0.000 m (0/5)","","","","","","","","","","","","","","","","","","","","","","","","","","","","","","","","","","","","","","","","","",""
"520.27440747","2026-08-01 15:19:52.100646","/home/sc28/SC-30/2_phase/phase1&2.py","log_msg","60","","","","","","","","","","11.96939491579274","","","","","","","","","","","","","","","","","","","","","","","","","","","","","","","","","","","",""
"520.282959575","2026-08-01 15:19:52.109209","/home/sc28/SC-30/2_phase/phase1&2.py","log_msg","60","","","","Δalt(1s)=0.529 m (0/5)","","","","","","","","","","","","","","","","","","","","","","","","","","","","","","","","","","","","","","","","","",""
"521.291288309","2026-08-01 15:19:53.117528","/home/sc28/SC-30/2_phase/phase1&2.py","log_msg","60","","","","","","","","","","11.69741622567636","","","","","","","","","","","","","","","","","","","","","","","","","","","","","","","","","","","",""
"521.295441235","2026-08-01 15:19:53.121692","/home/sc28/SC-30/2_phase/phase1&2.py","log_msg","60","","","","Δalt(1s)=0.272 m (0/5)","","","","","","","","","","","","","","","","","","","","","","","","","","","","","","","","","","","","","","","","","",""
"522.300798986","2026-08-01 15:19:54.127037","/home/sc28/SC-30/2_phase/phase1&2.py","log_msg","60","","","","","","","","","","12.119605149848404","","","","","","","","","","","","","","","","","","","","","","","","","","","","","","","","","","","",""
"522.305868643","2026-08-01 15:19:54.132117","/home/sc28/SC-30/2_phase/phase1&2.py","log_msg","60","","","","Δalt(1s)=0.422 m (0/5)","","","","","","","","","","","","","","","","","","","","","","","","","","","","","","","","","","","","","","","","","",""
"523.314910874","2026-08-01 15:19:55.141149","/home/sc28/SC-30/2_phase/phase1&2.py","log_msg","60","","","","","","","","","","12.281728621948506","","","","","","","","","","","","","","","","","","","","","","","","","","","","","","","","","","","",""
"523.320641374","2026-08-01 15:19:55.146891","/home/sc28/SC-30/2_phase/phase1&2.py","log_msg","60","","","","Δalt(1s)=0.162 m (0/5)","","","","","","","","","","","","","","","","","","","","","","","","","","","","","","","","","","","","","","","","","",""
"524.326066211","2026-08-01 15:19:56.152306","/home/sc28/SC-30/2_phase/phase1&2.py","log_msg","60","","","","","","","","","","11.954921976533932","","","","","","","","","","","","","","","","","","","","","","","","","","","","","","","","","","","",""
"524.330384971","2026-08-01 15:19:56.156633","/home/sc28/SC-30/2_phase/phase1&2.py","log_msg","60","","","","Δalt(1s)=0.327 m (0/5)","","","","","","","","","","","","","","","","","","","","","","","","","","","","","","","","","","","","","","","","","",""
"525.335804394","2026-08-01 15:19:57.162045","/home/sc28/SC-30/2_phase/phase1&2.py","log_msg","60","","","","","","","","","","12.215020580466811","","","","","","","","","","","","","","","","","","","","","","","","","","","","","","","","","","","",""
"525.348432543","2026-08-01 15:19:57.174692","/home/sc28/SC-30/2_phase/phase1&2.py","log_msg","60","","","","Δalt(1s)=0.260 m (0/5)","","","","","","","","","","","","","","","","","","","","","","","","","","","","","","","","","","","","","","","","","",""
"526.354156246","2026-08-01 15:19:58.180395","/home/sc28/SC-30/2_phase/phase1&2.py","log_msg","60","","","","","","","","","","11.616246744932763","","","","","","","","","","","","","","","","","","","","","","","","","","","","","","","","","","","",""
"526.362407093","2026-08-01 15:19:58.188656","/home/sc28/SC-30/2_phase/phase1&2.py","log_msg","60","","","","Δalt(1s)=0.599 m (0/5)","","","","","","","","","","","","","","","","","","","","","","","","","","","","","","","","","","","","","","","","","",""
"527.371406369","2026-08-01 15:19:59.197644","/home/sc28/SC-30/2_phase/phase1&2.py","log_msg","60","","","","","","","","","","11.818937816824267","","","","","","","","","","","","","","","","","","","","","","","","","","","","","","","","","","","",""
"527.375529917","2026-08-01 15:19:59.201779","/home/sc28/SC-30/2_phase/phase1&2.py","log_msg","60","","","","Δalt(1s)=0.203 m (0/5)","","","","","","","","","","","","","","","","","","","","","","","","","","","","","","","","","","","","","","","","","",""
"528.384531388","2026-08-01 15:20:00.210770","/home/sc28/SC-30/2_phase/phase1&2.py","log_msg","60","","","","","","","","","","11.847640743455509","","","","","","","","","","","","","","","","","","","","","","","","","","","","","","","","","","","",""
"528.38862457","2026-08-01 15:20:00.214872","/home/sc28/SC-30/2_phase/phase1&2.py","log_msg","60","","","","Δalt(1s)=0.029 m (0/5)","","","","","","","","","","","","","","","","","","","","","","","","","","","","","","","","","","","","","","","","","",""
"529.393927302","2026-08-01 15:20:01.220166","/home/sc28/SC-30/2_phase/phase1&2.py","log_msg","60","","","","","","","","","","11.506409391161844","","","","","","","","","","","","","","","","","","","","","","","","","","","","","","","","","","","",""
"529.398112881","2026-08-01 15:20:01.224363","/home/sc28/SC-30/2_phase/phase1&2.py","log_msg","60","","","","Δalt(1s)=0.341 m (0/5)","","","","","","","","","","","","","","","","","","","","","","","","","","","","","","","","","","","","","","","","","",""
"530.403546979","2026-08-01 15:20:02.229785","/home/sc28/SC-30/2_phase/phase1&2.py","log_msg","60","","","","","","","","","","11.601833698416602","","","","","","","","","","","","","","","","","","","","","","","","","","","","","","","","","","","",""
"530.408265586","2026-08-01 15:20:02.234515","/home/sc28/SC-30/2_phase/phase1&2.py","log_msg","60","","","","Δalt(1s)=0.095 m (0/5)","","","","","","","","","","","","","","","","","","","","","","","","","","","","","","","","","","","","","","","","","",""
"531.417438343","2026-08-01 15:20:03.243677","/home/sc28/SC-30/2_phase/phase1&2.py","log_msg","60","","","","","","","","","","10.771666558145627","","","","","","","","","","","","","","","","","","","","","","","","","","","","","","","","","","","",""
"531.423327017","2026-08-01 15:20:03.249575","/home/sc28/SC-30/2_phase/phase1&2.py","log_msg","60","","","","Δalt(1s)=0.830 m (0/5)","","","","","","","","","","","","","","","","","","","","","","","","","","","","","","","","","","","","","","","","","",""
"532.428769423","2026-08-01 15:20:04.255008","/home/sc28/SC-30/2_phase/phase1&2.py","log_msg","60","","","","","","","","","","10.511582908536306","","","","","","","","","","","","","","","","","","","","","","","","","","","","","","","","","","","",""
"532.433736158","2026-08-01 15:20:04.259986","/home/sc28/SC-30/2_phase/phase1&2.py","log_msg","60","","","","Δalt(1s)=0.260 m (0/5)","","","","","","","","","","","","","","","","","","","","","","","","","","","","","","","","","","","","","","","","","",""
"533.439061286","2026-08-01 15:20:05.265299","/home/sc28/SC-30/2_phase/phase1&2.py","log_msg","60","","","","","","","","","","10.676257424703856","","","","","","","","","","","","","","","","","","","","","","","","","","","","","","","","","","","",""
"533.452447978","2026-08-01 15:20:05.278706","/home/sc28/SC-30/2_phase/phase1&2.py","log_msg","60","","","","Δalt(1s)=0.165 m (0/5)","","","","","","","","","","","","","","","","","","","","","","","","","","","","","","","","","","","","","","","","","",""
"534.461386297","2026-08-01 15:20:06.287625","/home/sc28/SC-30/2_phase/phase1&2.py","log_msg","60","","","","","","","","","","10.702395498913468","","","","","","","","","","","","","","","","","","","","","","","","","","","","","","","","","","","",""
"534.465540415","2026-08-01 15:20:06.291790","/home/sc28/SC-30/2_phase/phase1&2.py","log_msg","60","","","","Δalt(1s)=0.026 m (0/5)","","","","","","","","","","","","","","","","","","","","","","","","","","","","","","","","","","","","","","","","","",""
"535.470885214","2026-08-01 15:20:07.297124","/home/sc28/SC-30/2_phase/phase1&2.py","log_msg","60","","","","","","","","","","10.43044556109021","","","","","","","","","","","","","","","","","","","","","","","","","","","","","","","","","","","",""
"535.474943966","2026-08-01 15:20:07.301192","/home/sc28/SC-30/2_phase/phase1&2.py","log_msg","60","","","","Δalt(1s)=0.272 m (0/5)","","","","","","","","","","","","","","","","","","","","","","","","","","","","","","","","","","","","","","","","","",""
"536.480259357","2026-08-01 15:20:08.306499","/home/sc28/SC-30/2_phase/phase1&2.py","log_msg","60","","","","","","","","","","11.520763941474184","","","","","","","","","","","","","","","","","","","","","","","","","","","","","","","","","","","",""
"536.48811144","2026-08-01 15:20:08.314361","/home/sc28/SC-30/2_phase/phase1&2.py","log_msg","60","","","","Δalt(1s)=1.090 m (0/5)","","","","","","","","","","","","","","","","","","","","","","","","","","","","","","","","","","","","","","","","","",""
"537.500467101","2026-08-01 15:20:09.326707","/home/sc28/SC-30/2_phase/phase1&2.py","log_msg","60","","","","","","","","","","11.17956143331597","","","","","","","","","","","","","","","","","","","","","","","","","","","","","","","","","","","",""
"537.504551999","2026-08-01 15:20:09.330801","/home/sc28/SC-30/2_phase/phase1&2.py","log_msg","60","","","","Δalt(1s)=0.341 m (0/5)","","","","","","","","","","","","","","","","","","","","","","","","","","","","","","","","","","","","","","","","","",""
"538.509962695","2026-08-01 15:20:10.336202","/home/sc28/SC-30/2_phase/phase1&2.py","log_msg","60","","","","","","","","","","11.573143944458353","","","","","","","","","","","","","","","","","","","","","","","","","","","","","","","","","","","",""
"538.514156031","2026-08-01 15:20:10.340405","/home/sc28/SC-30/2_phase/phase1&2.py","log_msg","60","","","","Δalt(1s)=0.394 m (0/5)","","","","","","","","","","","","","","","","","","","","","","","","","","","","","","","","","","","","","","","","","",""
"539.523287007","2026-08-01 15:20:11.349525","/home/sc28/SC-30/2_phase/phase1&2.py","log_msg","60","","","","","","","","","","10.676213463870804","","","","","","","","","","","","","","","","","","","","","","","","","","","","","","","","","","","",""
"539.536388948","2026-08-01 15:20:11.362646","/home/sc28/SC-30/2_phase/phase1&2.py","log_msg","60","","","","Δalt(1s)=0.897 m (0/5)","","","","","","","","","","","","","","","","","","","","","","","","","","","","","","","","","","","","","","","","","",""
"540.542138706","2026-08-01 15:20:12.368377","/home/sc28/SC-30/2_phase/phase1&2.py","log_msg","60","","","","","","","","","","10.144127393015305","","","","","","","","","","","","","","","","","","","","","","","","","","","","","","","","","","","",""
"540.550448033","2026-08-01 15:20:12.376697","/home/sc28/SC-30/2_phase/phase1&2.py","log_msg","60","","","","Δalt(1s)=0.532 m (0/5)","","","","","","","","","","","","","","","","","","","","","","","","","","","","","","","","","","","","","","","","","",""
"541.559307596","2026-08-01 15:20:13.385546","/home/sc28/SC-30/2_phase/phase1&2.py","log_msg","60","","","","","","","","","","10.864564782508122","","","","","","","","","","","","","","","","","","","","","","","","","","","","","","","","","","","",""
"541.567152229","2026-08-01 15:20:13.393402","/home/sc28/SC-30/2_phase/phase1&2.py","log_msg","60","","","","Δalt(1s)=0.720 m (0/5)","","","","","","","","","","","","","","","","","","","","","","","","","","","","","","","","","","","","","","","","","",""
"542.572966103","2026-08-01 15:20:14.399206","/home/sc28/SC-30/2_phase/phase1&2.py","log_msg","60","","","","","","","","","","11.029296783998705","","","","","","","","","","","","","","","","","","","","","","","","","","","","","","","","","","","",""
"542.577290793","2026-08-01 15:20:14.403541","/home/sc28/SC-30/2_phase/phase1&2.py","log_msg","60","","","","Δalt(1s)=0.165 m (0/5)","","","","","","","","","","","","","","","","","","","","","","","","","","","","","","","","","","","","","","","","","",""
"543.582888443","2026-08-01 15:20:15.409128","/home/sc28/SC-30/2_phase/phase1&2.py","log_msg","60","","","","","","","","","","10.824076597276365","","","","","","","","","","","","","","","","","","","","","","","","","","","","","","","","","","","",""
"543.589720718","2026-08-01 15:20:15.415969","/home/sc28/SC-30/2_phase/phase1&2.py","log_msg","60","","","","Δalt(1s)=0.205 m (0/5)","","","","","","","","","","","","","","","","","","","","","","","","","","","","","","","","","","","","","","","","","",""
"544.599410116","2026-08-01 15:20:16.425651","/home/sc28/SC-30/2_phase/phase1&2.py","log_msg","60","","","","","","","","","","10.456688419765241","","","","","","","","","","","","","","","","","","","","","","","","","","","","","","","","","","","",""
"544.603509439","2026-08-01 15:20:16.429763","/home/sc28/SC-30/2_phase/phase1&2.py","log_msg","60","","","","Δalt(1s)=0.367 m (0/5)","","","","","","","","","","","","","","","","","","","","","","","","","","","","","","","","","","","","","","","","","",""
"545.609120691","2026-08-01 15:20:17.435360","/home/sc28/SC-30/2_phase/phase1&2.py","log_msg","60","","","","","","","","","","11.015043341766619","","","","","","","","","","","","","","","","","","","","","","","","","","","","","","","","","","","",""
"545.613265899","2026-08-01 15:20:17.439515","/home/sc28/SC-30/2_phase/phase1&2.py","log_msg","60","","","","Δalt(1s)=0.558 m (0/5)","","","","","","","","","","","","","","","","","","","","","","","","","","","","","","","","","","","","","","","","","",""
"546.618539992","2026-08-01 15:20:18.444779","/home/sc28/SC-30/2_phase/phase1&2.py","log_msg","60","","","","","","","","","","10.552164203519114","","","","","","","","","","","","","","","","","","","","","","","","","","","","","","","","","","","",""
"546.625722946","2026-08-01 15:20:18.451972","/home/sc28/SC-30/2_phase/phase1&2.py","log_msg","60","","","","Δalt(1s)=0.463 m (0/5)","","","","","","","","","","","","","","","","","","","","","","","","","","","","","","","","","","","","","","","","","",""
"547.636227762","2026-08-01 15:20:19.462466","/home/sc28/SC-30/2_phase/phase1&2.py","log_msg","60","","","","","","","","","","10.879090465760031","","","","","","","","","","","","","","","","","","","","","","","","","","","","","","","","","","","",""
"547.647905251","2026-08-01 15:20:19.474156","/home/sc28/SC-30/2_phase/phase1&2.py","log_msg","60","","","","Δalt(1s)=0.327 m (0/5)","","","","","","","","","","","","","","","","","","","","","","","","","","","","","","","","","","","","","","","","","",""
"548.65457849","2026-08-01 15:20:20.480813","/home/sc28/SC-30/2_phase/phase1&2.py","log_msg","60","","","","","","","","","","11.206040834020284","","","","","","","","","","","","","","","","","","","","","","","","","","","","","","","","","","","",""
"548.662814426","2026-08-01 15:20:20.489065","/home/sc28/SC-30/2_phase/phase1&2.py","log_msg","60","","","","Δalt(1s)=0.327 m (0/5)","","","","","","","","","","","","","","","","","","","","","","","","","","","","","","","","","","","","","","","","","",""
"549.667608406","2026-08-01 15:20:21.493841","/home/sc28/SC-30/2_phase/phase1&2.py","log_msg","60","","","","","","","","","","10.673880927707767","","","","","","","","","","","","","","","","","","","","","","","","","","","","","","","","","","","",""
"549.672140962","2026-08-01 15:20:21.498382","/home/sc28/SC-30/2_phase/phase1&2.py","log_msg","60","","","","Δalt(1s)=0.532 m (0/5)","","","","","","","","","","","","","","","","","","","","","","","","","","","","","","","","","","","","","","","","","",""
"550.678236401","2026-08-01 15:20:22.504469","/home/sc28/SC-30/2_phase/phase1&2.py","log_msg","60","","","","","","","","","","10.673880927707767","","","","","","","","","","","","","","","","","","","","","","","","","","","","","","","","","","","",""
"550.681928269","2026-08-01 15:20:22.508170","/home/sc28/SC-30/2_phase/phase1&2.py","log_msg","60","","","","Δalt(1s)=0.000 m (0/5)","","","","","","","","","","","","","","","","","","","","","","","","","","","","","","","","","","","","","","","","","",""
"551.686811387","2026-08-01 15:20:23.513046","/home/sc28/SC-30/2_phase/phase1&2.py","log_msg","60","","","","","","","","","","10.537931166012886","","","","","","","","","","","","","","","","","","","","","","","","","","","","","","","","","","","",""
"551.69045289","2026-08-01 15:20:23.516694","/home/sc28/SC-30/2_phase/phase1&2.py","log_msg","60","","","","Δalt(1s)=0.136 m (0/5)","","","","","","","","","","","","","","","","","","","","","","","","","","","","","","","","","","","","","","","","","",""
"552.73456496","2026-08-01 15:20:24.560804","/home/sc28/SC-30/2_phase/phase1&2.py","log_msg","60","","","","","","","","","","10.702689251919995","","","","","","","","","","","","","","","","","","","","","","","","","","","","","","","","","","","",""
"552.797973594","2026-08-01 15:20:24.624222","/home/sc28/SC-30/2_phase/phase1&2.py","log_msg","60","","","","Δalt(1s)=0.165 m (0/5)","","","","","","","","","","","","","","","","","","","","","","","","","","","","","","","","","","","","","","","","","",""
"553.845481622","2026-08-01 15:20:25.671720","/home/sc28/SC-30/2_phase/phase1&2.py","log_msg","60","","","","","","","","","","10.592997914808645","","","","","","","","","","","","","","","","","","","","","","","","","","","","","","","","","","","",""
"553.892344948","2026-08-01 15:20:25.718593","/home/sc28/SC-30/2_phase/phase1&2.py","log_msg","60","","","","Δalt(1s)=0.110 m (0/5)","","","","","","","","","","","","","","","","","","","","","","","","","","","","","","","","","","","","","","","","","",""
"554.939987438","2026-08-01 15:20:26.766281","/home/sc28/SC-30/2_phase/phase1&2.py","log_msg","60","","","","","","","","","","10.457054578710194","","","","","","","","","","","","","","","","","","","","","","","","","","","","","","","","","","","",""
"554.987129306","2026-08-01 15:20:26.813375","/home/sc28/SC-30/2_phase/phase1&2.py","log_msg","60","","","","Δalt(1s)=0.136 m (0/5)","","","","","","","","","","","","","","","","","","","","","","","","","","","","","","","","","","","","","","","","","",""
"556.039202768","2026-08-01 15:20:27.865441","/home/sc28/SC-30/2_phase/phase1&2.py","log_msg","60","","","","","","","","","","10.211445309375177","","","","","","","","","","","","","","","","","","","","","","","","","","","","","","","","","","","",""
"556.086817816","2026-08-01 15:20:27.913064","/home/sc28/SC-30/2_phase/phase1&2.py","log_msg","60","","","","Δalt(1s)=0.246 m (0/5)","","","","","","","","","","","","","","","","","","","","","","","","","","","","","","","","","","","","","","","","","",""
"557.106760828","2026-08-01 15:20:28.932999","/home/sc28/SC-30/2_phase/phase1&2.py","log_msg","60","","","","","","","","","","10.376229485417735","","","","","","","","","","","","","","","","","","","","","","","","","","","","","","","","","","","",""
"557.110823584","2026-08-01 15:20:28.937073","/home/sc28/SC-30/2_phase/phase1&2.py","log_msg","60","","","","Δalt(1s)=0.165 m (0/5)","","","","","","","","","","","","","","","","","","","","","","","","","","","","","","","","","","","","","","","","","",""
"558.116147402","2026-08-01 15:20:29.942389","/home/sc28/SC-30/2_phase/phase1&2.py","log_msg","60","","","","","","","","","","10.49806970578053","","","","","","","","","","","","","","","","","","","","","","","","","","","","","","","","","","","",""
"558.126725965","2026-08-01 15:20:29.952974","/home/sc28/SC-30/2_phase/phase1&2.py","log_msg","60","","","","Δalt(1s)=0.122 m (0/5)","","","","","","","","","","","","","","","","","","","","","","","","","","","","","","","","","","","","","","","","","",""
"559.132436395","2026-08-01 15:20:30.958675","/home/sc28/SC-30/2_phase/phase1&2.py","log_msg","60","","","","","","","","","","10.634002036755755","","","","","","","","","","","","","","","","","","","","","","","","","","","","","","","","","","","",""
"559.13646363","2026-08-01 15:20:30.962712","/home/sc28/SC-30/2_phase/phase1&2.py","log_msg","60","","","","Δalt(1s)=0.136 m (0/5)","","","","","","","","","","","","","","","","","","","","","","","","","","","","","","","","","","","","","","","","","",""
"560.141824519","2026-08-01 15:20:31.968065","/home/sc28/SC-30/2_phase/phase1&2.py","log_msg","60","","","","","","","","","","10.825119473403939","","","","","","","","","","","","","","","","","","","","","","","","","","","","","","","","","","","",""
"560.147162133","2026-08-01 15:20:31.973412","/home/sc28/SC-30/2_phase/phase1&2.py","log_msg","60","","","","Δalt(1s)=0.191 m (0/5)","","","","","","","","","","","","","","","","","","","","","","","","","","","","","","","","","","","","","","","","","",""
"561.156368686","2026-08-01 15:20:32.982607","/home/sc28/SC-30/2_phase/phase1&2.py","log_msg","60","","","","","","","","","","10.825119473403939","","","","","","","","","","","","","","","","","","","","","","","","","","","","","","","","","","","",""
"561.165706035","2026-08-01 15:20:32.991958","/home/sc28/SC-30/2_phase/phase1&2.py","log_msg","60","","","","Δalt(1s)=0.000 m (0/5)","","","","","","","","","","","","","","","","","","","","","","","","","","","","","","","","","","","","","","","","","",""
"562.171502648","2026-08-01 15:20:33.997741","/home/sc28/SC-30/2_phase/phase1&2.py","log_msg","60","","","","","","","","","","10.920689727923444","","","","","","","","","","","","","","","","","","","","","","","","","","","","","","","","","","","",""
"562.175581341","2026-08-01 15:20:34.001833","/home/sc28/SC-30/2_phase/phase1&2.py","log_msg","60","","","","Δalt(1s)=0.096 m (0/5)","","","","","","","","","","","","","","","","","","","","","","","","","","","","","","","","","","","","","","","","","",""
"563.180949768","2026-08-01 15:20:35.007189","/home/sc28/SC-30/2_phase/phase1&2.py","log_msg","60","","","","","","","","","","10.784763314707428","","","","","","","","","","","","","","","","","","","","","","","","","","","","","","","","","","","",""
"563.1870439","2026-08-01 15:20:35.013294","/home/sc28/SC-30/2_phase/phase1&2.py","log_msg","60","","","","Δalt(1s)=0.136 m (0/5)","","","","","","","","","","","","","","","","","","","","","","","","","","","","","","","","","","","","","","","","","",""
"564.202388897","2026-08-01 15:20:36.028630","/home/sc28/SC-30/2_phase/phase1&2.py","log_msg","60","","","","","","","","","","10.457697435604246","","","","","","","","","","","","","","","","","","","","","","","","","","","","","","","","","","","",""
"564.210256435","2026-08-01 15:20:36.036506","/home/sc28/SC-30/2_phase/phase1&2.py","log_msg","60","","","","Δalt(1s)=0.327 m (0/5)","","","","","","","","","","","","","","","","","","","","","","","","","","","","","","","","","","","","","","","","","",""
"565.216000018","2026-08-01 15:20:37.042290","/home/sc28/SC-30/2_phase/phase1&2.py","log_msg","60","","","","","","","","","","10.648838144579091","","","","","","","","","","","","","","","","","","","","","","","","","","","","","","","","","","","",""
"565.221664145","2026-08-01 15:20:37.047913","/home/sc28/SC-30/2_phase/phase1&2.py","log_msg","60","","","","Δalt(1s)=0.191 m (0/5)","","","","","","","","","","","","","","","","","","","","","","","","","","","","","","","","","","","","","","","","","",""
"566.230868495","2026-08-01 15:20:38.057108","/home/sc28/SC-30/2_phase/phase1&2.py","log_msg","60","","","","","","","","","","10.880343233381332","","","","","","","","","","","","","","","","","","","","","","","","","","","","","","","","","","","",""
"566.234941406","2026-08-01 15:20:38.061197","/home/sc28/SC-30/2_phase/phase1&2.py","log_msg","60","","","","Δalt(1s)=0.232 m (0/5)","","","","","","","","","","","","","","","","","","","","","","","","","","","","","","","","","","","","","","","","","",""
"567.240467798","2026-08-01 15:20:39.066707","/home/sc28/SC-30/2_phase/phase1&2.py","log_msg","60","","","","","","","","","","10.417338044619909","","","","","","","","","","","","","","","","","","","","","","","","","","","","","","","","","","","",""
"567.246957715","2026-08-01 15:20:39.073206","/home/sc28/SC-30/2_phase/phase1&2.py","log_msg","60","","","","Δalt(1s)=0.463 m (0/5)","","","","","","","","","","","","","","","","","","","","","","","","","","","","","","","","","","","","","","","","","",""
"568.252476868","2026-08-01 15:20:40.078716","/home/sc28/SC-30/2_phase/phase1&2.py","log_msg","60","","","","","","","","","","10.880343233381332","","","","","","","","","","","","","","","","","","","","","","","","","","","","","","","","","","","",""
"568.257755885","2026-08-01 15:20:40.084003","/home/sc28/SC-30/2_phase/phase1&2.py","log_msg","60","","","","Δalt(1s)=0.463 m (0/5)","","","","","","","","","","","","","","","","","","","","","","","","","","","","","","","","","","","","","","","","","",""
"569.267370659","2026-08-01 15:20:41.093610","/home/sc28/SC-30/2_phase/phase1&2.py","log_msg","60","","","","","","","","","","10.906687800785724","","","","","","","","","","","","","","","","","","","","","","","","","","","","","","","","","","","",""
"569.273688073","2026-08-01 15:20:41.099936","/home/sc28/SC-30/2_phase/phase1&2.py","log_msg","60","","","","Δalt(1s)=0.026 m (0/5)","","","","","","","","","","","","","","","","","","","","","","","","","","","","","","","","","","","","","","","","","",""
"570.279261032","2026-08-01 15:20:42.105501","/home/sc28/SC-30/2_phase/phase1&2.py","log_msg","60","","","","","","","","","","10.443670431057472","","","","","","","","","","","","","","","","","","","","","","","","","","","","","","","","","","","",""
"570.28570199","2026-08-01 15:20:42.111950","/home/sc28/SC-30/2_phase/phase1&2.py","log_msg","60","","","","Δalt(1s)=0.463 m (0/5)","","","","","","","","","","","","","","","","","","","","","","","","","","","","","","","","","","","","","","","","","",""
"571.29142985","2026-08-01 15:20:43.117668","/home/sc28/SC-30/2_phase/phase1&2.py","log_msg","60","","","","","","","","","","10.53925530101756","","","","","","","","","","","","","","","","","","","","","","","","","","","","","","","","","","","",""
"571.295978702","2026-08-01 15:20:43.122280","/home/sc28/SC-30/2_phase/phase1&2.py","log_msg","60","","","","Δalt(1s)=0.096 m (0/5)","","","","","","","","","","","","","","","","","","","","","","","","","","","","","","","","","","","","","","","","","",""
"572.305243585","2026-08-01 15:20:44.131483","/home/sc28/SC-30/2_phase/phase1&2.py","log_msg","60","","","","","","","","","","10.102585377668364","","","","","","","","","","","","","","","","","","","","","","","","","","","","","","","","","","","",""
"572.311616624","2026-08-01 15:20:44.137865","/home/sc28/SC-30/2_phase/phase1&2.py","log_msg","60","","","","Δalt(1s)=0.437 m (0/5)","","","","","","","","","","","","","","","","","","","","","","","","","","","","","","","","","","","","","","","","","",""
"573.317282148","2026-08-01 15:20:45.143523","/home/sc28/SC-30/2_phase/phase1&2.py","log_msg","60","","","","","","","","","","11.587332487716655","","","","","","","","","","","","","","","","","","","","","","","","","","","","","","","","","","","",""
"573.32640454","2026-08-01 15:20:45.152662","/home/sc28/SC-30/2_phase/phase1&2.py","log_msg","60","","","","Δalt(1s)=1.485 m (0/5)","","","","","","","","","","","","","","","","","","","","","","","","","","","","","","","","","","","","","","","","","",""
"574.332197571","2026-08-01 15:20:46.158439","/home/sc28/SC-30/2_phase/phase1&2.py","log_msg","60","","","","","","","","","","11.682964320785771","","","","","","","","","","","","","","","","","","","","","","","","","","","","","","","","","","","",""
"574.340165523","2026-08-01 15:20:46.166416","/home/sc28/SC-30/2_phase/phase1&2.py","log_msg","60","","","","Δalt(1s)=0.096 m (0/5)","","","","","","","","","","","","","","","","","","","","","","","","","","","","","","","","","","","","","","","","","",""
"575.348587807","2026-08-01 15:20:47.174828","/home/sc28/SC-30/2_phase/phase1&2.py","log_msg","60","","","","","","","","","","11.778603848259376","","","","","","","","","","","","","","","","","","","","","","","","","","","","","","","","","","","",""
"575.355054076","2026-08-01 15:20:47.181303","/home/sc28/SC-30/2_phase/phase1&2.py","log_msg","60","","","","Δalt(1s)=0.096 m (0/5)","","","","","","","","","","","","","","","","","","","","","","","","","","","","","","","","","","","","","","","","","",""
"576.360604253","2026-08-01 15:20:48.186843","/home/sc28/SC-30/2_phase/phase1&2.py","log_msg","60","","","","","","","","","","12.433044109218905","","","","","","","","","","","","","","","","","","","","","","","","","","","","","","","","","","","",""
"576.364711797","2026-08-01 15:20:48.190961","/home/sc28/SC-30/2_phase/phase1&2.py","log_msg","60","","","","Δalt(1s)=0.654 m (0/5)","","","","","","","","","","","","","","","","","","","","","","","","","","","","","","","","","","","","","","","","","",""
"577.370103126","2026-08-01 15:20:49.196342","/home/sc28/SC-30/2_phase/phase1&2.py","log_msg","60","","","","","","","","","","12.2417190837498","","","","","","","","","","","","","","","","","","","","","","","","","","","","","","","","","","","",""
"577.374347963","2026-08-01 15:20:49.200597","/home/sc28/SC-30/2_phase/phase1&2.py","log_msg","60","","","","Δalt(1s)=0.191 m (0/5)","","","","","","","","","","","","","","","","","","","","","","","","","","","","","","","","","","","","","","","","","",""
"578.379697477","2026-08-01 15:20:50.205937","/home/sc28/SC-30/2_phase/phase1&2.py","log_msg","60","","","","","","","","","","11.738344414961382","","","","","","","","","","","","","","","","","","","","","","","","","","","","","","","","","","","",""
"578.383719916","2026-08-01 15:20:50.209968","/home/sc28/SC-30/2_phase/phase1&2.py","log_msg","60","","","","Δalt(1s)=0.503 m (0/5)","","","","","","","","","","","","","","","","","","","","","","","","","","","","","","","","","","","","","","","","","",""
"579.389047199","2026-08-01 15:20:51.215286","/home/sc28/SC-30/2_phase/phase1&2.py","log_msg","60","","","","","","","","","","11.53320465013099","","","","","","","","","","","","","","","","","","","","","","","","","","","","","","","","","","","",""
"579.393206879","2026-08-01 15:20:51.219456","/home/sc28/SC-30/2_phase/phase1&2.py","log_msg","60","","","","Δalt(1s)=0.205 m (0/5)","","","","","","","","","","","","","","","","","","","","","","","","","","","","","","","","","","","","","","","","","",""
"580.40207223","2026-08-01 15:20:52.228311","/home/sc28/SC-30/2_phase/phase1&2.py","log_msg","60","","","","","","","","","","12.025338177115373","","","","","","","","","","","","","","","","","","","","","","","","","","","","","","","","","","","",""
"580.407774844","2026-08-01 15:20:52.234024","/home/sc28/SC-30/2_phase/phase1&2.py","log_msg","60","","","","Δalt(1s)=0.492 m (0/5)","","","","","","","","","","","","","","","","","","","","","","","","","","","","","","","","","","","","","","","","","",""
"581.424180806","2026-08-01 15:20:53.250422","/home/sc28/SC-30/2_phase/phase1&2.py","log_msg","60","","","","","","","","","","11.426294729749253","","","","","","","","","","","","","","","","","","","","","","","","","","","","","","","","","","","",""
"581.429092004","2026-08-01 15:20:53.255341","/home/sc28/SC-30/2_phase/phase1&2.py","log_msg","60","","","","Δalt(1s)=0.599 m (0/5)","","","","","","","","","","","","","","","","","","","","","","","","","","","","","","","","","","","","","","","","","",""
"582.440749125","2026-08-01 15:20:54.266988","/home/sc28/SC-30/2_phase/phase1&2.py","log_msg","60","","","","","","","","","","11.75354044589117","","","","","","","","","","","","","","","","","","","","","","","","","","","","","","","","","","","",""
"582.448423165","2026-08-01 15:20:54.274671","/home/sc28/SC-30/2_phase/phase1&2.py","log_msg","60","","","","Δalt(1s)=0.327 m (0/5)","","","","","","","","","","","","","","","","","","","","","","","","","","","","","","","","","","","","","","","","","",""
"583.454083879","2026-08-01 15:20:55.280324","/home/sc28/SC-30/2_phase/phase1&2.py","log_msg","60","","","","","","","","","","11.942351970079212","","","","","","","","","","","","","","","","","","","","","","","","","","","","","","","","","","","",""
"583.458337413","2026-08-01 15:20:55.284587","/home/sc28/SC-30/2_phase/phase1&2.py","log_msg","60","","","","Δalt(1s)=0.189 m (0/5)","","","","","","","","","","","","","","","","","","","","","","","","","","","","","","","","","","","","","","","","","",""
"584.463707355","2026-08-01 15:20:56.289947","/home/sc28/SC-30/2_phase/phase1&2.py","log_msg","60","","","","","","","","","","11.971387641747807","","","","","","","","","","","","","","","","","","","","","","","","","","","","","","","","","","","",""
"584.467846878","2026-08-01 15:20:56.294095","/home/sc28/SC-30/2_phase/phase1&2.py","log_msg","60","","","","Δalt(1s)=0.029 m (0/5)","","","","","","","","","","","","","","","","","","","","","","","","","","","","","","","","","","","","","","","","","",""
"585.476872445","2026-08-01 15:20:57.303114","/home/sc28/SC-30/2_phase/phase1&2.py","log_msg","60","","","","","","","","","","11.99786931576747","","","","","","","","","","","","","","","","","","","","","","","","","","","","","","","","","","","",""
"585.485708371","2026-08-01 15:20:57.311960","/home/sc28/SC-30/2_phase/phase1&2.py","log_msg","60","","","","Δalt(1s)=0.026 m (0/5)","","","","","","","","","","","","","","","","","","","","","","","","","","","","","","","","","","","","","","","","","",""
"586.495429583","2026-08-01 15:20:58.321669","/home/sc28/SC-30/2_phase/phase1&2.py","log_msg","60","","","","","","","","","","11.561156151534366","","","","","","","","","","","","","","","","","","","","","","","","","","","","","","","","","","","",""
"586.50014458","2026-08-01 15:20:58.326393","/home/sc28/SC-30/2_phase/phase1&2.py","log_msg","60","","","","Δalt(1s)=0.437 m (0/5)","","","","","","","","","","","","","","","","","","","","","","","","","","","","","","","","","","","","","","","","","",""
"587.505473677","2026-08-01 15:20:59.331714","/home/sc28/SC-30/2_phase/phase1&2.py","log_msg","60","","","","","","","","","","11.98420321934975","","","","","","","","","","","","","","","","","","","","","","","","","","","","","","","","","","","",""
"587.513735534","2026-08-01 15:20:59.339989","/home/sc28/SC-30/2_phase/phase1&2.py","log_msg","60","","","","Δalt(1s)=0.423 m (0/5)","","","","","","","","","","","","","","","","","","","","","","","","","","","","","","","","","","","","","","","","","",""
"588.523458806","2026-08-01 15:21:00.349698","/home/sc28/SC-30/2_phase/phase1&2.py","log_msg","60","","","","","","","","","","12.013280053276294","","","","","","","","","","","","","","","","","","","","","","","","","","","","","","","","","","","",""
"588.528830945","2026-08-01 15:21:00.355100","/home/sc28/SC-30/2_phase/phase1&2.py","log_msg","60","","","","Δalt(1s)=0.029 m (0/5)","","","","","","","","","","","","","","","","","","","","","","","","","","","","","","","","","","","","","","","","","",""
"589.534596274","2026-08-01 15:21:01.360836","/home/sc28/SC-30/2_phase/phase1&2.py","log_msg","60","","","","","","","","","","11.67230201021863","","","","","","","","","","","","","","","","","","","","","","","","","","","","","","","","","","","",""
"589.538637618","2026-08-01 15:21:01.364888","/home/sc28/SC-30/2_phase/phase1&2.py","log_msg","60","","","","Δalt(1s)=0.341 m (0/5)","","","","","","","","","","","","","","","","","","","","","","","","","","","","","","","","","","","","","","","","","",""
"590.544205409","2026-08-01 15:21:02.370446","/home/sc28/SC-30/2_phase/phase1&2.py","log_msg","60","","","","","","","","","","12.039803100563386","","","","","","","","","","","","","","","","","","","","","","","","","","","","","","","","","","","",""
"590.551790019","2026-08-01 15:21:02.378040","/home/sc28/SC-30/2_phase/phase1&2.py","log_msg","60","","","","Δalt(1s)=0.368 m (0/5)","","","","","","","","","","","","","","","","","","","","","","","","","","","","","","","","","","","","","","","","","",""
"591.558777008","2026-08-01 15:21:03.385019","/home/sc28/SC-30/2_phase/phase1&2.py","log_msg","60","","","","","","","","","","12.039803100563386","","","","","","","","","","","","","","","","","","","","","","","","","","","","","","","","","","","",""
"591.56697553","2026-08-01 15:21:03.393227","/home/sc28/SC-30/2_phase/phase1&2.py","log_msg","60","","","","Δalt(1s)=0.000 m (0/5)","","","","","","","","","","","","","","","","","","","","","","","","","","","","","","","","","","","","","","","","","",""
"592.576168964","2026-08-01 15:21:04.402409","/home/sc28/SC-30/2_phase/phase1&2.py","log_msg","60","","","","","","","","","","11.278289622154048","","","","","","","","","","","","","","","","","","","","","","","","","","","","","","","","","","","",""
"592.580301403","2026-08-01 15:21:04.406552","/home/sc28/SC-30/2_phase/phase1&2.py","log_msg","60","","","","Δalt(1s)=0.762 m (0/5)","","","","","","","","","","","","","","","","","","","","","","","","","","","","","","","","","","","","","","","","","",""
"593.585597263","2026-08-01 15:21:05.411836","/home/sc28/SC-30/2_phase/phase1&2.py","log_msg","60","","","","","","","","","","11.76805075160461","","","","","","","","","","","","","","","","","","","","","","","","","","","","","","","","","","","",""
"593.593093798","2026-08-01 15:21:05.419343","/home/sc28/SC-30/2_phase/phase1&2.py","log_msg","60","","","","Δalt(1s)=0.490 m (0/5)","","","","","","","","","","","","","","","","","","","","","","","","","","","","","","","","","","","","","","","","","",""
"594.5986302","2026-08-01 15:21:06.424868","/home/sc28/SC-30/2_phase/phase1&2.py","log_msg","60","","","","","","","","","","11.427085519564633","","","","","","","","","","","","","","","","","","","","","","","","","","","","","","","","","","","",""
"594.602783055","2026-08-01 15:21:06.429033","/home/sc28/SC-30/2_phase/phase1&2.py","log_msg","60","","","","Δalt(1s)=0.341 m (0/5)","","","","","","","","","","","","","","","","","","","","","","","","","","","","","","","","","","","","","","","","","",""
"595.608201245","2026-08-01 15:21:07.434440","/home/sc28/SC-30/2_phase/phase1&2.py","log_msg","60","","","","","","","","","","11.890354209249994","","","","","","","","","","","","","","","","","","","","","","","","","","","","","","","","","","","",""
"595.612330089","2026-08-01 15:21:07.438581","/home/sc28/SC-30/2_phase/phase1&2.py","log_msg","60","","","","Δalt(1s)=0.463 m (0/5)","","","","","","","","","","","","","","","","","","","","","","","","","","","","","","","","","","","","","","","","","",""
"596.626272655","2026-08-01 15:21:08.452513","/home/sc28/SC-30/2_phase/phase1&2.py","log_msg","60","","","","","","","","","","11.19545866647141","","","","","","","","","","","","","","","","","","","","","","","","","","","","","","","","","","","",""
"596.630545563","2026-08-01 15:21:08.456793","/home/sc28/SC-30/2_phase/phase1&2.py","log_msg","60","","","","Δalt(1s)=0.695 m (0/5)","","","","","","","","","","","","","","","","","","","","","","","","","","","","","","","","","","","","","","","","","",""
"597.635859937","2026-08-01 15:21:09.462098","/home/sc28/SC-30/2_phase/phase1&2.py","log_msg","60","","","","","","","","","","11.059586762091733","","","","","","","","","","","","","","","","","","","","","","","","","","","","","","","","","","","",""
"597.640077011","2026-08-01 15:21:09.466328","/home/sc28/SC-30/2_phase/phase1&2.py","log_msg","60","","","","Δalt(1s)=0.136 m (0/5)","","","","","","","","","","","","","","","","","","","","","","","","","","","","","","","","","","","","","","","","","",""
"598.645398489","2026-08-01 15:21:10.471638","/home/sc28/SC-30/2_phase/phase1&2.py","log_msg","60","","","","","","","","","","11.317761819877092","","","","","","","","","","","","","","","","","","","","","","","","","","","","","","","","","","","",""
"598.652965804","2026-08-01 15:21:10.479215","/home/sc28/SC-30/2_phase/phase1&2.py","log_msg","60","","","","Δalt(1s)=0.258 m (0/5)","","","","","","","","","","","","","","","","","","","","","","","","","","","","","","","","","","","","","","","","","",""
"599.66436002","2026-08-01 15:21:11.490599","/home/sc28/SC-30/2_phase/phase1&2.py","log_msg","60","","","","","","","","","","11.046028437950772","","","","","","","","","","","","","","","","","","","","","","","","","","","","","","","","","","","",""
"599.668418498","2026-08-01 15:21:11.494669","/home/sc28/SC-30/2_phase/phase1&2.py","log_msg","60","","","","Δalt(1s)=0.272 m (0/5)","","","","","","","","","","","","","","","","","","","","","","","","","","","","","","","","","","","","","","","","","",""
"600.673948926","2026-08-01 15:21:12.500191","/home/sc28/SC-30/2_phase/phase1&2.py","log_msg","60","","","","","","","","","","11.876827698215866","","","","","","","","","","","","","","","","","","","","","","","","","","","","","","","","","","","",""
"600.678233136","2026-08-01 15:21:12.504482","/home/sc28/SC-30/2_phase/phase1&2.py","log_msg","60","","","","Δalt(1s)=0.831 m (0/5)","","","","","","","","","","","","","","","","","","","","","","","","","","","","","","","","","","","","","","","","","",""
"601.68792144","2026-08-01 15:21:13.514162","/home/sc28/SC-30/2_phase/phase1&2.py","log_msg","60","","","","","","","","","","11.442663591227205","","","","","","","","","","","","","","","","","","","","","","","","","","","","","","","","","","","",""
"601.694971822","2026-08-01 15:21:13.521222","/home/sc28/SC-30/2_phase/phase1&2.py","log_msg","60","","","","Δalt(1s)=0.434 m (0/5)","","","","","","","","","","","","","","","","","","","","","","","","","","","","","","","","","","","","","","","","","",""
"602.701232927","2026-08-01 15:21:14.527471","/home/sc28/SC-30/2_phase/phase1&2.py","log_msg","60","","","","","","","","","","11.810177337829352","","","","","","","","","","","","","","","","","","","","","","","","","","","","","","","","","","","",""
"602.707158454","2026-08-01 15:21:14.533407","/home/sc28/SC-30/2_phase/phase1&2.py","log_msg","60","","","","Δalt(1s)=0.368 m (0/5)","","","","","","","","","","","","","","","","","","","","","","","","","","","","","","","","","","","","","","","","","",""
"603.712578167","2026-08-01 15:21:15.538817","/home/sc28/SC-30/2_phase/phase1&2.py","log_msg","60","","","","","","","","","","11.3468828315275","","","","","","","","","","","","","","","","","","","","","","","","","","","","","","","","","","","",""
"603.722577433","2026-08-01 15:21:15.548836","/home/sc28/SC-30/2_phase/phase1&2.py","log_msg","60","","","","Δalt(1s)=0.463 m (0/5)","","","","","","","","","","","","","","","","","","","","","","","","","","","","","","","","","","","","","","","","","",""
"604.733620349","2026-08-01 15:21:16.559860","/home/sc28/SC-30/2_phase/phase1&2.py","log_msg","60","","","","","","","","","","11.57852758707261","","","","","","","","","","","","","","","","","","","","","","","","","","","","","","","","","","","",""
"604.738239769","2026-08-01 15:21:16.564490","/home/sc28/SC-30/2_phase/phase1&2.py","log_msg","60","","","","Δalt(1s)=0.232 m (0/5)","","","","","","","","","","","","","","","","","","","","","","","","","","","","","","","","","","","","","","","","","",""
"605.743641976","2026-08-01 15:21:17.569881","/home/sc28/SC-30/2_phase/phase1&2.py","log_msg","60","","","","","","","","","","11.77010825859179","","","","","","","","","","","","","","","","","","","","","","","","","","","","","","","","","","","",""
"605.747835403","2026-08-01 15:21:17.574084","/home/sc28/SC-30/2_phase/phase1&2.py","log_msg","60","","","","Δalt(1s)=0.192 m (0/5)","","","","","","","","","","","","","","","","","","","","","","","","","","","","","","","","","","","","","","","","","",""
"606.753241175","2026-08-01 15:21:18.579480","/home/sc28/SC-30/2_phase/phase1&2.py","log_msg","60","","","","","","","","","","12.23343565682913","","","","","","","","","","","","","","","","","","","","","","","","","","","","","","","","","","","",""
"606.757897471","2026-08-01 15:21:18.584146","/home/sc28/SC-30/2_phase/phase1&2.py","log_msg","60","","","","Δalt(1s)=0.463 m (0/5)","","","","","","","","","","","","","","","","","","","","","","","","","","","","","","","","","","","","","","","","","",""
"607.763349206","2026-08-01 15:21:19.589590","/home/sc28/SC-30/2_phase/phase1&2.py","log_msg","60","","","","","","","","","","11.730052085398528","","","","","","","","","","","","","","","","","","","","","","","","","","","","","","","","","","","",""
"607.767582946","2026-08-01 15:21:19.593832","/home/sc28/SC-30/2_phase/phase1&2.py","log_msg","60","","","","Δalt(1s)=0.503 m (0/5)","","","","","","","","","","","","","","","","","","","","","","","","","","","","","","","","","","","","","","","","","",""
"608.772953455","2026-08-01 15:21:20.599193","/home/sc28/SC-30/2_phase/phase1&2.py","log_msg","60","","","","","","","","","","11.892509881903099","","","","","","","","","","","","","","","","","","","","","","","","","","","","","","","","","","","",""
"608.777088443","2026-08-01 15:21:20.603339","/home/sc28/SC-30/2_phase/phase1&2.py","log_msg","60","","","","Δalt(1s)=0.162 m (0/5)","","","","","","","","","","","","","","","","","","","","","","","","","","","","","","","","","","","","","","","","","",""
"609.790161293","2026-08-01 15:21:21.616401","/home/sc28/SC-30/2_phase/phase1&2.py","log_msg","60","","","","","","","","","","11.91911965822505","","","","","","","","","","","","","","","","","","","","","","","","","","","","","","","","","","","",""
"609.794345813","2026-08-01 15:21:21.620596","/home/sc28/SC-30/2_phase/phase1&2.py","log_msg","60","","","","Δalt(1s)=0.027 m (0/5)","","","","","","","","","","","","","","","","","","","","","","","","","","","","","","","","","","","","","","","","","",""
"610.799762728","2026-08-01 15:21:22.626003","/home/sc28/SC-30/2_phase/phase1&2.py","log_msg","60","","","","","","","","","","11.91911965822505","","","","","","","","","","","","","","","","","","","","","","","","","","","","","","","","","","","",""
"610.803901571","2026-08-01 15:21:22.630152","/home/sc28/SC-30/2_phase/phase1&2.py","log_msg","60","","","","Δalt(1s)=0.000 m (0/5)","","","","","","","","","","","","","","","","","","","","","","","","","","","","","","","","","","","","","","","","","",""
"611.809601327","2026-08-01 15:21:23.635840","/home/sc28/SC-30/2_phase/phase1&2.py","log_msg","60","","","","","","","","","","12.411678111460647","","","","","","","","","","","","","","","","","","","","","","","","","","","","","","","","","","","",""
"611.813315895","2026-08-01 15:21:23.639566","/home/sc28/SC-30/2_phase/phase1&2.py","log_msg","60","","","","Δalt(1s)=0.493 m (0/5)","","","","","","","","","","","","","","","","","","","","","","","","","","","","","","","","","","","","","","","","","",""
"612.824116509","2026-08-01 15:21:24.650357","/home/sc28/SC-30/2_phase/phase1&2.py","log_msg","60","","","","","","","","","","11.620800231716856","","","","","","","","","","","","","","","","","","","","","","","","","","","","","","","","","","","",""
"612.828503843","2026-08-01 15:21:24.654752","/home/sc28/SC-30/2_phase/phase1&2.py","log_msg","60","","","","Δalt(1s)=0.791 m (0/5)","","","","","","","","","","","","","","","","","","","","","","","","","","","","","","","","","","","","","","","","","",""
"613.834121829","2026-08-01 15:21:25.660361","/home/sc28/SC-30/2_phase/phase1&2.py","log_msg","60","","","","","","","","","","11.82330034606889","","","","","","","","","","","","","","","","","","","","","","","","","","","","","","","","","","","",""
"613.838402079","2026-08-01 15:21:25.664650","/home/sc28/SC-30/2_phase/phase1&2.py","log_msg","60","","","","Δalt(1s)=0.203 m (0/5)","","","","","","","","","","","","","","","","","","","","","","","","","","","","","","","","","","","","","","","","","",""
"614.843825352","2026-08-01 15:21:26.670064","/home/sc28/SC-30/2_phase/phase1&2.py","log_msg","60","","","","","","","","","","12.193392394252353","","","","","","","","","","","","","","","","","","","","","","","","","","","","","","","","","","","",""
"614.854872906","2026-08-01 15:21:26.681130","/home/sc28/SC-30/2_phase/phase1&2.py","log_msg","60","","","","Δalt(1s)=0.370 m (0/5)","","","","","","","","","","","","","","","","","","","","","","","","","","","","","","","","","","","","","","","","","",""
"615.860664335","2026-08-01 15:21:27.686903","/home/sc28/SC-30/2_phase/phase1&2.py","log_msg","60","","","","","","","","","","11.730052085398528","","","","","","","","","","","","","","","","","","","","","","","","","","","","","","","","","","","",""
"615.86588876","2026-08-01 15:21:27.692137","/home/sc28/SC-30/2_phase/phase1&2.py","log_msg","60","","","","Δalt(1s)=0.463 m (0/5)","","","","","","","","","","","","","","","","","","","","","","","","","","","","","","","","","","","","","","","","","",""
"616.871262922","2026-08-01 15:21:28.697502","/home/sc28/SC-30/2_phase/phase1&2.py","log_msg","60","","","","","","","","","","11.865910148503318","","","","","","","","","","","","","","","","","","","","","","","","","","","","","","","","","","","",""
"616.875515515","2026-08-01 15:21:28.701772","/home/sc28/SC-30/2_phase/phase1&2.py","log_msg","60","","","","Δalt(1s)=0.136 m (0/5)","","","","","","","","","","","","","","","","","","","","","","","","","","","","","","","","","","","","","","","","","",""
"617.881001373","2026-08-01 15:21:29.707239","/home/sc28/SC-30/2_phase/phase1&2.py","log_msg","60","","","","","","","","","","11.961719741702854","","","","","","","","","","","","","","","","","","","","","","","","","","","","","","","","","","","",""
"617.887041639","2026-08-01 15:21:29.713291","/home/sc28/SC-30/2_phase/phase1&2.py","log_msg","60","","","","Δalt(1s)=0.096 m (0/5)","","","","","","","","","","","","","","","","","","","","","","","","","","","","","","","","","","","","","","","","","",""
"618.892570599","2026-08-01 15:21:30.718807","/home/sc28/SC-30/2_phase/phase1&2.py","log_msg","60","","","","","","","","","","11.293321913493342","","","","","","","","","","","","","","","","","","","","","","","","","","","","","","","","","","","",""
"618.896681628","2026-08-01 15:21:30.722927","/home/sc28/SC-30/2_phase/phase1&2.py","log_msg","60","","","","Δalt(1s)=0.668 m (0/5)","","","","","","","","","","","","","","","","","","","","","","","","","","","","","","","","","","","","","","","","","",""
"619.903129064","2026-08-01 15:21:31.729372","/home/sc28/SC-30/2_phase/phase1&2.py","log_msg","60","","","","","","","","","","11.91911965822505","","","","","","","","","","","","","","","","","","","","","","","","","","","","","","","","","","","",""
"619.907418896","2026-08-01 15:21:31.733668","/home/sc28/SC-30/2_phase/phase1&2.py","log_msg","60","","","","Δalt(1s)=0.626 m (0/5)","","","","","","","","","","","","","","","","","","","","","","","","","","","","","","","","","","","","","","","","","",""
"620.917791607","2026-08-01 15:21:32.744030","/home/sc28/SC-30/2_phase/phase1&2.py","log_msg","60","","","","","","","","","","12.246631522934727","","","","","","","","","","","","","","","","","","","","","","","","","","","","","","","","","","","",""
"620.92570986","2026-08-01 15:21:32.751958","/home/sc28/SC-30/2_phase/phase1&2.py","log_msg","60","","","","Δalt(1s)=0.328 m (0/5)","","","","","","","","","","","","","","","","","","","","","","","","","","","","","","","","","","","","","","","","","",""
"621.936227185","2026-08-01 15:21:33.762466","/home/sc28/SC-30/2_phase/phase1&2.py","log_msg","60","","","","","","","","","","12.246631522934727","","","","","","","","","","","","","","","","","","","","","","","","","","","","","","","","","","","",""
"621.940403006","2026-08-01 15:21:33.766652","/home/sc28/SC-30/2_phase/phase1&2.py","log_msg","60","","","","Δalt(1s)=0.000 m (0/5)","","","","","","","","","","","","","","","","","","","","","","","","","","","","","","","","","","","","","","","","","",""
"622.947661998","2026-08-01 15:21:34.773901","/home/sc28/SC-30/2_phase/phase1&2.py","log_msg","60","","","","","","","","","","11.812452457463742","","","","","","","","","","","","","","","","","","","","","","","","","","","","","","","","","","","",""
"622.955133371","2026-08-01 15:21:34.781382","/home/sc28/SC-30/2_phase/phase1&2.py","log_msg","60","","","","Δalt(1s)=0.434 m (0/5)","","","","","","","","","","","","","","","","","","","","","","","","","","","","","","","","","","","","","","","","","",""
"623.963447976","2026-08-01 15:21:35.789686","/home/sc28/SC-30/2_phase/phase1&2.py","log_msg","60","","","","","","","","","","11.769879971012747","","","","","","","","","","","","","","","","","","","","","","","","","","","","","","","","","","","",""
"623.969685535","2026-08-01 15:21:35.795936","/home/sc28/SC-30/2_phase/phase1&2.py","log_msg","60","","","","Δalt(1s)=0.043 m (0/5)","","","","","","","","","","","","","","","","","","","","","","","","","","","","","","","","","","","","","","","","","",""
"624.975179415","2026-08-01 15:21:36.801417","/home/sc28/SC-30/2_phase/phase1&2.py","log_msg","60","","","","","","","","","","12.030785358619017","","","","","","","","","","","","","","","","","","","","","","","","","","","","","","","","","","","",""
"624.979224401","2026-08-01 15:21:36.805474","/home/sc28/SC-30/2_phase/phase1&2.py","log_msg","60","","","","Δalt(1s)=0.261 m (0/5)","","","","","","","","","","","","","","","","","","","","","","","","","","","","","","","","","","","","","","","","","",""
"625.988174544","2026-08-01 15:21:37.814413","/home/sc28/SC-30/2_phase/phase1&2.py","log_msg","60","","","","","","","","","","11.825740672049335","","","","","","","","","","","","","","","","","","","","","","","","","","","","","","","","","","","",""
"625.992352864","2026-08-01 15:21:37.818603","/home/sc28/SC-30/2_phase/phase1&2.py","log_msg","60","","","","Δalt(1s)=0.205 m (0/5)","","","","","","","","","","","","","","","","","","","","","","","","","","","","","","","","","","","","","","","","","",""
"626.997785453","2026-08-01 15:21:38.824025","/home/sc28/SC-30/2_phase/phase1&2.py","log_msg","60","","","","","","","","","","12.126647153193352","","","","","","","","","","","","","","","","","","","","","","","","","","","","","","","","","","","",""
"627.002491903","2026-08-01 15:21:38.828744","/home/sc28/SC-30/2_phase/phase1&2.py","log_msg","60","","","","Δalt(1s)=0.301 m (0/5)","","","","","","","","","","","","","","","","","","","","","","","","","","","","","","","","","","","","","","","","","",""
"628.0081276","2026-08-01 15:21:39.834368","/home/sc28/SC-30/2_phase/phase1&2.py","log_msg","60","","","","","","","","","","12.249193986530617","","","","","","","","","","","","","","","","","","","","","","","","","","","","","","","","","","","",""
"628.014972507","2026-08-01 15:21:39.841222","/home/sc28/SC-30/2_phase/phase1&2.py","log_msg","60","","","","Δalt(1s)=0.123 m (0/5)","","","","","","","","","","","","","","","","","","","","","","","","","","","","","","","","","","","","","","","","","",""
"629.025783388","2026-08-01 15:21:40.852023","/home/sc28/SC-30/2_phase/phase1&2.py","log_msg","60","","","","","","","","","","12.209246040115755","","","","","","","","","","","","","","","","","","","","","","","","","","","","","","","","","","","",""
"629.030356191","2026-08-01 15:21:40.856608","/home/sc28/SC-30/2_phase/phase1&2.py","log_msg","60","","","","Δalt(1s)=0.040 m (0/5)","","","","","","","","","","","","","","","","","","","","","","","","","","","","","","","","","","","","","","","","","",""
"630.036571072","2026-08-01 15:21:41.862810","/home/sc28/SC-30/2_phase/phase1&2.py","log_msg","60","","","","","","","","","","11.30906033775242","","","","","","","","","","","","","","","","","","","","","","","","","","","","","","","","","","","",""
"630.042579253","2026-08-01 15:21:41.868828","/home/sc28/SC-30/2_phase/phase1&2.py","log_msg","60","","","","Δalt(1s)=0.900 m (0/5)","","","","","","","","","","","","","","","","","","","","","","","","","","","","","","","","","","","","","","","","","",""
"631.052901288","2026-08-01 15:21:42.879143","/home/sc28/SC-30/2_phase/phase1&2.py","log_msg","60","","","","","","","","","","11.732555937053812","","","","","","","","","","","","","","","","","","","","","","","","","","","","","","","","","","","",""
"631.057527529","2026-08-01 15:21:42.883776","/home/sc28/SC-30/2_phase/phase1&2.py","log_msg","60","","","","Δalt(1s)=0.423 m (0/5)","","","","","","","","","","","","","","","","","","","","","","","","","","","","","","","","","","","","","","","","","",""
"632.066004372","2026-08-01 15:21:43.892244","/home/sc28/SC-30/2_phase/phase1&2.py","log_msg","60","","","","","","","","","","12.156110280436348","","","","","","","","","","","","","","","","","","","","","","","","","","","","","","","","","","","",""
"632.070134723","2026-08-01 15:21:43.896387","/home/sc28/SC-30/2_phase/phase1&2.py","log_msg","60","","","","Δalt(1s)=0.424 m (0/5)","","","","","","","","","","","","","","","","","","","","","","","","","","","","","","","","","","","","","","","","","",""
"633.075464279","2026-08-01 15:21:44.901703","/home/sc28/SC-30/2_phase/phase1&2.py","log_msg","60","","","","","","","","","","12.182841713034518","","","","","","","","","","","","","","","","","","","","","","","","","","","","","","","","","","","",""
"633.079606869","2026-08-01 15:21:44.905856","/home/sc28/SC-30/2_phase/phase1&2.py","log_msg","60","","","","Δalt(1s)=0.027 m (0/5)","","","","","","","","","","","","","","","","","","","","","","","","","","","","","","","","","","","","","","","","","",""
"634.091096881","2026-08-01 15:21:45.917336","/home/sc28/SC-30/2_phase/phase1&2.py","log_msg","60","","","","","","","","","","11.583529093095716","","","","","","","","","","","","","","","","","","","","","","","","","","","","","","","","","","","",""
"634.097699441","2026-08-01 15:21:45.923948","/home/sc28/SC-30/2_phase/phase1&2.py","log_msg","60","","","","Δalt(1s)=0.599 m (0/5)","","","","","","","","","","","","","","","","","","","","","","","","","","","","","","","","","","","","","","","","","",""
"635.104529131","2026-08-01 15:21:46.930768","/home/sc28/SC-30/2_phase/phase1&2.py","log_msg","60","","","","","","","","","","12.142955193248744","","","","","","","","","","","","","","","","","","","","","","","","","","","","","","","","","","","",""
"635.108465001","2026-08-01 15:21:46.934716","/home/sc28/SC-30/2_phase/phase1&2.py","log_msg","60","","","","Δalt(1s)=0.559 m (0/5)","","","","","","","","","","","","","","","","","","","","","","","","","","","","","","","","","","","","","","","","","",""
"636.113943046","2026-08-01 15:21:47.940182","/home/sc28/SC-30/2_phase/phase1&2.py","log_msg","60","","","","","","","","","","11.80213203412116","","","","","","","","","","","","","","","","","","","","","","","","","","","","","","","","","","","",""
"636.118629652","2026-08-01 15:21:47.944880","/home/sc28/SC-30/2_phase/phase1&2.py","log_msg","60","","","","Δalt(1s)=0.341 m (0/5)","","","","","","","","","","","","","","","","","","","","","","","","","","","","","","","","","","","","","","","","","",""
"637.128917828","2026-08-01 15:21:48.955156","/home/sc28/SC-30/2_phase/phase1&2.py","log_msg","60","","","","","","","","","","11.80213203412116","","","","","","","","","","","","","","","","","","","","","","","","","","","","","","","","","","","",""
"637.134874914","2026-08-01 15:21:48.961127","/home/sc28/SC-30/2_phase/phase1&2.py","log_msg","60","","","","Δalt(1s)=0.000 m (0/5)","","","","","","","","","","","","","","","","","","","","","","","","","","","","","","","","","","","","","","","","","",""
"638.140290319","2026-08-01 15:21:49.966530","/home/sc28/SC-30/2_phase/phase1&2.py","log_msg","60","","","","","","","","","","11.871321060467935","","","","","","","","","","","","","","","","","","","","","","","","","","","","","","","","","","","",""
"638.144279991","2026-08-01 15:21:49.970528","/home/sc28/SC-30/2_phase/phase1&2.py","log_msg","60","","","","Δalt(1s)=0.069 m (0/5)","","","","","","","","","","","","","","","","","","","","","","","","","","","","","","","","","","","","","","","","","",""
"639.149645693","2026-08-01 15:21:50.975884","/home/sc28/SC-30/2_phase/phase1&2.py","log_msg","60","","","","","","","","","","11.530504182817022","","","","","","","","","","","","","","","","","","","","","","","","","","","","","","","","","","","",""
"639.157143782","2026-08-01 15:21:50.983413","/home/sc28/SC-30/2_phase/phase1&2.py","log_msg","60","","","","Δalt(1s)=0.341 m (0/5)","","","","","","","","","","","","","","","","","","","","","","","","","","","","","","","","","","","","","","","","","",""
"640.162927439","2026-08-01 15:21:51.989166","/home/sc28/SC-30/2_phase/phase1&2.py","log_msg","60","","","","","","","","","","11.394692134942114","","","","","","","","","","","","","","","","","","","","","","","","","","","","","","","","","","","",""
"640.169764012","2026-08-01 15:21:51.996012","/home/sc28/SC-30/2_phase/phase1&2.py","log_msg","60","","","","Δalt(1s)=0.136 m (0/5)","","","","","","","","","","","","","","","","","","","","","","","","","","","","","","","","","","","","","","","","","",""
"641.175451454","2026-08-01 15:21:53.001690","/home/sc28/SC-30/2_phase/phase1&2.py","log_msg","60","","","","","","","","","","11.258881339097465","","","","","","","","","","","","","","","","","","","","","","","","","","","","","","","","","","","",""
"641.182869074","2026-08-01 15:21:53.009118","/home/sc28/SC-30/2_phase/phase1&2.py","log_msg","60","","","","Δalt(1s)=0.136 m (0/5)","","","","","","","","","","","","","","","","","","","","","","","","","","","","","","","","","","","","","","","","","",""
"642.192126116","2026-08-01 15:21:54.018366","/home/sc28/SC-30/2_phase/phase1&2.py","log_msg","60","","","","","","","","","","11.519983528483271","","","","","","","","","","","","","","","","","","","","","","","","","","","","","","","","","","","",""
"642.196338654","2026-08-01 15:21:54.022587","/home/sc28/SC-30/2_phase/phase1&2.py","log_msg","60","","","","Δalt(1s)=0.261 m (0/5)","","","","","","","","","","","","","","","","","","","","","","","","","","","","","","","","","","","","","","","","","",""
"643.201684238","2026-08-01 15:21:55.027923","/home/sc28/SC-30/2_phase/phase1&2.py","log_msg","60","","","","","","","","","","11.410965907912544","","","","","","","","","","","","","","","","","","","","","","","","","","","","","","","","","","","",""
"643.205905266","2026-08-01 15:21:55.032158","/home/sc28/SC-30/2_phase/phase1&2.py","log_msg","60","","","","Δalt(1s)=0.109 m (0/5)","","","","","","","","","","","","","","","","","","","","","","","","","","","","","","","","","","","","","","","","","",""
"644.212069749","2026-08-01 15:21:56.038310","/home/sc28/SC-30/2_phase/phase1&2.py","log_msg","60","","","","","","","","","","11.506946036158649","","","","","","","","","","","","","","","","","","","","","","","","","","","","","","","","","","","",""
"644.216094889","2026-08-01 15:21:56.042345","/home/sc28/SC-30/2_phase/phase1&2.py","log_msg","60","","","","Δalt(1s)=0.096 m (0/5)","","","","","","","","","","","","","","","","","","","","","","","","","","","","","","","","","","","","","","","","","",""
"645.22652278","2026-08-01 15:21:57.052761","/home/sc28/SC-30/2_phase/phase1&2.py","log_msg","60","","","","","","","","","","12.066525290081167","","","","","","","","","","","","","","","","","","","","","","","","","","","","","","","","","","","",""
"645.230470785","2026-08-01 15:21:57.056720","/home/sc28/SC-30/2_phase/phase1&2.py","log_msg","60","","","","Δalt(1s)=0.560 m (0/5)","","","","","","","","","","","","","","","","","","","","","","","","","","","","","","","","","","","","","","","","","",""
"646.236079451","2026-08-01 15:21:58.062322","/home/sc28/SC-30/2_phase/phase1&2.py","log_msg","60","","","","","","","","","","11.725754254596335","","","","","","","","","","","","","","","","","","","","","","","","","","","","","","","","","","","",""
"646.242805553","2026-08-01 15:21:58.069054","/home/sc28/SC-30/2_phase/phase1&2.py","log_msg","60","","","","Δalt(1s)=0.341 m (0/5)","","","","","","","","","","","","","","","","","","","","","","","","","","","","","","","","","","","","","","","","","",""
"647.248618789","2026-08-01 15:21:59.074859","/home/sc28/SC-30/2_phase/phase1&2.py","log_msg","60","","","","","","","","","","11.58996047709876","","","","","","","","","","","","","","","","","","","","","","","","","","","","","","","","","","","",""
"647.253870711","2026-08-01 15:21:59.080119","/home/sc28/SC-30/2_phase/phase1&2.py","log_msg","60","","","","Δalt(1s)=0.136 m (0/5)","","","","","","","","","","","","","","","","","","","","","","","","","","","","","","","","","","","","","","","","","",""
"648.259168147","2026-08-01 15:22:00.085407","/home/sc28/SC-30/2_phase/phase1&2.py","log_msg","60","","","","","","","","","","11.42477572671331","","","","","","","","","","","","","","","","","","","","","","","","","","","","","","","","","","","",""
"648.269809597","2026-08-01 15:22:00.096068","/home/sc28/SC-30/2_phase/phase1&2.py","log_msg","60","","","","Δalt(1s)=0.165 m (0/5)","","","","","","","","","","","","","","","","","","","","","","","","","","","","","","","","","","","","","","","","","",""
"649.275435876","2026-08-01 15:22:01.101674","/home/sc28/SC-30/2_phase/phase1&2.py","log_msg","60","","","","","","","","","","11.520782996884147","","","","","","","","","","","","","","","","","","","","","","","","","","","","","","","","","","","",""
"649.282828755","2026-08-01 15:22:01.109077","/home/sc28/SC-30/2_phase/phase1&2.py","log_msg","60","","","","Δalt(1s)=0.096 m (0/5)","","","","","","","","","","","","","","","","","","","","","","","","","","","","","","","","","","","","","","","","","",""
"650.291860831","2026-08-01 15:22:02.118100","/home/sc28/SC-30/2_phase/phase1&2.py","log_msg","60","","","","","","","","","","11.414394622612953","","","","","","","","","","","","","","","","","","","","","","","","","","","","","","","","","","","",""
"650.295762012","2026-08-01 15:22:02.122015","/home/sc28/SC-30/2_phase/phase1&2.py","log_msg","60","","","","Δalt(1s)=0.106 m (0/5)","","","","","","","","","","","","","","","","","","","","","","","","","","","","","","","","","","","","","","","","","",""
"651.301165864","2026-08-01 15:22:03.127405","/home/sc28/SC-30/2_phase/phase1&2.py","log_msg","60","","","","","","","","","","11.673065157413324","","","","","","","","","","","","","","","","","","","","","","","","","","","","","","","","","","","",""
"651.305215067","2026-08-01 15:22:03.131467","/home/sc28/SC-30/2_phase/phase1&2.py","log_msg","60","","","","Δalt(1s)=0.259 m (0/5)","","","","","","","","","","","","","","","","","","","","","","","","","","","","","","","","","","","","","","","","","",""
"652.310578541","2026-08-01 15:22:04.136818","/home/sc28/SC-30/2_phase/phase1&2.py","log_msg","60","","","","","","","","","","11.865153097766882","","","","","","","","","","","","","","","","","","","","","","","","","","","","","","","","","","","",""
"652.318098713","2026-08-01 15:22:04.144348","/home/sc28/SC-30/2_phase/phase1&2.py","log_msg","60","","","","Δalt(1s)=0.192 m (0/5)","","","","","","","","","","","","","","","","","","","","","","","","","","","","","","","","","","","","","","","","","",""
"653.325628964","2026-08-01 15:22:05.151868","/home/sc28/SC-30/2_phase/phase1&2.py","log_msg","60","","","","","","","","","","11.865153097766882","","","","","","","","","","","","","","","","","","","","","","","","","","","","","","","","","","","",""
"653.337498861","2026-08-01 15:22:05.163761","/home/sc28/SC-30/2_phase/phase1&2.py","log_msg","60","","","","Δalt(1s)=0.000 m (0/5)","","","","","","","","","","","","","","","","","","","","","","","","","","","","","","","","","","","","","","","","","",""
"654.343293198","2026-08-01 15:22:06.169533","/home/sc28/SC-30/2_phase/phase1&2.py","log_msg","60","","","","","","","","","","11.564150735060476","","","","","","","","","","","","","","","","","","","","","","","","","","","","","","","","","","","",""
"654.351044152","2026-08-01 15:22:06.177292","/home/sc28/SC-30/2_phase/phase1&2.py","log_msg","60","","","","Δalt(1s)=0.301 m (0/5)","","","","","","","","","","","","","","","","","","","","","","","","","","","","","","","","","","","","","","","","","",""
"655.360348299","2026-08-01 15:22:07.186587","/home/sc28/SC-30/2_phase/phase1&2.py","log_msg","60","","","","","","","","","","11.49754112663133","","","","","","","","","","","","","","","","","","","","","","","","","","","","","","","","","","","",""
"655.365760326","2026-08-01 15:22:07.192009","/home/sc28/SC-30/2_phase/phase1&2.py","log_msg","60","","","","Δalt(1s)=0.067 m (0/5)","","","","","","","","","","","","","","","","","","","","","","","","","","","","","","","","","","","","","","","","","",""
"656.371381458","2026-08-01 15:22:08.197622","/home/sc28/SC-30/2_phase/phase1&2.py","log_msg","60","","","","","","","","","","11.689652433865685","","","","","","","","","","","","","","","","","","","","","","","","","","","","","","","","","","","",""
"656.37546587","2026-08-01 15:22:08.201714","/home/sc28/SC-30/2_phase/phase1&2.py","log_msg","60","","","","Δalt(1s)=0.192 m (0/5)","","","","","","","","","","","","","","","","","","","","","","","","","","","","","","","","","","","","","","","","","",""
"657.380849539","2026-08-01 15:22:09.207091","/home/sc28/SC-30/2_phase/phase1&2.py","log_msg","60","","","","","","","","","","11.948400323744842","","","","","","","","","","","","","","","","","","","","","","","","","","","","","","","","","","","",""
"657.392457663","2026-08-01 15:22:09.218717","/home/sc28/SC-30/2_phase/phase1&2.py","log_msg","60","","","","Δalt(1s)=0.259 m (0/5)","","","","","","","","","","","","","","","","","","","","","","","","","","","","","","","","","","","","","","","","","",""
"658.400879576","2026-08-01 15:22:10.227118","/home/sc28/SC-30/2_phase/phase1&2.py","log_msg","60","","","","","","","","","","11.5116106992226","","","","","","","","","","","","","","","","","","","","","","","","","","","","","","","","","","","",""
"658.405675192","2026-08-01 15:22:10.231924","/home/sc28/SC-30/2_phase/phase1&2.py","log_msg","60","","","","Δalt(1s)=0.437 m (0/5)","","","","","","","","","","","","","","","","","","","","","","","","","","","","","","","","","","","","","","","","","",""
"659.41105993","2026-08-01 15:22:11.237300","/home/sc28/SC-30/2_phase/phase1&2.py","log_msg","60","","","","","","","","","","11.607689651130439","","","","","","","","","","","","","","","","","","","","","","","","","","","","","","","","","","","",""
"659.415094549","2026-08-01 15:22:11.241344","/home/sc28/SC-30/2_phase/phase1&2.py","log_msg","60","","","","Δalt(1s)=0.096 m (0/5)","","","","","","","","","","","","","","","","","","","","","","","","","","","","","","","","","","","","","","","","","",""
"660.420407556","2026-08-01 15:22:12.246647","/home/sc28/SC-30/2_phase/phase1&2.py","log_msg","60","","","","","","","","","","11.471919931440022","","","","","","","","","","","","","","","","","","","","","","","","","","","","","","","","","","","",""
"660.427996269","2026-08-01 15:22:12.254282","/home/sc28/SC-30/2_phase/phase1&2.py","log_msg","60","","","","Δalt(1s)=0.136 m (0/5)","","","","","","","","","","","","","","","","","","","","","","","","","","","","","","","","","","","","","","","","","",""
"661.439046555","2026-08-01 15:22:13.265287","/home/sc28/SC-30/2_phase/phase1&2.py","log_msg","60","","","","","","","","","","11.33615146714133","","","","","","","","","","","","","","","","","","","","","","","","","","","","","","","","","","","",""
"661.446980063","2026-08-01 15:22:13.273230","/home/sc28/SC-30/2_phase/phase1&2.py","log_msg","60","","","","Δalt(1s)=0.136 m (0/5)","","","","","","","","","","","","","","","","","","","","","","","","","","","","","","","","","","","","","","","","","",""
"662.452593101","2026-08-01 15:22:14.278833","/home/sc28/SC-30/2_phase/phase1&2.py","log_msg","60","","","","","","","","","","11.96513597122626","","","","","","","","","","","","","","","","","","","","","","","","","","","","","","","","","","","",""
"662.456595324","2026-08-01 15:22:14.282847","/home/sc28/SC-30/2_phase/phase1&2.py","log_msg","60","","","","Δalt(1s)=0.629 m (0/5)","","","","","","","","","","","","","","","","","","","","","","","","","","","","","","","","","","","","","","","","","",""
"663.465712236","2026-08-01 15:22:15.291950","/home/sc28/SC-30/2_phase/phase1&2.py","log_msg","60","","","","","","","","","","10.995455000695545","","","","","","","","","","","","","","","","","","","","","","","","","","","","","","","","","","","",""
"663.470642852","2026-08-01 15:22:15.296892","/home/sc28/SC-30/2_phase/phase1&2.py","log_msg","60","","","","Δalt(1s)=0.970 m (0/5)","","","","","","","","","","","","","","","","","","","","","","","","","","","","","","","","","","","","","","","","","",""
"664.47592899","2026-08-01 15:22:16.302167","/home/sc28/SC-30/2_phase/phase1&2.py","log_msg","60","","","","","","","","","","11.787159681876318","","","","","","","","","","","","","","","","","","","","","","","","","","","","","","","","","","","",""
"664.480182881","2026-08-01 15:22:16.306431","/home/sc28/SC-30/2_phase/phase1&2.py","log_msg","60","","","","Δalt(1s)=0.792 m (0/5)","","","","","","","","","","","","","","","","","","","","","","","","","","","","","","","","","","","","","","","","","",""
"665.485487498","2026-08-01 15:22:17.311727","/home/sc28/SC-30/2_phase/phase1&2.py","log_msg","60","","","","","","","","","","11.816681851672024","","","","","","","","","","","","","","","","","","","","","","","","","","","","","","","","","","","",""
"665.493040377","2026-08-01 15:22:17.319289","/home/sc28/SC-30/2_phase/phase1&2.py","log_msg","60","","","","Δalt(1s)=0.030 m (0/5)","","","","","","","","","","","","","","","","","","","","","","","","","","","","","","","","","","","","","","","","","",""
"666.505753329","2026-08-01 15:22:18.331995","/home/sc28/SC-30/2_phase/phase1&2.py","log_msg","60","","","","","","","","","","12.00638664819646","","","","","","","","","","","","","","","","","","","","","","","","","","","","","","","","","","","",""
"666.510698112","2026-08-01 15:22:18.336947","/home/sc28/SC-30/2_phase/phase1&2.py","log_msg","60","","","","Δalt(1s)=0.190 m (0/5)","","","","","","","","","","","","","","","","","","","","","","","","","","","","","","","","","","","","","","","","","",""
"667.516289688","2026-08-01 15:22:19.342529","/home/sc28/SC-30/2_phase/phase1&2.py","log_msg","60","","","","","","","","","","11.63874036362414","","","","","","","","","","","","","","","","","","","","","","","","","","","","","","","","","","","",""
"667.521202856","2026-08-01 15:22:19.347452","/home/sc28/SC-30/2_phase/phase1&2.py","log_msg","60","","","","Δalt(1s)=0.368 m (0/5)","","","","","","","","","","","","","","","","","","","","","","","","","","","","","","","","","","","","","","","","","",""
"668.526564316","2026-08-01 15:22:20.352803","/home/sc28/SC-30/2_phase/phase1&2.py","log_msg","60","","","","","","","","","","11.870633360028837","","","","","","","","","","","","","","","","","","","","","","","","","","","","","","","","","","","",""
"668.534144955","2026-08-01 15:22:20.360394","/home/sc28/SC-30/2_phase/phase1&2.py","log_msg","60","","","","Δalt(1s)=0.232 m (0/5)","","","","","","","","","","","","","","","","","","","","","","","","","","","","","","","","","","","","","","","","","",""
"669.541759341","2026-08-01 15:22:21.367998","/home/sc28/SC-30/2_phase/phase1&2.py","log_msg","60","","","","","","","","","","11.774494380998474","","","","","","","","","","","","","","","","","","","","","","","","","","","","","","","","","","","",""
"669.546390162","2026-08-01 15:22:21.372642","/home/sc28/SC-30/2_phase/phase1&2.py","log_msg","60","","","","Δalt(1s)=0.096 m (0/5)","","","","","","","","","","","","","","","","","","","","","","","","","","","","","","","","","","","","","","","","","",""
"670.555442884","2026-08-01 15:22:22.381683","/home/sc28/SC-30/2_phase/phase1&2.py","log_msg","60","","","","","","","","","","11.611765681027308","","","","","","","","","","","","","","","","","","","","","","","","","","","","","","","","","","","",""
"670.56314493","2026-08-01 15:22:22.389397","/home/sc28/SC-30/2_phase/phase1&2.py","log_msg","60","","","","Δalt(1s)=0.163 m (0/5)","","","","","","","","","","","","","","","","","","","","","","","","","","","","","","","","","","","","","","","","","",""
"671.568971155","2026-08-01 15:22:23.395211","/home/sc28/SC-30/2_phase/phase1&2.py","log_msg","60","","","","","","","","","","11.774494380998474","","","","","","","","","","","","","","","","","","","","","","","","","","","","","","","","","","","",""
"671.591529164","2026-08-01 15:22:23.417783","/home/sc28/SC-30/2_phase/phase1&2.py","log_msg","60","","","","Δalt(1s)=0.163 m (0/5)","","","","","","","","","","","","","","","","","","","","","","","","","","","","","","","","","","","","","","","","","",""
"672.608641883","2026-08-01 15:22:24.434882","/home/sc28/SC-30/2_phase/phase1&2.py","log_msg","60","","","","","","","","","","11.572144512630109","","","","","","","","","","","","","","","","","","","","","","","","","","","","","","","","","","","",""
"672.617625503","2026-08-01 15:22:24.443874","/home/sc28/SC-30/2_phase/phase1&2.py","log_msg","60","","","","Δalt(1s)=0.202 m (0/5)","","","","","","","","","","","","","","","","","","","","","","","","","","","","","","","","","","","","","","","","","",""
"673.623310456","2026-08-01 15:22:25.449552","/home/sc28/SC-30/2_phase/phase1&2.py","log_msg","60","","","","","","","","","","11.804037866752813","","","","","","","","","","","","","","","","","","","","","","","","","","","","","","","","","","","",""
"673.631155941","2026-08-01 15:22:25.457408","/home/sc28/SC-30/2_phase/phase1&2.py","log_msg","60","","","","Δalt(1s)=0.232 m (0/5)","","","","","","","","","","","","","","","","","","","","","","","","","","","","","","","","","","","","","","","","","",""
"674.636903959","2026-08-01 15:22:26.463144","/home/sc28/SC-30/2_phase/phase1&2.py","log_msg","60","","","","","","","","","","11.707897913576623","","","","","","","","","","","","","","","","","","","","","","","","","","","","","","","","","","","",""
"674.642901042","2026-08-01 15:22:26.469149","/home/sc28/SC-30/2_phase/phase1&2.py","log_msg","60","","","","Δalt(1s)=0.096 m (0/5)","","","","","","","","","","","","","","","","","","","","","","","","","","","","","","","","","","","","","","","","","",""
"675.648589258","2026-08-01 15:22:27.474830","/home/sc28/SC-30/2_phase/phase1&2.py","log_msg","60","","","","","","","","","","11.50298760284241","","","","","","","","","","","","","","","","","","","","","","","","","","","","","","","","","","","",""
"675.653191277","2026-08-01 15:22:27.479440","/home/sc28/SC-30/2_phase/phase1&2.py","log_msg","60","","","","Δalt(1s)=0.205 m (0/5)","","","","","","","","","","","","","","","","","","","","","","","","","","","","","","","","","","","","","","","","","",""
"676.658517709","2026-08-01 15:22:28.484759","/home/sc28/SC-30/2_phase/phase1&2.py","log_msg","60","","","","","","","","","","11.90018554093976","","","","","","","","","","","","","","","","","","","","","","","","","","","","","","","","","","","",""
"676.666170744","2026-08-01 15:22:28.492420","/home/sc28/SC-30/2_phase/phase1&2.py","log_msg","60","","","","Δalt(1s)=0.397 m (0/5)","","","","","","","","","","","","","","","","","","","","","","","","","","","","","","","","","","","","","","","","","",""
"677.673624634","2026-08-01 15:22:29.499866","/home/sc28/SC-30/2_phase/phase1&2.py","log_msg","60","","","","","","","","","","11.92718642169173","","","","","","","","","","","","","","","","","","","","","","","","","","","","","","","","","","","",""
"677.682414918","2026-08-01 15:22:29.508666","/home/sc28/SC-30/2_phase/phase1&2.py","log_msg","60","","","","Δalt(1s)=0.027 m (0/5)","","","","","","","","","","","","","","","","","","","","","","","","","","","","","","","","","","","","","","","","","",""
"678.692832158","2026-08-01 15:22:30.519070","/home/sc28/SC-30/2_phase/phase1&2.py","log_msg","60","","","","","","","","","","12.159096624365663","","","","","","","","","","","","","","","","","","","","","","","","","","","","","","","","","","","",""
"678.696887609","2026-08-01 15:22:30.523144","/home/sc28/SC-30/2_phase/phase1&2.py","log_msg","60","","","","Δalt(1s)=0.232 m (0/5)","","","","","","","","","","","","","","","","","","","","","","","","","","","","","","","","","","","","","","","","","",""
"679.705887744","2026-08-01 15:22:31.532127","/home/sc28/SC-30/2_phase/phase1&2.py","log_msg","60","","","","","","","","","","12.159096624365663","","","","","","","","","","","","","","","","","","","","","","","","","","","","","","","","","","","",""
"679.710094864","2026-08-01 15:22:31.536346","/home/sc28/SC-30/2_phase/phase1&2.py","log_msg","60","","","","Δalt(1s)=0.000 m (0/5)","","","","","","","","","","","","","","","","","","","","","","","","","","","","","","","","","","","","","","","","","",""
"679.713819532","2026-08-01 15:22:31.540075","/home/sc28/SC-30/2_phase/phase1&2.py","log_msg","60","","","FALL timeout reached, forced separation","","","","","","","","","","","","","","","","","","","","","","","","","","","","","","","","","","","","","","","","","","",""
"679.717903577","2026-08-01 15:22:31.544176","/home/sc28/SC-30/2_phase/phase1&2.py","log_msg","60","","","","start nichrome wire","","","","","","","","","","","","","","","","","","","","","","","","","","","","","","","","","","","","","","","","","",""
"694.722090957","2026-08-01 15:22:46.548345","/home/sc28/SC-30/2_phase/phase1&2.py","log_msg","60","","","","finish nichrome wire","","","","","","","","","","","","","","","","","","","","","","","","","","","","","","","","","","","","","","","","","",""
"694.833650294","2026-08-01 15:22:46.659902","/home/sc28/SC-30/2_phase/phase1&2.py","log_msg","60","","","","phase=3 reached, exiting loop","","","","","","","","","","","","","","","","","","","","","","","","","","","","","","","","","","","","","","","","","",""
"694.843071104","2026-08-01 15:22:46.669339","/home/sc28/SC-30/2_phase/phase1&2.py","log_msg","60","","","","Shutting down...","","","","","","","","","","","","","","","","","","","","","","","","","","","","","","","","","","","","","","","","","",""
"694.87166015","2026-08-01 15:22:46.697927","/home/sc28/SC-30/2_phase/phase1&2.py","log_msg","60","","","","Done. Good job.","","","","","","","","","","","","","","","","","","","","","","","","","","","","","","","","","","","","","","","","","",""
