time,date,file,func,line,serious_error,error,warning,msg,format_exception,phase,gnss_time,lat,lon,alt,alt_base_press,goal_lat,goal_lon,temp,press,camera_area,camera_order,camera_center_x,camera_center_y,camera_frame_size_x,camera_frame_size_y,motor_l,motor_r,goal_relative_x,goal_relative_y,goal_relative_angle_rad,goal_distance,accel_all_x,accel_all_y,accel_all_z,accel_line_x,accel_line_y,accel_line_z,mag_x,mag_y,mag_z,gyro_x,gyro_y,gyro_z,grav_x,grav_y,grav_z,euler_x,euler_y,euler_z,nmea
"340.81921549","2026-05-12 20:55:34.232240","/home/sc28/SC-28/1_definition/SC-28/camera.py","capture_and_detect","263","","","","","","","","","","","","","","","","","1","","","","","","","","","","","","","","","","","","","","","","","","","","","","",""
"340.828504029","2026-05-12 20:55:34.240211","/home/sc28/SC-28/1_definition/SC-28/camera.py","capture_and_detect","264","","","","","","","","","","","","","","","","1520.0","","","","","","","","","","","","","","","","","","","","","","","","","","","","","",""
"340.832838872","2026-05-12 20:55:34.244549","/home/sc28/SC-28/1_definition/SC-28/camera.py","capture_and_detect","265","","","","","","","","","","","","","","","","","","303","260","","","","","","","","","","","","","","","","","","","","","","","","","","",""
"340.835712881","2026-05-12 20:55:34.247417","/home/sc28/SC-28/1_definition/SC-28/camera.py","capture_and_detect","266","","","","","","","","","","","","","","","","","","","","640","480","","","","","","","","","","","","","","","","","","","","","","","","",""
"342.219009876","2026-05-12 20:55:35.630720","/home/sc28/SC-28/1_definition/SC-28/camera.py","capture_and_detect","263","","","","","","","","","","","","","","","","","1","","","","","","","","","","","","","","","","","","","","","","","","","","","","",""
"342.22810253","2026-05-12 20:55:35.639811","/home/sc28/SC-28/1_definition/SC-28/camera.py","capture_and_detect","264","","","","","","","","","","","","","","","","1905.0","","","","","","","","","","","","","","","","","","","","","","","","","","","","","",""
"342.231214769","2026-05-12 20:55:35.642924","/home/sc28/SC-28/1_definition/SC-28/camera.py","capture_and_detect","265","","","","","","","","","","","","","","","","","","302","264","","","","","","","","","","","","","","","","","","","","","","","","","","",""
"342.234160029","2026-05-12 20:55:35.645868","/home/sc28/SC-28/1_definition/SC-28/camera.py","capture_and_detect","266","","","","","","","","","","","","","","","","","","","","640","480","","","","","","","","","","","","","","","","","","","","","","","","",""
"342.341977762","2026-05-12 20:55:35.753683","/home/sc28/SC-28/1_definition/SC-28/camera.py","capture_and_detect","263","","","","","","","","","","","","","","","","","1","","","","","","","","","","","","","","","","","","","","","","","","","","","","",""
"342.351376562","2026-05-12 20:55:35.763083","/home/sc28/SC-28/1_definition/SC-28/camera.py","capture_and_detect","264","","","","","","","","","","","","","","","","1873.0","","","","","","","","","","","","","","","","","","","","","","","","","","","","","",""
"342.354717655","2026-05-12 20:55:35.766431","/home/sc28/SC-28/1_definition/SC-28/camera.py","capture_and_detect","265","","","","","","","","","","","","","","","","","","303","263","","","","","","","","","","","","","","","","","","","","","","","","","","",""
"342.358001091","2026-05-12 20:55:35.769716","/home/sc28/SC-28/1_definition/SC-28/camera.py","capture_and_detect","266","","","","","","","","","","","","","","","","","","","","640","480","","","","","","","","","","","","","","","","","","","","","","","","",""
"342.440444977","2026-05-12 20:55:35.852155","/home/sc28/SC-28/1_definition/SC-28/camera.py","capture_and_detect","263","","","","","","","","","","","","","","","","","1","","","","","","","","","","","","","","","","","","","","","","","","","","","","",""
"342.444484559","2026-05-12 20:55:35.856183","/home/sc28/SC-28/1_definition/SC-28/camera.py","capture_and_detect","264","","","","","","","","","","","","","","","","1896.5","","","","","","","","","","","","","","","","","","","","","","","","","","","","","",""
"342.452178724","2026-05-12 20:55:35.863890","/home/sc28/SC-28/1_definition/SC-28/camera.py","capture_and_detect","265","","","","","","","","","","","","","","","","","","303","265","","","","","","","","","","","","","","","","","","","","","","","","","","",""
"342.455546692","2026-05-12 20:55:35.867252","/home/sc28/SC-28/1_definition/SC-28/camera.py","capture_and_detect","266","","","","","","","","","","","","","","","","","","","","640","480","","","","","","","","","","","","","","","","","","","","","","","","",""
"357.165594774","2026-05-12 20:55:50.577311","/home/sc28/SC-28/1_definition/SC-28/camera.py","capture_and_detect","263","","","","","","","","","","","","","","","","","1","","","","","","","","","","","","","","","","","","","","","","","","","","","","",""
"357.169304669","2026-05-12 20:55:50.581008","/home/sc28/SC-28/1_definition/SC-28/camera.py","capture_and_detect","264","","","","","","","","","","","","","","","","1880.0","","","","","","","","","","","","","","","","","","","","","","","","","","","","","",""
"357.175667272","2026-05-12 20:55:50.587375","/home/sc28/SC-28/1_definition/SC-28/camera.py","capture_and_detect","265","","","","","","","","","","","","","","","","","","303","263","","","","","","","","","","","","","","","","","","","","","","","","","","",""
"357.17901451","2026-05-12 20:55:50.590731","/home/sc28/SC-28/1_definition/SC-28/camera.py","capture_and_detect","266","","","","","","","","","","","","","","","","","","","","640","480","","","","","","","","","","","","","","","","","","","","","","","","",""
"357.44364059","2026-05-12 20:55:50.855346","/home/sc28/SC-28/1_definition/SC-28/camera.py","capture_and_detect","263","","","","","","","","","","","","","","","","","1","","","","","","","","","","","","","","","","","","","","","","","","","","","","",""
"357.448400953","2026-05-12 20:55:50.860106","/home/sc28/SC-28/1_definition/SC-28/camera.py","capture_and_detect","264","","","","","","","","","","","","","","","","1886.0","","","","","","","","","","","","","","","","","","","","","","","","","","","","","",""
"357.451278401","2026-05-12 20:55:50.862985","/home/sc28/SC-28/1_definition/SC-28/camera.py","capture_and_detect","265","","","","","","","","","","","","","","","","","","303","263","","","","","","","","","","","","","","","","","","","","","","","","","","",""
"357.457403087","2026-05-12 20:55:50.869108","/home/sc28/SC-28/1_definition/SC-28/camera.py","capture_and_detect","266","","","","","","","","","","","","","","","","","","","","640","480","","","","","","","","","","","","","","","","","","","","","","","","",""
"357.535793171","2026-05-12 20:55:50.947507","/home/sc28/SC-28/1_definition/SC-28/camera.py","capture_and_detect","263","","","","","","","","","","","","","","","","","1","","","","","","","","","","","","","","","","","","","","","","","","","","","","",""
"357.542399159","2026-05-12 20:55:50.954117","/home/sc28/SC-28/1_definition/SC-28/camera.py","capture_and_detect","264","","","","","","","","","","","","","","","","1856.0","","","","","","","","","","","","","","","","","","","","","","","","","","","","","",""
"357.549527855","2026-05-12 20:55:50.961243","/home/sc28/SC-28/1_definition/SC-28/camera.py","capture_and_detect","265","","","","","","","","","","","","","","","","","","303","263","","","","","","","","","","","","","","","","","","","","","","","","","","",""
"357.552764886","2026-05-12 20:55:50.964478","/home/sc28/SC-28/1_definition/SC-28/camera.py","capture_and_detect","266","","","","","","","","","","","","","","","","","","","","640","480","","","","","","","","","","","","","","","","","","","","","","","","",""
"357.640384916","2026-05-12 20:55:51.052140","/home/sc28/SC-28/1_definition/SC-28/camera.py","capture_and_detect","263","","","","","","","","","","","","","","","","","1","","","","","","","","","","","","","","","","","","","","","","","","","","","","",""
"357.647600227","2026-05-12 20:55:51.059301","/home/sc28/SC-28/1_definition/SC-28/camera.py","capture_and_detect","264","","","","","","","","","","","","","","","","1874.5","","","","","","","","","","","","","","","","","","","","","","","","","","","","","",""
"357.651585486","2026-05-12 20:55:51.063299","/home/sc28/SC-28/1_definition/SC-28/camera.py","capture_and_detect","265","","","","","","","","","","","","","","","","","","303","263","","","","","","","","","","","","","","","","","","","","","","","","","","",""
"357.654827204","2026-05-12 20:55:51.066539","/home/sc28/SC-28/1_definition/SC-28/camera.py","capture_and_detect","266","","","","","","","","","","","","","","","","","","","","640","480","","","","","","","","","","","","","","","","","","","","","","","","",""
"357.733431195","2026-05-12 20:55:51.145136","/home/sc28/SC-28/1_definition/SC-28/camera.py","capture_and_detect","263","","","","","","","","","","","","","","","","","1","","","","","","","","","","","","","","","","","","","","","","","","","","","","",""
"357.736639788","2026-05-12 20:55:51.148336","/home/sc28/SC-28/1_definition/SC-28/camera.py","capture_and_detect","264","","","","","","","","","","","","","","","","1892.5","","","","","","","","","","","","","","","","","","","","","","","","","","","","","",""
"357.739401558","2026-05-12 20:55:51.151103","/home/sc28/SC-28/1_definition/SC-28/camera.py","capture_and_detect","265","","","","","","","","","","","","","","","","","","303","263","","","","","","","","","","","","","","","","","","","","","","","","","","",""
"357.745686348","2026-05-12 20:55:51.157392","/home/sc28/SC-28/1_definition/SC-28/camera.py","capture_and_detect","266","","","","","","","","","","","","","","","","","","","","640","480","","","","","","","","","","","","","","","","","","","","","","","","",""
"364.112240906","2026-05-12 20:55:57.523954","/home/sc28/SC-28/1_definition/SC-28/camera.py","capture_and_detect","263","","","","","","","","","","","","","","","","","1","","","","","","","","","","","","","","","","","","","","","","","","","","","","",""
"364.118938717","2026-05-12 20:55:57.530635","/home/sc28/SC-28/1_definition/SC-28/camera.py","capture_and_detect","264","","","","","","","","","","","","","","","","1637.5","","","","","","","","","","","","","","","","","","","","","","","","","","","","","",""
"364.122020331","2026-05-12 20:55:57.533727","/home/sc28/SC-28/1_definition/SC-28/camera.py","capture_and_detect","265","","","","","","","","","","","","","","","","","","303","264","","","","","","","","","","","","","","","","","","","","","","","","","","",""
"364.12491533","2026-05-12 20:55:57.536621","/home/sc28/SC-28/1_definition/SC-28/camera.py","capture_and_detect","266","","","","","","","","","","","","","","","","","","","","640","480","","","","","","","","","","","","","","","","","","","","","","","","",""
"364.213745204","2026-05-12 20:55:57.625460","/home/sc28/SC-28/1_definition/SC-28/camera.py","capture_and_detect","263","","","","","","","","","","","","","","","","","1","","","","","","","","","","","","","","","","","","","","","","","","","","","","",""
"364.225906398","2026-05-12 20:55:57.637605","/home/sc28/SC-28/1_definition/SC-28/camera.py","capture_and_detect","264","","","","","","","","","","","","","","","","1894.5","","","","","","","","","","","","","","","","","","","","","","","","","","","","","",""
"364.232702907","2026-05-12 20:55:57.644416","/home/sc28/SC-28/1_definition/SC-28/camera.py","capture_and_detect","265","","","","","","","","","","","","","","","","","","302","264","","","","","","","","","","","","","","","","","","","","","","","","","","",""
"364.235868167","2026-05-12 20:55:57.647581","/home/sc28/SC-28/1_definition/SC-28/camera.py","capture_and_detect","266","","","","","","","","","","","","","","","","","","","","640","480","","","","","","","","","","","","","","","","","","","","","","","","",""
"364.314704085","2026-05-12 20:55:57.726412","/home/sc28/SC-28/1_definition/SC-28/camera.py","capture_and_detect","263","","","","","","","","","","","","","","","","","1","","","","","","","","","","","","","","","","","","","","","","","","","","","","",""
"364.319238354","2026-05-12 20:55:57.730946","/home/sc28/SC-28/1_definition/SC-28/camera.py","capture_and_detect","264","","","","","","","","","","","","","","","","1881.0","","","","","","","","","","","","","","","","","","","","","","","","","","","","","",""
"364.322859499","2026-05-12 20:55:57.734573","/home/sc28/SC-28/1_definition/SC-28/camera.py","capture_and_detect","265","","","","","","","","","","","","","","","","","","303","264","","","","","","","","","","","","","","","","","","","","","","","","","","",""
"364.329499029","2026-05-12 20:55:57.741212","/home/sc28/SC-28/1_definition/SC-28/camera.py","capture_and_detect","266","","","","","","","","","","","","","","","","","","","","640","480","","","","","","","","","","","","","","","","","","","","","","","","",""
"364.411681144","2026-05-12 20:55:57.823390","/home/sc28/SC-28/1_definition/SC-28/camera.py","capture_and_detect","263","","","","","","","","","","","","","","","","","1","","","","","","","","","","","","","","","","","","","","","","","","","","","","",""
"364.415215101","2026-05-12 20:55:57.826915","/home/sc28/SC-28/1_definition/SC-28/camera.py","capture_and_detect","264","","","","","","","","","","","","","","","","1848.5","","","","","","","","","","","","","","","","","","","","","","","","","","","","","",""
"364.418537444","2026-05-12 20:55:57.830249","/home/sc28/SC-28/1_definition/SC-28/camera.py","capture_and_detect","265","","","","","","","","","","","","","","","","","","303","262","","","","","","","","","","","","","","","","","","","","","","","","","","",""
"364.421770412","2026-05-12 20:55:57.833485","/home/sc28/SC-28/1_definition/SC-28/camera.py","capture_and_detect","266","","","","","","","","","","","","","","","","","","","","640","480","","","","","","","","","","","","","","","","","","","","","","","","",""
"364.495146383","2026-05-12 20:55:57.906854","/home/sc28/SC-28/1_definition/SC-28/camera.py","capture_and_detect","263","","","","","","","","","","","","","","","","","1","","","","","","","","","","","","","","","","","","","","","","","","","","","","",""
"364.502823413","2026-05-12 20:55:57.914537","/home/sc28/SC-28/1_definition/SC-28/camera.py","capture_and_detect","264","","","","","","","","","","","","","","","","1872.5","","","","","","","","","","","","","","","","","","","","","","","","","","","","","",""
"364.507906745","2026-05-12 20:55:57.919626","/home/sc28/SC-28/1_definition/SC-28/camera.py","capture_and_detect","265","","","","","","","","","","","","","","","","","","303","263","","","","","","","","","","","","","","","","","","","","","","","","","","",""
"364.514509347","2026-05-12 20:55:57.926223","/home/sc28/SC-28/1_definition/SC-28/camera.py","capture_and_detect","266","","","","","","","","","","","","","","","","","","","","640","480","","","","","","","","","","","","","","","","","","","","","","","","",""
"370.9336565","2026-05-12 20:56:04.345360","/home/sc28/SC-28/1_definition/SC-28/camera.py","capture_and_detect","263","","","","","","","","","","","","","","","","","1","","","","","","","","","","","","","","","","","","","","","","","","","","","","",""
"370.937042645","2026-05-12 20:56:04.348742","/home/sc28/SC-28/1_definition/SC-28/camera.py","capture_and_detect","264","","","","","","","","","","","","","","","","1851.5","","","","","","","","","","","","","","","","","","","","","","","","","","","","","",""
"370.939845666","2026-05-12 20:56:04.351548","/home/sc28/SC-28/1_definition/SC-28/camera.py","capture_and_detect","265","","","","","","","","","","","","","","","","","","303","261","","","","","","","","","","","","","","","","","","","","","","","","","","",""
"370.947438112","2026-05-12 20:56:04.359150","/home/sc28/SC-28/1_definition/SC-28/camera.py","capture_and_detect","266","","","","","","","","","","","","","","","","","","","","640","480","","","","","","","","","","","","","","","","","","","","","","","","",""
"371.038260172","2026-05-12 20:56:04.449968","/home/sc28/SC-28/1_definition/SC-28/camera.py","capture_and_detect","263","","","","","","","","","","","","","","","","","1","","","","","","","","","","","","","","","","","","","","","","","","","","","","",""
"371.045961941","2026-05-12 20:56:04.457662","/home/sc28/SC-28/1_definition/SC-28/camera.py","capture_and_detect","264","","","","","","","","","","","","","","","","1864.5","","","","","","","","","","","","","","","","","","","","","","","","","","","","","",""
"371.049546888","2026-05-12 20:56:04.461260","/home/sc28/SC-28/1_definition/SC-28/camera.py","capture_and_detect","265","","","","","","","","","","","","","","","","","","303","262","","","","","","","","","","","","","","","","","","","","","","","","","","",""
"371.052742617","2026-05-12 20:56:04.464456","/home/sc28/SC-28/1_definition/SC-28/camera.py","capture_and_detect","266","","","","","","","","","","","","","","","","","","","","640","480","","","","","","","","","","","","","","","","","","","","","","","","",""
"371.139342231","2026-05-12 20:56:04.551051","/home/sc28/SC-28/1_definition/SC-28/camera.py","capture_and_detect","263","","","","","","","","","","","","","","","","","1","","","","","","","","","","","","","","","","","","","","","","","","","","","","",""
"371.143039313","2026-05-12 20:56:04.554739","/home/sc28/SC-28/1_definition/SC-28/camera.py","capture_and_detect","264","","","","","","","","","","","","","","","","1630.5","","","","","","","","","","","","","","","","","","","","","","","","","","","","","",""
"371.146151135","2026-05-12 20:56:04.557864","/home/sc28/SC-28/1_definition/SC-28/camera.py","capture_and_detect","265","","","","","","","","","","","","","","","","","","302","264","","","","","","","","","","","","","","","","","","","","","","","","","","",""
"371.149396447","2026-05-12 20:56:04.561111","/home/sc28/SC-28/1_definition/SC-28/camera.py","capture_and_detect","266","","","","","","","","","","","","","","","","","","","","640","480","","","","","","","","","","","","","","","","","","","","","","","","",""
"371.230712","2026-05-12 20:56:04.642418","/home/sc28/SC-28/1_definition/SC-28/camera.py","capture_and_detect","263","","","","","","","","","","","","","","","","","1","","","","","","","","","","","","","","","","","","","","","","","","","","","","",""
"371.234382415","2026-05-12 20:56:04.646087","/home/sc28/SC-28/1_definition/SC-28/camera.py","capture_and_detect","264","","","","","","","","","","","","","","","","1850.0","","","","","","","","","","","","","","","","","","","","","","","","","","","","","",""
"371.241821007","2026-05-12 20:56:04.653533","/home/sc28/SC-28/1_definition/SC-28/camera.py","capture_and_detect","265","","","","","","","","","","","","","","","","","","303","261","","","","","","","","","","","","","","","","","","","","","","","","","","",""
"371.244818298","2026-05-12 20:56:04.656525","/home/sc28/SC-28/1_definition/SC-28/camera.py","capture_and_detect","266","","","","","","","","","","","","","","","","","","","","640","480","","","","","","","","","","","","","","","","","","","","","","","","",""
"371.321761508","2026-05-12 20:56:04.733471","/home/sc28/SC-28/1_definition/SC-28/camera.py","capture_and_detect","263","","","","","","","","","","","","","","","","","1","","","","","","","","","","","","","","","","","","","","","","","","","","","","",""
"371.32620208","2026-05-12 20:56:04.737905","/home/sc28/SC-28/1_definition/SC-28/camera.py","capture_and_detect","264","","","","","","","","","","","","","","","","1888.0","","","","","","","","","","","","","","","","","","","","","","","","","","","","","",""
"371.329148017","2026-05-12 20:56:04.740854","/home/sc28/SC-28/1_definition/SC-28/camera.py","capture_and_detect","265","","","","","","","","","","","","","","","","","","303","264","","","","","","","","","","","","","","","","","","","","","","","","","","",""
"371.332170099","2026-05-12 20:56:04.743878","/home/sc28/SC-28/1_definition/SC-28/camera.py","capture_and_detect","266","","","","","","","","","","","","","","","","","","","","640","480","","","","","","","","","","","","","","","","","","","","","","","","",""
"377.705809402","2026-05-12 20:56:11.117513","/home/sc28/SC-28/1_definition/SC-28/camera.py","capture_and_detect","263","","","","","","","","","","","","","","","","","1","","","","","","","","","","","","","","","","","","","","","","","","","","","","",""
"377.710915026","2026-05-12 20:56:11.122625","/home/sc28/SC-28/1_definition/SC-28/camera.py","capture_and_detect","264","","","","","","","","","","","","","","","","1880.0","","","","","","","","","","","","","","","","","","","","","","","","","","","","","",""
"377.715597733","2026-05-12 20:56:11.127307","/home/sc28/SC-28/1_definition/SC-28/camera.py","capture_and_detect","265","","","","","","","","","","","","","","","","","","303","263","","","","","","","","","","","","","","","","","","","","","","","","","","",""
"377.722148773","2026-05-12 20:56:11.133859","/home/sc28/SC-28/1_definition/SC-28/camera.py","capture_and_detect","266","","","","","","","","","","","","","","","","","","","","640","480","","","","","","","","","","","","","","","","","","","","","","","","",""
"377.826248851","2026-05-12 20:56:11.237956","/home/sc28/SC-28/1_definition/SC-28/camera.py","capture_and_detect","263","","","","","","","","","","","","","","","","","1","","","","","","","","","","","","","","","","","","","","","","","","","","","","",""
"377.830789215","2026-05-12 20:56:11.242495","/home/sc28/SC-28/1_definition/SC-28/camera.py","capture_and_detect","264","","","","","","","","","","","","","","","","1855.0","","","","","","","","","","","","","","","","","","","","","","","","","","","","","",""
"377.834136922","2026-05-12 20:56:11.245851","/home/sc28/SC-28/1_definition/SC-28/camera.py","capture_and_detect","265","","","","","","","","","","","","","","","","","","303","263","","","","","","","","","","","","","","","","","","","","","","","","","","",""
"377.837401661","2026-05-12 20:56:11.249116","/home/sc28/SC-28/1_definition/SC-28/camera.py","capture_and_detect","266","","","","","","","","","","","","","","","","","","","","640","480","","","","","","","","","","","","","","","","","","","","","","","","",""
"377.925975025","2026-05-12 20:56:11.337681","/home/sc28/SC-28/1_definition/SC-28/camera.py","capture_and_detect","263","","","","","","","","","","","","","","","","","1","","","","","","","","","","","","","","","","","","","","","","","","","","","","",""
"377.929491222","2026-05-12 20:56:11.341196","/home/sc28/SC-28/1_definition/SC-28/camera.py","capture_and_detect","264","","","","","","","","","","","","","","","","1875.0","","","","","","","","","","","","","","","","","","","","","","","","","","","","","",""
"377.932590179","2026-05-12 20:56:11.344304","/home/sc28/SC-28/1_definition/SC-28/camera.py","capture_and_detect","265","","","","","","","","","","","","","","","","","","302","263","","","","","","","","","","","","","","","","","","","","","","","","","","",""
"377.937000543","2026-05-12 20:56:11.348712","/home/sc28/SC-28/1_definition/SC-28/camera.py","capture_and_detect","266","","","","","","","","","","","","","","","","","","","","640","480","","","","","","","","","","","","","","","","","","","","","","","","",""
"378.017514481","2026-05-12 20:56:11.429221","/home/sc28/SC-28/1_definition/SC-28/camera.py","capture_and_detect","263","","","","","","","","","","","","","","","","","1","","","","","","","","","","","","","","","","","","","","","","","","","","","","",""
"378.020900834","2026-05-12 20:56:11.432598","/home/sc28/SC-28/1_definition/SC-28/camera.py","capture_and_detect","264","","","","","","","","","","","","","","","","1871.5","","","","","","","","","","","","","","","","","","","","","","","","","","","","","",""
"378.027363593","2026-05-12 20:56:11.439074","/home/sc28/SC-28/1_definition/SC-28/camera.py","capture_and_detect","265","","","","","","","","","","","","","","","","","","302","263","","","","","","","","","","","","","","","","","","","","","","","","","","",""
"378.03025677","2026-05-12 20:56:11.441964","/home/sc28/SC-28/1_definition/SC-28/camera.py","capture_and_detect","266","","","","","","","","","","","","","","","","","","","","640","480","","","","","","","","","","","","","","","","","","","","","","","","",""
"378.104654199","2026-05-12 20:56:11.516373","/home/sc28/SC-28/1_definition/SC-28/camera.py","capture_and_detect","263","","","","","","","","","","","","","","","","","1","","","","","","","","","","","","","","","","","","","","","","","","","","","","",""
"378.108470761","2026-05-12 20:56:11.520175","/home/sc28/SC-28/1_definition/SC-28/camera.py","capture_and_detect","264","","","","","","","","","","","","","","","","1857.5","","","","","","","","","","","","","","","","","","","","","","","","","","","","","",""
"378.11644128","2026-05-12 20:56:11.528156","/home/sc28/SC-28/1_definition/SC-28/camera.py","capture_and_detect","265","","","","","","","","","","","","","","","","","","303","262","","","","","","","","","","","","","","","","","","","","","","","","","","",""
"378.120202216","2026-05-12 20:56:11.531913","/home/sc28/SC-28/1_definition/SC-28/camera.py","capture_and_detect","266","","","","","","","","","","","","","","","","","","","","640","480","","","","","","","","","","","","","","","","","","","","","","","","",""
"384.467055278","2026-05-12 20:56:17.878767","/home/sc28/SC-28/1_definition/SC-28/camera.py","capture_and_detect","263","","","","","","","","","","","","","","","","","1","","","","","","","","","","","","","","","","","","","","","","","","","","","","",""
"384.471872048","2026-05-12 20:56:17.883582","/home/sc28/SC-28/1_definition/SC-28/camera.py","capture_and_detect","264","","","","","","","","","","","","","","","","1852.0","","","","","","","","","","","","","","","","","","","","","","","","","","","","","",""
"384.475262359","2026-05-12 20:56:17.886973","/home/sc28/SC-28/1_definition/SC-28/camera.py","capture_and_detect","265","","","","","","","","","","","","","","","","","","303","262","","","","","","","","","","","","","","","","","","","","","","","","","","",""
"384.482408764","2026-05-12 20:56:17.894117","/home/sc28/SC-28/1_definition/SC-28/camera.py","capture_and_detect","266","","","","","","","","","","","","","","","","","","","","640","480","","","","","","","","","","","","","","","","","","","","","","","","",""
"384.573678793","2026-05-12 20:56:17.985392","/home/sc28/SC-28/1_definition/SC-28/camera.py","capture_and_detect","263","","","","","","","","","","","","","","","","","1","","","","","","","","","","","","","","","","","","","","","","","","","","","","",""
"384.579601969","2026-05-12 20:56:17.991311","/home/sc28/SC-28/1_definition/SC-28/camera.py","capture_and_detect","264","","","","","","","","","","","","","","","","1886.0","","","","","","","","","","","","","","","","","","","","","","","","","","","","","",""
"384.583722385","2026-05-12 20:56:17.995439","/home/sc28/SC-28/1_definition/SC-28/camera.py","capture_and_detect","265","","","","","","","","","","","","","","","","","","303","263","","","","","","","","","","","","","","","","","","","","","","","","","","",""
"384.586904103","2026-05-12 20:56:17.998620","/home/sc28/SC-28/1_definition/SC-28/camera.py","capture_and_detect","266","","","","","","","","","","","","","","","","","","","","640","480","","","","","","","","","","","","","","","","","","","","","","","","",""
"384.681346944","2026-05-12 20:56:18.093054","/home/sc28/SC-28/1_definition/SC-28/camera.py","capture_and_detect","263","","","","","","","","","","","","","","","","","1","","","","","","","","","","","","","","","","","","","","","","","","","","","","",""
"384.685035849","2026-05-12 20:56:18.096743","/home/sc28/SC-28/1_definition/SC-28/camera.py","capture_and_detect","264","","","","","","","","","","","","","","","","1905.0","","","","","","","","","","","","","","","","","","","","","","","","","","","","","",""
"384.688263505","2026-05-12 20:56:18.099976","/home/sc28/SC-28/1_definition/SC-28/camera.py","capture_and_detect","265","","","","","","","","","","","","","","","","","","303","264","","","","","","","","","","","","","","","","","","","","","","","","","","",""
"384.691525691","2026-05-12 20:56:18.103239","/home/sc28/SC-28/1_definition/SC-28/camera.py","capture_and_detect","266","","","","","","","","","","","","","","","","","","","","640","480","","","","","","","","","","","","","","","","","","","","","","","","",""
"384.776493431","2026-05-12 20:56:18.188202","/home/sc28/SC-28/1_definition/SC-28/camera.py","capture_and_detect","263","","","","","","","","","","","","","","","","","1","","","","","","","","","","","","","","","","","","","","","","","","","","","","",""
"384.783669627","2026-05-12 20:56:18.195377","/home/sc28/SC-28/1_definition/SC-28/camera.py","capture_and_detect","264","","","","","","","","","","","","","","","","1888.0","","","","","","","","","","","","","","","","","","","","","","","","","","","","","",""
"384.786825147","2026-05-12 20:56:18.198537","/home/sc28/SC-28/1_definition/SC-28/camera.py","capture_and_detect","265","","","","","","","","","","","","","","","","","","303","264","","","","","","","","","","","","","","","","","","","","","","","","","","",""
"384.790093115","2026-05-12 20:56:18.201807","/home/sc28/SC-28/1_definition/SC-28/camera.py","capture_and_detect","266","","","","","","","","","","","","","","","","","","","","640","480","","","","","","","","","","","","","","","","","","","","","","","","",""
"384.864147471","2026-05-12 20:56:18.275857","/home/sc28/SC-28/1_definition/SC-28/camera.py","capture_and_detect","263","","","","","","","","","","","","","","","","","1","","","","","","","","","","","","","","","","","","","","","","","","","","","","",""
"384.868111533","2026-05-12 20:56:18.279811","/home/sc28/SC-28/1_definition/SC-28/camera.py","capture_and_detect","264","","","","","","","","","","","","","","","","1889.5","","","","","","","","","","","","","","","","","","","","","","","","","","","","","",""
"384.871185543","2026-05-12 20:56:18.282895","/home/sc28/SC-28/1_definition/SC-28/camera.py","capture_and_detect","265","","","","","","","","","","","","","","","","","","303","263","","","","","","","","","","","","","","","","","","","","","","","","","","",""
"384.877578822","2026-05-12 20:56:18.289286","/home/sc28/SC-28/1_definition/SC-28/camera.py","capture_and_detect","266","","","","","","","","","","","","","","","","","","","","640","480","","","","","","","","","","","","","","","","","","","","","","","","",""
"391.264764949","2026-05-12 20:56:24.676470","/home/sc28/SC-28/1_definition/SC-28/camera.py","capture_and_detect","263","","","","","","","","","","","","","","","","","1","","","","","","","","","","","","","","","","","","","","","","","","","","","","",""
"391.269290052","2026-05-12 20:56:24.680988","/home/sc28/SC-28/1_definition/SC-28/camera.py","capture_and_detect","264","","","","","","","","","","","","","","","","1863.5","","","","","","","","","","","","","","","","","","","","","","","","","","","","","",""
"391.272166406","2026-05-12 20:56:24.683871","/home/sc28/SC-28/1_definition/SC-28/camera.py","capture_and_detect","265","","","","","","","","","","","","","","","","","","303","262","","","","","","","","","","","","","","","","","","","","","","","","","","",""
"391.278507238","2026-05-12 20:56:24.690214","/home/sc28/SC-28/1_definition/SC-28/camera.py","capture_and_detect","266","","","","","","","","","","","","","","","","","","","","640","480","","","","","","","","","","","","","","","","","","","","","","","","",""
"393.366788648","2026-05-12 20:56:26.778499","/home/sc28/SC-28/1_definition/SC-28/camera.py","capture_and_detect","263","","","","","","","","","","","","","","","","","1","","","","","","","","","","","","","","","","","","","","","","","","","","","","",""
"393.371646147","2026-05-12 20:56:26.783348","/home/sc28/SC-28/1_definition/SC-28/camera.py","capture_and_detect","264","","","","","","","","","","","","","","","","1887.5","","","","","","","","","","","","","","","","","","","","","","","","","","","","","",""
"393.375027136","2026-05-12 20:56:26.786744","/home/sc28/SC-28/1_definition/SC-28/camera.py","capture_and_detect","265","","","","","","","","","","","","","","","","","","302","264","","","","","","","","","","","","","","","","","","","","","","","","","","",""
"393.383860675","2026-05-12 20:56:26.795574","/home/sc28/SC-28/1_definition/SC-28/camera.py","capture_and_detect","266","","","","","","","","","","","","","","","","","","","","640","480","","","","","","","","","","","","","","","","","","","","","","","","",""
"393.469591175","2026-05-12 20:56:26.881297","/home/sc28/SC-28/1_definition/SC-28/camera.py","capture_and_detect","263","","","","","","","","","","","","","","","","","1","","","","","","","","","","","","","","","","","","","","","","","","","","","","",""
"393.474086694","2026-05-12 20:56:26.885788","/home/sc28/SC-28/1_definition/SC-28/camera.py","capture_and_detect","264","","","","","","","","","","","","","","","","1851.0","","","","","","","","","","","","","","","","","","","","","","","","","","","","","",""
"393.477041589","2026-05-12 20:56:26.888748","/home/sc28/SC-28/1_definition/SC-28/camera.py","capture_and_detect","265","","","","","","","","","","","","","","","","","","303","262","","","","","","","","","","","","","","","","","","","","","","","","","","",""
"393.47990836","2026-05-12 20:56:26.891613","/home/sc28/SC-28/1_definition/SC-28/camera.py","capture_and_detect","266","","","","","","","","","","","","","","","","","","","","640","480","","","","","","","","","","","","","","","","","","","","","","","","",""
"393.55092355","2026-05-12 20:56:26.962630","/home/sc28/SC-28/1_definition/SC-28/camera.py","capture_and_detect","263","","","","","","","","","","","","","","","","","1","","","","","","","","","","","","","","","","","","","","","","","","","","","","",""
"393.554586987","2026-05-12 20:56:26.966286","/home/sc28/SC-28/1_definition/SC-28/camera.py","capture_and_detect","264","","","","","","","","","","","","","","","","1905.5","","","","","","","","","","","","","","","","","","","","","","","","","","","","","",""
"393.558240059","2026-05-12 20:56:26.969950","/home/sc28/SC-28/1_definition/SC-28/camera.py","capture_and_detect","265","","","","","","","","","","","","","","","","","","302","264","","","","","","","","","","","","","","","","","","","","","","","","","","",""
"393.561149017","2026-05-12 20:56:26.972857","/home/sc28/SC-28/1_definition/SC-28/camera.py","capture_and_detect","266","","","","","","","","","","","","","","","","","","","","640","480","","","","","","","","","","","","","","","","","","","","","","","","",""
"393.630951551","2026-05-12 20:56:27.042657","/home/sc28/SC-28/1_definition/SC-28/camera.py","capture_and_detect","263","","","","","","","","","","","","","","","","","1","","","","","","","","","","","","","","","","","","","","","","","","","","","","",""
"393.634477696","2026-05-12 20:56:27.046182","/home/sc28/SC-28/1_definition/SC-28/camera.py","capture_and_detect","264","","","","","","","","","","","","","","","","1905.0","","","","","","","","","","","","","","","","","","","","","","","","","","","","","",""
"393.640967538","2026-05-12 20:56:27.052677","/home/sc28/SC-28/1_definition/SC-28/camera.py","capture_and_detect","265","","","","","","","","","","","","","","","","","","302","264","","","","","","","","","","","","","","","","","","","","","","","","","","",""
"393.643938059","2026-05-12 20:56:27.055645","/home/sc28/SC-28/1_definition/SC-28/camera.py","capture_and_detect","266","","","","","","","","","","","","","","","","","","","","640","480","","","","","","","","","","","","","","","","","","","","","","","","",""
"393.663635606","2026-05-12 20:56:27.075340","/home/sc28/SC-28/1_definition/SC-28/motordrive.py","set_values","198","","","","","","","","","","","","","","","","","","","","","","0.0","0.0","","","","","","","","","","","","","","","","","","","","","","",""
"393.701436274","2026-05-12 20:56:27.113139","/home/sc28/SC-28/1_definition/SC-28/motordrive.py","set_values","198","","","","","","","","","","","","","","","","","","","","","","0.07142857142857144","0.07142857142857144","","","","","","","","","","","","","","","","","","","","","","",""
"393.733401682","2026-05-12 20:56:27.145101","/home/sc28/SC-28/1_definition/SC-28/motordrive.py","set_values","198","","","","","","","","","","","","","","","","","","","","","","0.14285714285714288","0.14285714285714288","","","","","","","","","","","","","","","","","","","","","","",""
"393.771192871","2026-05-12 20:56:27.182892","/home/sc28/SC-28/1_definition/SC-28/motordrive.py","set_values","198","","","","","","","","","","","","","","","","","","","","","","0.21428571428571433","0.21428571428571433","","","","","","","","","","","","","","","","","","","","","","",""
"393.804624113","2026-05-12 20:56:27.216323","/home/sc28/SC-28/1_definition/SC-28/motordrive.py","set_values","198","","","","","","","","","","","","","","","","","","","","","","0.28571428571428575","0.28571428571428575","","","","","","","","","","","","","","","","","","","","","","",""
"393.835388584","2026-05-12 20:56:27.247087","/home/sc28/SC-28/1_definition/SC-28/motordrive.py","set_values","198","","","","","","","","","","","","","","","","","","","","","","0.35714285714285715","0.35714285714285715","","","","","","","","","","","","","","","","","","","","","","",""
"393.865721285","2026-05-12 20:56:27.277419","/home/sc28/SC-28/1_definition/SC-28/motordrive.py","set_values","198","","","","","","","","","","","","","","","","","","","","","","0.42857142857142866","0.42857142857142866","","","","","","","","","","","","","","","","","","","","","","",""
"394.158276108","2026-05-12 20:56:27.569981","/home/sc28/SC-28/1_definition/SC-28/motordrive.py","stop","142","","","","","","","","","","","","","","","","","","","","","","0.0","0.0","","","","","","","","","","","","","","","","","","","","","","",""
"400.652508253","2026-05-12 20:56:34.064215","/home/sc28/SC-28/1_definition/SC-28/camera.py","capture_and_detect","263","","","","","","","","","","","","","","","","","1","","","","","","","","","","","","","","","","","","","","","","","","","","","","",""
"400.659396897","2026-05-12 20:56:34.071100","/home/sc28/SC-28/1_definition/SC-28/camera.py","capture_and_detect","264","","","","","","","","","","","","","","","","1847.0","","","","","","","","","","","","","","","","","","","","","","","","","","","","","",""
"400.662281115","2026-05-12 20:56:34.074002","/home/sc28/SC-28/1_definition/SC-28/camera.py","capture_and_detect","265","","","","","","","","","","","","","","","","","","303","261","","","","","","","","","","","","","","","","","","","","","","","","","","",""
"400.665153146","2026-05-12 20:56:34.076875","/home/sc28/SC-28/1_definition/SC-28/camera.py","capture_and_detect","266","","","","","","","","","","","","","","","","","","","","640","480","","","","","","","","","","","","","","","","","","","","","","","","",""
"400.69773595","2026-05-12 20:56:34.109444","/home/sc28/SC-28/1_definition/SC-28/motordrive.py","set_values","198","","","","","","","","","","","","","","","","","","","","","","0.0","0.0","","","","","","","","","","","","","","","","","","","","","","",""
"400.730796098","2026-05-12 20:56:34.142495","/home/sc28/SC-28/1_definition/SC-28/motordrive.py","set_values","198","","","","","","","","","","","","","","","","","","","","","","0.07142857142857144","0.07142857142857144","","","","","","","","","","","","","","","","","","","","","","",""
"400.764783017","2026-05-12 20:56:34.176483","/home/sc28/SC-28/1_definition/SC-28/motordrive.py","set_values","198","","","","","","","","","","","","","","","","","","","","","","0.14285714285714288","0.14285714285714288","","","","","","","","","","","","","","","","","","","","","","",""
"400.794911603","2026-05-12 20:56:34.206609","/home/sc28/SC-28/1_definition/SC-28/motordrive.py","set_values","198","","","","","","","","","","","","","","","","","","","","","","0.21428571428571433","0.21428571428571433","","","","","","","","","","","","","","","","","","","","","","",""
"400.824879929","2026-05-12 20:56:34.236578","/home/sc28/SC-28/1_definition/SC-28/motordrive.py","set_values","198","","","","","","","","","","","","","","","","","","","","","","0.28571428571428575","0.28571428571428575","","","","","","","","","","","","","","","","","","","","","","",""
"400.854960755","2026-05-12 20:56:34.266659","/home/sc28/SC-28/1_definition/SC-28/motordrive.py","set_values","198","","","","","","","","","","","","","","","","","","","","","","0.35714285714285715","0.35714285714285715","","","","","","","","","","","","","","","","","","","","","","",""
"400.886717257","2026-05-12 20:56:34.298415","/home/sc28/SC-28/1_definition/SC-28/motordrive.py","set_values","198","","","","","","","","","","","","","","","","","","","","","","0.42857142857142866","0.42857142857142866","","","","","","","","","","","","","","","","","","","","","","",""
"401.178664685","2026-05-12 20:56:34.590369","/home/sc28/SC-28/1_definition/SC-28/motordrive.py","stop","142","","","","","","","","","","","","","","","","","","","","","","0.0","0.0","","","","","","","","","","","","","","","","","","","","","","",""
"401.340367458","2026-05-12 20:56:34.752079","/home/sc28/SC-28/1_definition/SC-28/camera.py","capture_and_detect","263","","","","","","","","","","","","","","","","","1","","","","","","","","","","","","","","","","","","","","","","","","","","","","",""
"401.344137092","2026-05-12 20:56:34.755838","/home/sc28/SC-28/1_definition/SC-28/camera.py","capture_and_detect","264","","","","","","","","","","","","","","","","1655.5","","","","","","","","","","","","","","","","","","","","","","","","","","","","","",""
"401.349490476","2026-05-12 20:56:34.761204","/home/sc28/SC-28/1_definition/SC-28/camera.py","capture_and_detect","265","","","","","","","","","","","","","","","","","","301","266","","","","","","","","","","","","","","","","","","","","","","","","","","",""
"401.352644226","2026-05-12 20:56:34.764358","/home/sc28/SC-28/1_definition/SC-28/camera.py","capture_and_detect","266","","","","","","","","","","","","","","","","","","","","640","480","","","","","","","","","","","","","","","","","","","","","","","","",""
"401.36806792","2026-05-12 20:56:34.779777","/home/sc28/SC-28/1_definition/SC-28/motordrive.py","set_values","198","","","","","","","","","","","","","","","","","","","","","","0.0","0.0","","","","","","","","","","","","","","","","","","","","","","",""
"401.403418796","2026-05-12 20:56:34.815118","/home/sc28/SC-28/1_definition/SC-28/motordrive.py","set_values","198","","","","","","","","","","","","","","","","","","","","","","0.07142857142857144","0.07142857142857144","","","","","","","","","","","","","","","","","","","","","","",""
"401.433951341","2026-05-12 20:56:34.845649","/home/sc28/SC-28/1_definition/SC-28/motordrive.py","set_values","198","","","","","","","","","","","","","","","","","","","","","","0.14285714285714288","0.14285714285714288","","","","","","","","","","","","","","","","","","","","","","",""
"401.464036334","2026-05-12 20:56:34.875737","/home/sc28/SC-28/1_definition/SC-28/motordrive.py","set_values","198","","","","","","","","","","","","","","","","","","","","","","0.21428571428571433","0.21428571428571433","","","","","","","","","","","","","","","","","","","","","","",""
"401.494497524","2026-05-12 20:56:34.906195","/home/sc28/SC-28/1_definition/SC-28/motordrive.py","set_values","198","","","","","","","","","","","","","","","","","","","","","","0.28571428571428575","0.28571428571428575","","","","","","","","","","","","","","","","","","","","","","",""
"401.524561839","2026-05-12 20:56:34.936260","/home/sc28/SC-28/1_definition/SC-28/motordrive.py","set_values","198","","","","","","","","","","","","","","","","","","","","","","0.35714285714285715","0.35714285714285715","","","","","","","","","","","","","","","","","","","","","","",""
"401.557448394","2026-05-12 20:56:34.969146","/home/sc28/SC-28/1_definition/SC-28/motordrive.py","set_values","198","","","","","","","","","","","","","","","","","","","","","","0.42857142857142866","0.42857142857142866","","","","","","","","","","","","","","","","","","","","","","",""
"401.853980456","2026-05-12 20:56:35.265684","/home/sc28/SC-28/1_definition/SC-28/motordrive.py","stop","142","","","","","","","","","","","","","","","","","","","","","","0.0","0.0","","","","","","","","","","","","","","","","","","","","","","",""
"402.025455309","2026-05-12 20:56:35.437163","/home/sc28/SC-28/1_definition/SC-28/camera.py","capture_and_detect","263","","","","","","","","","","","","","","","","","1","","","","","","","","","","","","","","","","","","","","","","","","","","","","",""
"402.029690256","2026-05-12 20:56:35.441391","/home/sc28/SC-28/1_definition/SC-28/camera.py","capture_and_detect","264","","","","","","","","","","","","","","","","1609.5","","","","","","","","","","","","","","","","","","","","","","","","","","","","","",""
"402.032935047","2026-05-12 20:56:35.444661","/home/sc28/SC-28/1_definition/SC-28/camera.py","capture_and_detect","265","","","","","","","","","","","","","","","","","","307","270","","","","","","","","","","","","","","","","","","","","","","","","","","",""
"402.041943951","2026-05-12 20:56:35.453656","/home/sc28/SC-28/1_definition/SC-28/camera.py","capture_and_detect","266","","","","","","","","","","","","","","","","","","","","640","480","","","","","","","","","","","","","","","","","","","","","","","","",""
"402.073303162","2026-05-12 20:56:35.485010","/home/sc28/SC-28/1_definition/SC-28/motordrive.py","set_values","198","","","","","","","","","","","","","","","","","","","","","","0.0","0.0","","","","","","","","","","","","","","","","","","","","","","",""
"402.105142581","2026-05-12 20:56:35.516841","/home/sc28/SC-28/1_definition/SC-28/motordrive.py","set_values","198","","","","","","","","","","","","","","","","","","","","","","0.07142857142857144","0.07142857142857144","","","","","","","","","","","","","","","","","","","","","","",""
"402.135109814","2026-05-12 20:56:35.546808","/home/sc28/SC-28/1_definition/SC-28/motordrive.py","set_values","198","","","","","","","","","","","","","","","","","","","","","","0.14285714285714288","0.14285714285714288","","","","","","","","","","","","","","","","","","","","","","",""
"402.165151264","2026-05-12 20:56:35.576850","/home/sc28/SC-28/1_definition/SC-28/motordrive.py","set_values","198","","","","","","","","","","","","","","","","","","","","","","0.21428571428571433","0.21428571428571433","","","","","","","","","","","","","","","","","","","","","","",""
"402.196913861","2026-05-12 20:56:35.608612","/home/sc28/SC-28/1_definition/SC-28/motordrive.py","set_values","198","","","","","","","","","","","","","","","","","","","","","","0.28571428571428575","0.28571428571428575","","","","","","","","","","","","","","","","","","","","","","",""
"402.230464217","2026-05-12 20:56:35.642162","/home/sc28/SC-28/1_definition/SC-28/motordrive.py","set_values","198","","","","","","","","","","","","","","","","","","","","","","0.35714285714285715","0.35714285714285715","","","","","","","","","","","","","","","","","","","","","","",""
"402.260823689","2026-05-12 20:56:35.672522","/home/sc28/SC-28/1_definition/SC-28/motordrive.py","set_values","198","","","","","","","","","","","","","","","","","","","","","","0.42857142857142866","0.42857142857142866","","","","","","","","","","","","","","","","","","","","","","",""
"402.552895856","2026-05-12 20:56:35.964600","/home/sc28/SC-28/1_definition/SC-28/motordrive.py","stop","142","","","","","","","","","","","","","","","","","","","","","","0.0","0.0","","","","","","","","","","","","","","","","","","","","","","",""
"402.720439669","2026-05-12 20:56:36.132154","/home/sc28/SC-28/1_definition/SC-28/camera.py","capture_and_detect","263","","","","","","","","","","","","","","","","","1","","","","","","","","","","","","","","","","","","","","","","","","","","","","",""
"402.724340658","2026-05-12 20:56:36.136042","/home/sc28/SC-28/1_definition/SC-28/camera.py","capture_and_detect","264","","","","","","","","","","","","","","","","1693.5","","","","","","","","","","","","","","","","","","","","","","","","","","","","","",""
"402.727755917","2026-05-12 20:56:36.139473","/home/sc28/SC-28/1_definition/SC-28/camera.py","capture_and_detect","265","","","","","","","","","","","","","","","","","","310","270","","","","","","","","","","","","","","","","","","","","","","","","","","",""
"402.73681055","2026-05-12 20:56:36.148521","/home/sc28/SC-28/1_definition/SC-28/camera.py","capture_and_detect","266","","","","","","","","","","","","","","","","","","","","640","480","","","","","","","","","","","","","","","","","","","","","","","","",""
"402.751151224","2026-05-12 20:56:36.162857","/home/sc28/SC-28/1_definition/SC-28/motordrive.py","set_values","198","","","","","","","","","","","","","","","","","","","","","","0.0","0.0","","","","","","","","","","","","","","","","","","","","","","",""
"402.782208612","2026-05-12 20:56:36.193911","/home/sc28/SC-28/1_definition/SC-28/motordrive.py","set_values","198","","","","","","","","","","","","","","","","","","","","","","0.07142857142857144","0.07142857142857144","","","","","","","","","","","","","","","","","","","","","","",""
"402.814371104","2026-05-12 20:56:36.226070","/home/sc28/SC-28/1_definition/SC-28/motordrive.py","set_values","198","","","","","","","","","","","","","","","","","","","","","","0.14285714285714288","0.14285714285714288","","","","","","","","","","","","","","","","","","","","","","",""
"402.844388545","2026-05-12 20:56:36.256087","/home/sc28/SC-28/1_definition/SC-28/motordrive.py","set_values","198","","","","","","","","","","","","","","","","","","","","","","0.21428571428571433","0.21428571428571433","","","","","","","","","","","","","","","","","","","","","","",""
"402.878042078","2026-05-12 20:56:36.289743","/home/sc28/SC-28/1_definition/SC-28/motordrive.py","set_values","198","","","","","","","","","","","","","","","","","","","","","","0.28571428571428575","0.28571428571428575","","","","","","","","","","","","","","","","","","","","","","",""
"402.909843372","2026-05-12 20:56:36.321542","/home/sc28/SC-28/1_definition/SC-28/motordrive.py","set_values","198","","","","","","","","","","","","","","","","","","","","","","0.35714285714285715","0.35714285714285715","","","","","","","","","","","","","","","","","","","","","","",""
"402.939832375","2026-05-12 20:56:36.351531","/home/sc28/SC-28/1_definition/SC-28/motordrive.py","set_values","198","","","","","","","","","","","","","","","","","","","","","","0.42857142857142866","0.42857142857142866","","","","","","","","","","","","","","","","","","","","","","",""
"403.232111782","2026-05-12 20:56:36.643817","/home/sc28/SC-28/1_definition/SC-28/motordrive.py","stop","142","","","","","","","","","","","","","","","","","","","","","","0.0","0.0","","","","","","","","","","","","","","","","","","","","","","",""
"403.393930388","2026-05-12 20:56:36.805637","/home/sc28/SC-28/1_definition/SC-28/camera.py","capture_and_detect","263","","","","","","","","","","","","","","","","","1","","","","","","","","","","","","","","","","","","","","","","","","","","","","",""
"403.400730855","2026-05-12 20:56:36.812433","/home/sc28/SC-28/1_definition/SC-28/camera.py","capture_and_detect","264","","","","","","","","","","","","","","","","1746.5","","","","","","","","","","","","","","","","","","","","","","","","","","","","","",""
"403.407563457","2026-05-12 20:56:36.819276","/home/sc28/SC-28/1_definition/SC-28/camera.py","capture_and_detect","265","","","","","","","","","","","","","","","","","","309","271","","","","","","","","","","","","","","","","","","","","","","","","","","",""
"403.426583401","2026-05-12 20:56:36.838299","/home/sc28/SC-28/1_definition/SC-28/camera.py","capture_and_detect","266","","","","","","","","","","","","","","","","","","","","640","480","","","","","","","","","","","","","","","","","","","","","","","","",""
"403.479090315","2026-05-12 20:56:36.890795","/home/sc28/SC-28/1_definition/SC-28/motordrive.py","set_values","198","","","","","","","","","","","","","","","","","","","","","","0.0","0.0","","","","","","","","","","","","","","","","","","","","","","",""
"403.5398428","2026-05-12 20:56:36.951541","/home/sc28/SC-28/1_definition/SC-28/motordrive.py","set_values","198","","","","","","","","","","","","","","","","","","","","","","0.07142857142857144","0.07142857142857144","","","","","","","","","","","","","","","","","","","","","","",""
"403.576274249","2026-05-12 20:56:36.987973","/home/sc28/SC-28/1_definition/SC-28/motordrive.py","set_values","198","","","","","","","","","","","","","","","","","","","","","","0.14285714285714288","0.14285714285714288","","","","","","","","","","","","","","","","","","","","","","",""
"403.610744814","2026-05-12 20:56:37.022443","/home/sc28/SC-28/1_definition/SC-28/motordrive.py","set_values","198","","","","","","","","","","","","","","","","","","","","","","0.21428571428571433","0.21428571428571433","","","","","","","","","","","","","","","","","","","","","","",""
"403.641219025","2026-05-12 20:56:37.052917","/home/sc28/SC-28/1_definition/SC-28/motordrive.py","set_values","198","","","","","","","","","","","","","","","","","","","","","","0.28571428571428575","0.28571428571428575","","","","","","","","","","","","","","","","","","","","","","",""
"403.672461725","2026-05-12 20:56:37.084161","/home/sc28/SC-28/1_definition/SC-28/motordrive.py","set_values","198","","","","","","","","","","","","","","","","","","","","","","0.35714285714285715","0.35714285714285715","","","","","","","","","","","","","","","","","","","","","","",""
"403.702712864","2026-05-12 20:56:37.114412","/home/sc28/SC-28/1_definition/SC-28/motordrive.py","set_values","198","","","","","","","","","","","","","","","","","","","","","","0.42857142857142866","0.42857142857142866","","","","","","","","","","","","","","","","","","","","","","",""
"403.991846594","2026-05-12 20:56:37.403551","/home/sc28/SC-28/1_definition/SC-28/motordrive.py","stop","142","","","","","","","","","","","","","","","","","","","","","","0.0","0.0","","","","","","","","","","","","","","","","","","","","","","",""
"410.854536097","2026-05-12 20:56:44.266247","/home/sc28/SC-28/1_definition/SC-28/camera.py","capture_and_detect","263","","","","","","","","","","","","","","","","","1","","","","","","","","","","","","","","","","","","","","","","","","","","","","",""
"410.859968336","2026-05-12 20:56:44.271666","/home/sc28/SC-28/1_definition/SC-28/camera.py","capture_and_detect","264","","","","","","","","","","","","","","","","1757.5","","","","","","","","","","","","","","","","","","","","","","","","","","","","","",""
"410.862894845","2026-05-12 20:56:44.274598","/home/sc28/SC-28/1_definition/SC-28/camera.py","capture_and_detect","265","","","","","","","","","","","","","","","","","","356","173","","","","","","","","","","","","","","","","","","","","","","","","","","",""
"410.865865053","2026-05-12 20:56:44.277573","/home/sc28/SC-28/1_definition/SC-28/camera.py","capture_and_detect","266","","","","","","","","","","","","","","","","","","","","640","480","","","","","","","","","","","","","","","","","","","","","","","","",""
"410.899082649","2026-05-12 20:56:44.310790","/home/sc28/SC-28/1_definition/SC-28/motordrive.py","set_values","198","","","","","","","","","","","","","","","","","","","","","","0.0","0.0","","","","","","","","","","","","","","","","","","","","","","",""
"410.947604772","2026-05-12 20:56:44.359305","/home/sc28/SC-28/1_definition/SC-28/motordrive.py","set_values","198","","","","","","","","","","","","","","","","","","","","","","0.07142857142857144","0.07142857142857144","","","","","","","","","","","","","","","","","","","","","","",""
"410.978210911","2026-05-12 20:56:44.389910","/home/sc28/SC-28/1_definition/SC-28/motordrive.py","set_values","198","","","","","","","","","","","","","","","","","","","","","","0.14285714285714288","0.14285714285714288","","","","","","","","","","","","","","","","","","","","","","",""
"411.00891257","2026-05-12 20:56:44.420612","/home/sc28/SC-28/1_definition/SC-28/motordrive.py","set_values","198","","","","","","","","","","","","","","","","","","","","","","0.21428571428571433","0.21428571428571433","","","","","","","","","","","","","","","","","","","","","","",""
"411.041056208","2026-05-12 20:56:44.452757","/home/sc28/SC-28/1_definition/SC-28/motordrive.py","set_values","198","","","","","","","","","","","","","","","","","","","","","","0.28571428571428575","0.28571428571428575","","","","","","","","","","","","","","","","","","","","","","",""
"411.074025835","2026-05-12 20:56:44.485724","/home/sc28/SC-28/1_definition/SC-28/motordrive.py","set_values","198","","","","","","","","","","","","","","","","","","","","","","0.35714285714285715","0.35714285714285715","","","","","","","","","","","","","","","","","","","","","","",""
"411.124787333","2026-05-12 20:56:44.536486","/home/sc28/SC-28/1_definition/SC-28/motordrive.py","set_values","198","","","","","","","","","","","","","","","","","","","","","","0.42857142857142866","0.42857142857142866","","","","","","","","","","","","","","","","","","","","","","",""
"411.424676842","2026-05-12 20:56:44.836381","/home/sc28/SC-28/1_definition/SC-28/motordrive.py","stop","142","","","","","","","","","","","","","","","","","","","","","","0.0","0.0","","","","","","","","","","","","","","","","","","","","","","",""
"411.588201385","2026-05-12 20:56:44.999908","/home/sc28/SC-28/1_definition/SC-28/camera.py","capture_and_detect","263","","","","","","","","","","","","","","","","","1","","","","","","","","","","","","","","","","","","","","","","","","","","","","",""
"411.591586749","2026-05-12 20:56:45.003283","/home/sc28/SC-28/1_definition/SC-28/camera.py","capture_and_detect","264","","","","","","","","","","","","","","","","5418.5","","","","","","","","","","","","","","","","","","","","","","","","","","","","","",""
"411.594495394","2026-05-12 20:56:45.006199","/home/sc28/SC-28/1_definition/SC-28/camera.py","capture_and_detect","265","","","","","","","","","","","","","","","","","","204","319","","","","","","","","","","","","","","","","","","","","","","","","","","",""
"411.597294977","2026-05-12 20:56:45.009000","/home/sc28/SC-28/1_definition/SC-28/camera.py","capture_and_detect","266","","","","","","","","","","","","","","","","","","","","640","480","","","","","","","","","","","","","","","","","","","","","","","","",""
"411.614107472","2026-05-12 20:56:45.025814","/home/sc28/SC-28/1_definition/SC-28/motordrive.py","set_values","198","","","","","","","","","","","","","","","","","","","","","","0.0","0.0","","","","","","","","","","","","","","","","","","","","","","",""
"411.644883871","2026-05-12 20:56:45.056582","/home/sc28/SC-28/1_definition/SC-28/motordrive.py","set_values","198","","","","","","","","","","","","","","","","","","","","","","0.07142857142857144","0.07142857142857144","","","","","","","","","","","","","","","","","","","","","","",""
"411.675403968","2026-05-12 20:56:45.087103","/home/sc28/SC-28/1_definition/SC-28/motordrive.py","set_values","198","","","","","","","","","","","","","","","","","","","","","","0.14285714285714288","0.14285714285714288","","","","","","","","","","","","","","","","","","","","","","",""
"411.705970054","2026-05-12 20:56:45.117668","/home/sc28/SC-28/1_definition/SC-28/motordrive.py","set_values","198","","","","","","","","","","","","","","","","","","","","","","0.21428571428571433","0.21428571428571433","","","","","","","","","","","","","","","","","","","","","","",""
"411.736301557","2026-05-12 20:56:45.148000","/home/sc28/SC-28/1_definition/SC-28/motordrive.py","set_values","198","","","","","","","","","","","","","","","","","","","","","","0.28571428571428575","0.28571428571428575","","","","","","","","","","","","","","","","","","","","","","",""
"411.766309049","2026-05-12 20:56:45.178007","/home/sc28/SC-28/1_definition/SC-28/motordrive.py","set_values","198","","","","","","","","","","","","","","","","","","","","","","0.35714285714285715","0.35714285714285715","","","","","","","","","","","","","","","","","","","","","","",""
"411.799795291","2026-05-12 20:56:45.211493","/home/sc28/SC-28/1_definition/SC-28/motordrive.py","set_values","198","","","","","","","","","","","","","","","","","","","","","","0.42857142857142866","0.42857142857142866","","","","","","","","","","","","","","","","","","","","","","",""
"412.090889542","2026-05-12 20:56:45.502595","/home/sc28/SC-28/1_definition/SC-28/motordrive.py","stop","142","","","","","","","","","","","","","","","","","","","","","","0.0","0.0","","","","","","","","","","","","","","","","","","","","","","",""
"412.253082783","2026-05-12 20:56:45.664789","/home/sc28/SC-28/1_definition/SC-28/camera.py","capture_and_detect","263","","","","","","","","","","","","","","","","","1","","","","","","","","","","","","","","","","","","","","","","","","","","","","",""
"412.261534865","2026-05-12 20:56:45.673234","/home/sc28/SC-28/1_definition/SC-28/camera.py","capture_and_detect","264","","","","","","","","","","","","","","","","4676.5","","","","","","","","","","","","","","","","","","","","","","","","","","","","","",""
"412.264596739","2026-05-12 20:56:45.676304","/home/sc28/SC-28/1_definition/SC-28/camera.py","capture_and_detect","265","","","","","","","","","","","","","","","","","","212","340","","","","","","","","","","","","","","","","","","","","","","","","","","",""
"412.271443248","2026-05-12 20:56:45.683153","/home/sc28/SC-28/1_definition/SC-28/camera.py","capture_and_detect","266","","","","","","","","","","","","","","","","","","","","640","480","","","","","","","","","","","","","","","","","","","","","","","","",""
"412.349249947","2026-05-12 20:56:45.760956","/home/sc28/SC-28/1_definition/SC-28/camera.py","capture_and_detect","263","","","","","","","","","","","","","","","","","1","","","","","","","","","","","","","","","","","","","","","","","","","","","","",""
"412.353767029","2026-05-12 20:56:45.765470","/home/sc28/SC-28/1_definition/SC-28/camera.py","capture_and_detect","264","","","","","","","","","","","","","","","","6635.0","","","","","","","","","","","","","","","","","","","","","","","","","","","","","",""
"412.356638018","2026-05-12 20:56:45.768342","/home/sc28/SC-28/1_definition/SC-28/camera.py","capture_and_detect","265","","","","","","","","","","","","","","","","","","214","339","","","","","","","","","","","","","","","","","","","","","","","","","","",""
"412.359456038","2026-05-12 20:56:45.771158","/home/sc28/SC-28/1_definition/SC-28/camera.py","capture_and_detect","266","","","","","","","","","","","","","","","","","","","","640","480","","","","","","","","","","","","","","","","","","","","","","","","",""
"412.431494927","2026-05-12 20:56:45.843202","/home/sc28/SC-28/1_definition/SC-28/camera.py","capture_and_detect","263","","","","","","","","","","","","","","","","","1","","","","","","","","","","","","","","","","","","","","","","","","","","","","",""
"412.435015968","2026-05-12 20:56:45.846717","/home/sc28/SC-28/1_definition/SC-28/camera.py","capture_and_detect","264","","","","","","","","","","","","","","","","7570.0","","","","","","","","","","","","","","","","","","","","","","","","","","","","","",""
"412.437843832","2026-05-12 20:56:45.849548","/home/sc28/SC-28/1_definition/SC-28/camera.py","capture_and_detect","265","","","","","","","","","","","","","","","","","","215","339","","","","","","","","","","","","","","","","","","","","","","","","","","",""
"412.440668518","2026-05-12 20:56:45.852372","/home/sc28/SC-28/1_definition/SC-28/camera.py","capture_and_detect","266","","","","","","","","","","","","","","","","","","","","640","480","","","","","","","","","","","","","","","","","","","","","","","","",""
"419.002822784","2026-05-12 20:56:52.414531","/home/sc28/SC-28/1_definition/SC-28/camera.py","capture_and_detect","263","","","","","","","","","","","","","","","","","1","","","","","","","","","","","","","","","","","","","","","","","","","","","","",""
"419.006298877","2026-05-12 20:56:52.418002","/home/sc28/SC-28/1_definition/SC-28/camera.py","capture_and_detect","264","","","","","","","","","","","","","","","","6517.0","","","","","","","","","","","","","","","","","","","","","","","","","","","","","",""
"419.009348408","2026-05-12 20:56:52.421061","/home/sc28/SC-28/1_definition/SC-28/camera.py","capture_and_detect","265","","","","","","","","","","","","","","","","","","210","350","","","","","","","","","","","","","","","","","","","","","","","","","","",""
"419.015402312","2026-05-12 20:56:52.427117","/home/sc28/SC-28/1_definition/SC-28/camera.py","capture_and_detect","266","","","","","","","","","","","","","","","","","","","","640","480","","","","","","","","","","","","","","","","","","","","","","","","",""
"419.059377458","2026-05-12 20:56:52.471085","/home/sc28/SC-28/1_definition/SC-28/motordrive.py","set_values","198","","","","","","","","","","","","","","","","","","","","","","0.0","0.0","","","","","","","","","","","","","","","","","","","","","","",""
"419.094830626","2026-05-12 20:56:52.506530","/home/sc28/SC-28/1_definition/SC-28/motordrive.py","set_values","198","","","","","","","","","","","","","","","","","","","","","","0.07142857142857144","0.07142857142857144","","","","","","","","","","","","","","","","","","","","","","",""
"419.125136296","2026-05-12 20:56:52.536834","/home/sc28/SC-28/1_definition/SC-28/motordrive.py","set_values","198","","","","","","","","","","","","","","","","","","","","","","0.14285714285714288","0.14285714285714288","","","","","","","","","","","","","","","","","","","","","","",""
"419.155301184","2026-05-12 20:56:52.567002","/home/sc28/SC-28/1_definition/SC-28/motordrive.py","set_values","198","","","","","","","","","","","","","","","","","","","","","","0.21428571428571433","0.21428571428571433","","","","","","","","","","","","","","","","","","","","","","",""
"419.185521854","2026-05-12 20:56:52.597220","/home/sc28/SC-28/1_definition/SC-28/motordrive.py","set_values","198","","","","","","","","","","","","","","","","","","","","","","0.28571428571428575","0.28571428571428575","","","","","","","","","","","","","","","","","","","","","","",""
"419.221237001","2026-05-12 20:56:52.632934","/home/sc28/SC-28/1_definition/SC-28/motordrive.py","set_values","198","","","","","","","","","","","","","","","","","","","","","","0.35714285714285715","0.35714285714285715","","","","","","","","","","","","","","","","","","","","","","",""
"419.253033608","2026-05-12 20:56:52.664731","/home/sc28/SC-28/1_definition/SC-28/motordrive.py","set_values","198","","","","","","","","","","","","","","","","","","","","","","0.42857142857142866","0.42857142857142866","","","","","","","","","","","","","","","","","","","","","","",""
"419.543042911","2026-05-12 20:56:52.954747","/home/sc28/SC-28/1_definition/SC-28/motordrive.py","stop","142","","","","","","","","","","","","","","","","","","","","","","0.0","0.0","","","","","","","","","","","","","","","","","","","","","","",""
"419.723112554","2026-05-12 20:56:53.134824","/home/sc28/SC-28/1_definition/SC-28/camera.py","capture_and_detect","263","","","","","","","","","","","","","","","","","1","","","","","","","","","","","","","","","","","","","","","","","","","","","","",""
"419.726819272","2026-05-12 20:56:53.138521","/home/sc28/SC-28/1_definition/SC-28/camera.py","capture_and_detect","264","","","","","","","","","","","","","","","","14554.5","","","","","","","","","","","","","","","","","","","","","","","","","","","","","",""
"419.730029324","2026-05-12 20:56:53.141759","/home/sc28/SC-28/1_definition/SC-28/camera.py","capture_and_detect","265","","","","","","","","","","","","","","","","","","190","280","","","","","","","","","","","","","","","","","","","","","","","","","","",""
"419.736826301","2026-05-12 20:56:53.148545","/home/sc28/SC-28/1_definition/SC-28/camera.py","capture_and_detect","266","","","","","","","","","","","","","","","","","","","","640","480","","","","","","","","","","","","","","","","","","","","","","","","",""
"419.754287443","2026-05-12 20:56:53.165995","/home/sc28/SC-28/1_definition/SC-28/motordrive.py","set_values","198","","","","","","","","","","","","","","","","","","","","","","0.0","0.0","","","","","","","","","","","","","","","","","","","","","","",""
"419.78475431","2026-05-12 20:56:53.196452","/home/sc28/SC-28/1_definition/SC-28/motordrive.py","set_values","198","","","","","","","","","","","","","","","","","","","","","","0.07142857142857144","0.07142857142857144","","","","","","","","","","","","","","","","","","","","","","",""
"419.816479146","2026-05-12 20:56:53.228177","/home/sc28/SC-28/1_definition/SC-28/motordrive.py","set_values","198","","","","","","","","","","","","","","","","","","","","","","0.14285714285714288","0.14285714285714288","","","","","","","","","","","","","","","","","","","","","","",""
"419.846631378","2026-05-12 20:56:53.258331","/home/sc28/SC-28/1_definition/SC-28/motordrive.py","set_values","198","","","","","","","","","","","","","","","","","","","","","","0.21428571428571433","0.21428571428571433","","","","","","","","","","","","","","","","","","","","","","",""
"419.880776943","2026-05-12 20:56:53.292475","/home/sc28/SC-28/1_definition/SC-28/motordrive.py","set_values","198","","","","","","","","","","","","","","","","","","","","","","0.28571428571428575","0.28571428571428575","","","","","","","","","","","","","","","","","","","","","","",""
"419.911066102","2026-05-12 20:56:53.322766","/home/sc28/SC-28/1_definition/SC-28/motordrive.py","set_values","198","","","","","","","","","","","","","","","","","","","","","","0.35714285714285715","0.35714285714285715","","","","","","","","","","","","","","","","","","","","","","",""
"419.941171719","2026-05-12 20:56:53.352872","/home/sc28/SC-28/1_definition/SC-28/motordrive.py","set_values","198","","","","","","","","","","","","","","","","","","","","","","0.42857142857142866","0.42857142857142866","","","","","","","","","","","","","","","","","","","","","","",""
"420.231905866","2026-05-12 20:56:53.643610","/home/sc28/SC-28/1_definition/SC-28/motordrive.py","stop","142","","","","","","","","","","","","","","","","","","","","","","0.0","0.0","","","","","","","","","","","","","","","","","","","","","","",""
"420.397983065","2026-05-12 20:56:53.809691","/home/sc28/SC-28/1_definition/SC-28/camera.py","capture_and_detect","263","","","","","","","","","","","","","","","","","2","","","","","","","","","","","","","","","","","","","","","","","","","","","","",""
"420.40188947","2026-05-12 20:56:53.813593","/home/sc28/SC-28/1_definition/SC-28/camera.py","capture_and_detect","264","","","","","","","","","","","","","","","","22246.5","","","","","","","","","","","","","","","","","","","","","","","","","","","","","",""
"420.410085354","2026-05-12 20:56:53.821799","/home/sc28/SC-28/1_definition/SC-28/camera.py","capture_and_detect","265","","","","","","","","","","","","","","","","","","518","338","","","","","","","","","","","","","","","","","","","","","","","","","","",""
"420.41329452","2026-05-12 20:56:53.825010","/home/sc28/SC-28/1_definition/SC-28/camera.py","capture_and_detect","266","","","","","","","","","","","","","","","","","","","","640","480","","","","","","","","","","","","","","","","","","","","","","","","",""
"420.438964201","2026-05-12 20:56:53.850671","/home/sc28/SC-28/1_definition/SC-28/motordrive.py","set_values","198","","","","","","","","","","","","","","","","","","","","","","0.0","0.0","","","","","","","","","","","","","","","","","","","","","","",""
"420.475396275","2026-05-12 20:56:53.887093","/home/sc28/SC-28/1_definition/SC-28/motordrive.py","set_values","198","","","","","","","","","","","","","","","","","","","","","","0.07142857142857144","0.07142857142857144","","","","","","","","","","","","","","","","","","","","","","",""
"420.506525903","2026-05-12 20:56:53.918225","/home/sc28/SC-28/1_definition/SC-28/motordrive.py","set_values","198","","","","","","","","","","","","","","","","","","","","","","0.14285714285714288","0.14285714285714288","","","","","","","","","","","","","","","","","","","","","","",""
"420.54116329","2026-05-12 20:56:53.952862","/home/sc28/SC-28/1_definition/SC-28/motordrive.py","set_values","198","","","","","","","","","","","","","","","","","","","","","","0.21428571428571433","0.21428571428571433","","","","","","","","","","","","","","","","","","","","","","",""
"420.57150047","2026-05-12 20:56:53.983199","/home/sc28/SC-28/1_definition/SC-28/motordrive.py","set_values","198","","","","","","","","","","","","","","","","","","","","","","0.28571428571428575","0.28571428571428575","","","","","","","","","","","","","","","","","","","","","","",""
"420.603122025","2026-05-12 20:56:54.014820","/home/sc28/SC-28/1_definition/SC-28/motordrive.py","set_values","198","","","","","","","","","","","","","","","","","","","","","","0.35714285714285715","0.35714285714285715","","","","","","","","","","","","","","","","","","","","","","",""
"420.633564153","2026-05-12 20:56:54.045262","/home/sc28/SC-28/1_definition/SC-28/motordrive.py","set_values","198","","","","","","","","","","","","","","","","","","","","","","0.42857142857142866","0.42857142857142866","","","","","","","","","","","","","","","","","","","","","","",""
"420.923632571","2026-05-12 20:56:54.335338","/home/sc28/SC-28/1_definition/SC-28/motordrive.py","stop","142","","","","","","","","","","","","","","","","","","","","","","0.0","0.0","","","","","","","","","","","","","","","","","","","","","","",""
"421.09362107","2026-05-12 20:56:54.505334","/home/sc28/SC-28/1_definition/SC-28/camera.py","capture_and_detect","263","","","","","","","","","","","","","","","","","2","","","","","","","","","","","","","","","","","","","","","","","","","","","","",""
"421.098198153","2026-05-12 20:56:54.509898","/home/sc28/SC-28/1_definition/SC-28/camera.py","capture_and_detect","264","","","","","","","","","","","","","","","","2702.5","","","","","","","","","","","","","","","","","","","","","","","","","","","","","",""
"421.101714714","2026-05-12 20:56:54.513428","/home/sc28/SC-28/1_definition/SC-28/camera.py","capture_and_detect","265","","","","","","","","","","","","","","","","","","542","440","","","","","","","","","","","","","","","","","","","","","","","","","","",""
"421.105049713","2026-05-12 20:56:54.516762","/home/sc28/SC-28/1_definition/SC-28/camera.py","capture_and_detect","266","","","","","","","","","","","","","","","","","","","","640","480","","","","","","","","","","","","","","","","","","","","","","","","",""
"421.119351272","2026-05-12 20:56:54.531061","/home/sc28/SC-28/1_definition/SC-28/motordrive.py","set_values","198","","","","","","","","","","","","","","","","","","","","","","0.0","0.0","","","","","","","","","","","","","","","","","","","","","","",""
"421.14989564","2026-05-12 20:56:54.561594","/home/sc28/SC-28/1_definition/SC-28/motordrive.py","set_values","198","","","","","","","","","","","","","","","","","","","","","","0.07142857142857144","0.07142857142857144","","","","","","","","","","","","","","","","","","","","","","",""
"421.183773757","2026-05-12 20:56:54.595472","/home/sc28/SC-28/1_definition/SC-28/motordrive.py","set_values","198","","","","","","","","","","","","","","","","","","","","","","0.14285714285714288","0.14285714285714288","","","","","","","","","","","","","","","","","","","","","","",""
"421.213825051","2026-05-12 20:56:54.625523","/home/sc28/SC-28/1_definition/SC-28/motordrive.py","set_values","198","","","","","","","","","","","","","","","","","","","","","","0.21428571428571433","0.21428571428571433","","","","","","","","","","","","","","","","","","","","","","",""
"421.24532921","2026-05-12 20:56:54.657027","/home/sc28/SC-28/1_definition/SC-28/motordrive.py","set_values","198","","","","","","","","","","","","","","","","","","","","","","0.28571428571428575","0.28571428571428575","","","","","","","","","","","","","","","","","","","","","","",""
"421.275985713","2026-05-12 20:56:54.687729","/home/sc28/SC-28/1_definition/SC-28/motordrive.py","set_values","198","","","","","","","","","","","","","","","","","","","","","","0.35714285714285715","0.35714285714285715","","","","","","","","","","","","","","","","","","","","","","",""
"421.306489924","2026-05-12 20:56:54.718188","/home/sc28/SC-28/1_definition/SC-28/motordrive.py","set_values","198","","","","","","","","","","","","","","","","","","","","","","0.42857142857142866","0.42857142857142866","","","","","","","","","","","","","","","","","","","","","","",""
"421.601594018","2026-05-12 20:56:55.013299","/home/sc28/SC-28/1_definition/SC-28/motordrive.py","stop","142","","","","","","","","","","","","","","","","","","","","","","0.0","0.0","","","","","","","","","","","","","","","","","","","","","","",""
"421.769525279","2026-05-12 20:56:55.181240","/home/sc28/SC-28/1_definition/SC-28/camera.py","capture_and_detect","263","","","","","","","","","","","","","","","","","1","","","","","","","","","","","","","","","","","","","","","","","","","","","","",""
"421.774226163","2026-05-12 20:56:55.185933","/home/sc28/SC-28/1_definition/SC-28/camera.py","capture_and_detect","264","","","","","","","","","","","","","","","","1762.0","","","","","","","","","","","","","","","","","","","","","","","","","","","","","",""
"421.77811861","2026-05-12 20:56:55.189831","/home/sc28/SC-28/1_definition/SC-28/camera.py","capture_and_detect","265","","","","","","","","","","","","","","","","","","319","315","","","","","","","","","","","","","","","","","","","","","","","","","","",""
"421.781341474","2026-05-12 20:56:55.193054","/home/sc28/SC-28/1_definition/SC-28/camera.py","capture_and_detect","266","","","","","","","","","","","","","","","","","","","","640","480","","","","","","","","","","","","","","","","","","","","","","","","",""
"421.808834071","2026-05-12 20:56:55.220545","/home/sc28/SC-28/1_definition/SC-28/motordrive.py","set_values","198","","","","","","","","","","","","","","","","","","","","","","0.0","0.0","","","","","","","","","","","","","","","","","","","","","","",""
"421.846305364","2026-05-12 20:56:55.258006","/home/sc28/SC-28/1_definition/SC-28/motordrive.py","set_values","198","","","","","","","","","","","","","","","","","","","","","","0.07142857142857144","0.07142857142857144","","","","","","","","","","","","","","","","","","","","","","",""
"421.876771711","2026-05-12 20:56:55.288471","/home/sc28/SC-28/1_definition/SC-28/motordrive.py","set_values","198","","","","","","","","","","","","","","","","","","","","","","0.14285714285714288","0.14285714285714288","","","","","","","","","","","","","","","","","","","","","","",""
"421.907106755","2026-05-12 20:56:55.318805","/home/sc28/SC-28/1_definition/SC-28/motordrive.py","set_values","198","","","","","","","","","","","","","","","","","","","","","","0.21428571428571433","0.21428571428571433","","","","","","","","","","","","","","","","","","","","","","",""
"421.937371591","2026-05-12 20:56:55.349070","/home/sc28/SC-28/1_definition/SC-28/motordrive.py","set_values","198","","","","","","","","","","","","","","","","","","","","","","0.28571428571428575","0.28571428571428575","","","","","","","","","","","","","","","","","","","","","","",""
"421.968836844","2026-05-12 20:56:55.380535","/home/sc28/SC-28/1_definition/SC-28/motordrive.py","set_values","198","","","","","","","","","","","","","","","","","","","","","","0.35714285714285715","0.35714285714285715","","","","","","","","","","","","","","","","","","","","","","",""
"422.003213034","2026-05-12 20:56:55.414913","/home/sc28/SC-28/1_definition/SC-28/motordrive.py","set_values","198","","","","","","","","","","","","","","","","","","","","","","0.42857142857142866","0.42857142857142866","","","","","","","","","","","","","","","","","","","","","","",""
"422.301020356","2026-05-12 20:56:55.712728","/home/sc28/SC-28/1_definition/SC-28/motordrive.py","stop","142","","","","","","","","","","","","","","","","","","","","","","0.0","0.0","","","","","","","","","","","","","","","","","","","","","","",""
"428.958108245","2026-05-12 20:57:02.369819","/home/sc28/SC-28/1_definition/SC-28/camera.py","capture_and_detect","263","","","","","","","","","","","","","","","","","1","","","","","","","","","","","","","","","","","","","","","","","","","","","","",""
"429.013335263","2026-05-12 20:57:02.425040","/home/sc28/SC-28/1_definition/SC-28/camera.py","capture_and_detect","264","","","","","","","","","","","","","","","","1549.0","","","","","","","","","","","","","","","","","","","","","","","","","","","","","",""
"429.059622543","2026-05-12 20:57:02.471332","/home/sc28/SC-28/1_definition/SC-28/camera.py","capture_and_detect","265","","","","","","","","","","","","","","","","","","264","307","","","","","","","","","","","","","","","","","","","","","","","","","","",""
"429.10602399","2026-05-12 20:57:02.517734","/home/sc28/SC-28/1_definition/SC-28/camera.py","capture_and_detect","266","","","","","","","","","","","","","","","","","","","","640","480","","","","","","","","","","","","","","","","","","","","","","","","",""
"429.191467042","2026-05-12 20:57:02.603175","/home/sc28/SC-28/1_definition/SC-28/motordrive.py","set_values","198","","","","","","","","","","","","","","","","","","","","","","0.0","0.0","","","","","","","","","","","","","","","","","","","","","","",""
"429.269226918","2026-05-12 20:57:02.680924","/home/sc28/SC-28/1_definition/SC-28/motordrive.py","set_values","198","","","","","","","","","","","","","","","","","","","","","","0.07142857142857144","0.07142857142857144","","","","","","","","","","","","","","","","","","","","","","",""
"429.342052734","2026-05-12 20:57:02.753751","/home/sc28/SC-28/1_definition/SC-28/motordrive.py","set_values","198","","","","","","","","","","","","","","","","","","","","","","0.14285714285714288","0.14285714285714288","","","","","","","","","","","","","","","","","","","","","","",""
"429.415411466","2026-05-12 20:57:02.827110","/home/sc28/SC-28/1_definition/SC-28/motordrive.py","set_values","198","","","","","","","","","","","","","","","","","","","","","","0.21428571428571433","0.21428571428571433","","","","","","","","","","","","","","","","","","","","","","",""
"429.445611823","2026-05-12 20:57:02.857310","/home/sc28/SC-28/1_definition/SC-28/motordrive.py","set_values","198","","","","","","","","","","","","","","","","","","","","","","0.28571428571428575","0.28571428571428575","","","","","","","","","","","","","","","","","","","","","","",""
"429.475880357","2026-05-12 20:57:02.887581","/home/sc28/SC-28/1_definition/SC-28/motordrive.py","set_values","198","","","","","","","","","","","","","","","","","","","","","","0.35714285714285715","0.35714285714285715","","","","","","","","","","","","","","","","","","","","","","",""
"429.510214203","2026-05-12 20:57:02.921912","/home/sc28/SC-28/1_definition/SC-28/motordrive.py","set_values","198","","","","","","","","","","","","","","","","","","","","","","0.42857142857142866","0.42857142857142866","","","","","","","","","","","","","","","","","","","","","","",""
"429.803895537","2026-05-12 20:57:03.215601","/home/sc28/SC-28/1_definition/SC-28/motordrive.py","stop","142","","","","","","","","","","","","","","","","","","","","","","0.0","0.0","","","","","","","","","","","","","","","","","","","","","","",""
"429.967531382","2026-05-12 20:57:03.379243","/home/sc28/SC-28/1_definition/SC-28/camera.py","capture_and_detect","263","","","","","","","","","","","","","","","","","1","","","","","","","","","","","","","","","","","","","","","","","","","","","","",""
"429.973567161","2026-05-12 20:57:03.385274","/home/sc28/SC-28/1_definition/SC-28/camera.py","capture_and_detect","264","","","","","","","","","","","","","","","","1738.0","","","","","","","","","","","","","","","","","","","","","","","","","","","","","",""
"429.976885858","2026-05-12 20:57:03.388599","/home/sc28/SC-28/1_definition/SC-28/camera.py","capture_and_detect","265","","","","","","","","","","","","","","","","","","376","270","","","","","","","","","","","","","","","","","","","","","","","","","","",""
"429.980195597","2026-05-12 20:57:03.391910","/home/sc28/SC-28/1_definition/SC-28/camera.py","capture_and_detect","266","","","","","","","","","","","","","","","","","","","","640","480","","","","","","","","","","","","","","","","","","","","","","","","",""
"430.000244394","2026-05-12 20:57:03.411953","/home/sc28/SC-28/1_definition/SC-28/motordrive.py","set_values","198","","","","","","","","","","","","","","","","","","","","","","0.0","0.0","","","","","","","","","","","","","","","","","","","","","","",""
"430.032312095","2026-05-12 20:57:03.444011","/home/sc28/SC-28/1_definition/SC-28/motordrive.py","set_values","198","","","","","","","","","","","","","","","","","","","","","","0.07142857142857144","0.07142857142857144","","","","","","","","","","","","","","","","","","","","","","",""
"430.062773181","2026-05-12 20:57:03.474472","/home/sc28/SC-28/1_definition/SC-28/motordrive.py","set_values","198","","","","","","","","","","","","","","","","","","","","","","0.14285714285714288","0.14285714285714288","","","","","","","","","","","","","","","","","","","","","","",""
"430.093147757","2026-05-12 20:57:03.504845","/home/sc28/SC-28/1_definition/SC-28/motordrive.py","set_values","198","","","","","","","","","","","","","","","","","","","","","","0.21428571428571433","0.21428571428571433","","","","","","","","","","","","","","","","","","","","","","",""
"430.123872541","2026-05-12 20:57:03.535572","/home/sc28/SC-28/1_definition/SC-28/motordrive.py","set_values","198","","","","","","","","","","","","","","","","","","","","","","0.28571428571428575","0.28571428571428575","","","","","","","","","","","","","","","","","","","","","","",""
"430.158169564","2026-05-12 20:57:03.569868","/home/sc28/SC-28/1_definition/SC-28/motordrive.py","set_values","198","","","","","","","","","","","","","","","","","","","","","","0.35714285714285715","0.35714285714285715","","","","","","","","","","","","","","","","","","","","","","",""
"430.188561535","2026-05-12 20:57:03.600260","/home/sc28/SC-28/1_definition/SC-28/motordrive.py","set_values","198","","","","","","","","","","","","","","","","","","","","","","0.42857142857142866","0.42857142857142866","","","","","","","","","","","","","","","","","","","","","","",""
"430.477500735","2026-05-12 20:57:03.889205","/home/sc28/SC-28/1_definition/SC-28/motordrive.py","stop","142","","","","","","","","","","","","","","","","","","","","","","0.0","0.0","","","","","","","","","","","","","","","","","","","","","","",""
"430.643391736","2026-05-12 20:57:04.055118","/home/sc28/SC-28/1_definition/SC-28/camera.py","capture_and_detect","263","","","","","","","","","","","","","","","","","1","","","","","","","","","","","","","","","","","","","","","","","","","","","","",""
"430.650073245","2026-05-12 20:57:04.061779","/home/sc28/SC-28/1_definition/SC-28/camera.py","capture_and_detect","264","","","","","","","","","","","","","","","","1665.0","","","","","","","","","","","","","","","","","","","","","","","","","","","","","",""
"430.65332241","2026-05-12 20:57:04.065036","/home/sc28/SC-28/1_definition/SC-28/camera.py","capture_and_detect","265","","","","","","","","","","","","","","","","","","379","265","","","","","","","","","","","","","","","","","","","","","","","","","","",""
"430.66036168","2026-05-12 20:57:04.072075","/home/sc28/SC-28/1_definition/SC-28/camera.py","capture_and_detect","266","","","","","","","","","","","","","","","","","","","","640","480","","","","","","","","","","","","","","","","","","","","","","","","",""
"430.694002869","2026-05-12 20:57:04.105712","/home/sc28/SC-28/1_definition/SC-28/motordrive.py","set_values","198","","","","","","","","","","","","","","","","","","","","","","0.0","0.0","","","","","","","","","","","","","","","","","","","","","","",""
"430.727899371","2026-05-12 20:57:04.139598","/home/sc28/SC-28/1_definition/SC-28/motordrive.py","set_values","198","","","","","","","","","","","","","","","","","","","","","","0.07142857142857144","0.07142857142857144","","","","","","","","","","","","","","","","","","","","","","",""
"430.758191499","2026-05-12 20:57:04.169890","/home/sc28/SC-28/1_definition/SC-28/motordrive.py","set_values","198","","","","","","","","","","","","","","","","","","","","","","0.14285714285714288","0.14285714285714288","","","","","","","","","","","","","","","","","","","","","","",""
"430.788308367","2026-05-12 20:57:04.200006","/home/sc28/SC-28/1_definition/SC-28/motordrive.py","set_values","198","","","","","","","","","","","","","","","","","","","","","","0.21428571428571433","0.21428571428571433","","","","","","","","","","","","","","","","","","","","","","",""
"430.824134452","2026-05-12 20:57:04.235835","/home/sc28/SC-28/1_definition/SC-28/motordrive.py","set_values","198","","","","","","","","","","","","","","","","","","","","","","0.28571428571428575","0.28571428571428575","","","","","","","","","","","","","","","","","","","","","","",""
"430.854469444","2026-05-12 20:57:04.266167","/home/sc28/SC-28/1_definition/SC-28/motordrive.py","set_values","198","","","","","","","","","","","","","","","","","","","","","","0.35714285714285715","0.35714285714285715","","","","","","","","","","","","","","","","","","","","","","",""
"430.884791103","2026-05-12 20:57:04.296492","/home/sc28/SC-28/1_definition/SC-28/motordrive.py","set_values","198","","","","","","","","","","","","","","","","","","","","","","0.42857142857142866","0.42857142857142866","","","","","","","","","","","","","","","","","","","","","","",""
"431.17406447","2026-05-12 20:57:04.585770","/home/sc28/SC-28/1_definition/SC-28/motordrive.py","stop","142","","","","","","","","","","","","","","","","","","","","","","0.0","0.0","","","","","","","","","","","","","","","","","","","","","","",""
"431.335365263","2026-05-12 20:57:04.747083","/home/sc28/SC-28/1_definition/SC-28/camera.py","capture_and_detect","263","","","","","","","","","","","","","","","","","1","","","","","","","","","","","","","","","","","","","","","","","","","","","","",""
"431.342768751","2026-05-12 20:57:04.754470","/home/sc28/SC-28/1_definition/SC-28/camera.py","capture_and_detect","264","","","","","","","","","","","","","","","","1733.5","","","","","","","","","","","","","","","","","","","","","","","","","","","","","",""
"431.348719374","2026-05-12 20:57:04.760433","/home/sc28/SC-28/1_definition/SC-28/camera.py","capture_and_detect","265","","","","","","","","","","","","","","","","","","383","263","","","","","","","","","","","","","","","","","","","","","","","","","","",""
"431.351911092","2026-05-12 20:57:04.763625","/home/sc28/SC-28/1_definition/SC-28/camera.py","capture_and_detect","266","","","","","","","","","","","","","","","","","","","","640","480","","","","","","","","","","","","","","","","","","","","","","","","",""
"431.366461037","2026-05-12 20:57:04.778166","/home/sc28/SC-28/1_definition/SC-28/motordrive.py","set_values","198","","","","","","","","","","","","","","","","","","","","","","0.0","0.0","","","","","","","","","","","","","","","","","","","","","","",""
"431.397369154","2026-05-12 20:57:04.809068","/home/sc28/SC-28/1_definition/SC-28/motordrive.py","set_values","198","","","","","","","","","","","","","","","","","","","","","","0.07142857142857144","0.07142857142857144","","","","","","","","","","","","","","","","","","","","","","",""
"431.427577011","2026-05-12 20:57:04.839277","/home/sc28/SC-28/1_definition/SC-28/motordrive.py","set_values","198","","","","","","","","","","","","","","","","","","","","","","0.14285714285714288","0.14285714285714288","","","","","","","","","","","","","","","","","","","","","","",""
"431.462198305","2026-05-12 20:57:04.873898","/home/sc28/SC-28/1_definition/SC-28/motordrive.py","set_values","198","","","","","","","","","","","","","","","","","","","","","","0.21428571428571433","0.21428571428571433","","","","","","","","","","","","","","","","","","","","","","",""
"431.492211683","2026-05-12 20:57:04.903910","/home/sc28/SC-28/1_definition/SC-28/motordrive.py","set_values","198","","","","","","","","","","","","","","","","","","","","","","0.28571428571428575","0.28571428571428575","","","","","","","","","","","","","","","","","","","","","","",""
"431.522218186","2026-05-12 20:57:04.933917","/home/sc28/SC-28/1_definition/SC-28/motordrive.py","set_values","198","","","","","","","","","","","","","","","","","","","","","","0.35714285714285715","0.35714285714285715","","","","","","","","","","","","","","","","","","","","","","",""
"431.55240646","2026-05-12 20:57:04.964104","/home/sc28/SC-28/1_definition/SC-28/motordrive.py","set_values","198","","","","","","","","","","","","","","","","","","","","","","0.42857142857142866","0.42857142857142866","","","","","","","","","","","","","","","","","","","","","","",""
"431.843229669","2026-05-12 20:57:05.254934","/home/sc28/SC-28/1_definition/SC-28/motordrive.py","stop","142","","","","","","","","","","","","","","","","","","","","","","0.0","0.0","","","","","","","","","","","","","","","","","","","","","","",""
"432.008930097","2026-05-12 20:57:05.420638","/home/sc28/SC-28/1_definition/SC-28/camera.py","capture_and_detect","263","","","","","","","","","","","","","","","","","1","","","","","","","","","","","","","","","","","","","","","","","","","","","","",""
"432.012576607","2026-05-12 20:57:05.424277","/home/sc28/SC-28/1_definition/SC-28/camera.py","capture_and_detect","264","","","","","","","","","","","","","","","","1856.5","","","","","","","","","","","","","","","","","","","","","","","","","","","","","",""
"432.015765929","2026-05-12 20:57:05.427480","/home/sc28/SC-28/1_definition/SC-28/camera.py","capture_and_detect","265","","","","","","","","","","","","","","","","","","387","269","","","","","","","","","","","","","","","","","","","","","","","","","","",""
"432.019001292","2026-05-12 20:57:05.430714","/home/sc28/SC-28/1_definition/SC-28/camera.py","capture_and_detect","266","","","","","","","","","","","","","","","","","","","","640","480","","","","","","","","","","","","","","","","","","","","","","","","",""
"432.045461025","2026-05-12 20:57:05.457167","/home/sc28/SC-28/1_definition/SC-28/motordrive.py","set_values","198","","","","","","","","","","","","","","","","","","","","","","0.0","0.0","","","","","","","","","","","","","","","","","","","","","","",""
"432.082259766","2026-05-12 20:57:05.493957","/home/sc28/SC-28/1_definition/SC-28/motordrive.py","set_values","198","","","","","","","","","","","","","","","","","","","","","","0.07142857142857144","0.07142857142857144","","","","","","","","","","","","","","","","","","","","","","",""
"432.112645332","2026-05-12 20:57:05.524344","/home/sc28/SC-28/1_definition/SC-28/motordrive.py","set_values","198","","","","","","","","","","","","","","","","","","","","","","0.14285714285714288","0.14285714285714288","","","","","","","","","","","","","","","","","","","","","","",""
"432.142623814","2026-05-12 20:57:05.554322","/home/sc28/SC-28/1_definition/SC-28/motordrive.py","set_values","198","","","","","","","","","","","","","","","","","","","","","","0.21428571428571433","0.21428571428571433","","","","","","","","","","","","","","","","","","","","","","",""
"432.172668338","2026-05-12 20:57:05.584367","/home/sc28/SC-28/1_definition/SC-28/motordrive.py","set_values","198","","","","","","","","","","","","","","","","","","","","","","0.28571428571428575","0.28571428571428575","","","","","","","","","","","","","","","","","","","","","","",""
"432.202779841","2026-05-12 20:57:05.614478","/home/sc28/SC-28/1_definition/SC-28/motordrive.py","set_values","198","","","","","","","","","","","","","","","","","","","","","","0.35714285714285715","0.35714285714285715","","","","","","","","","","","","","","","","","","","","","","",""
"432.232958115","2026-05-12 20:57:05.644656","/home/sc28/SC-28/1_definition/SC-28/motordrive.py","set_values","198","","","","","","","","","","","","","","","","","","","","","","0.42857142857142866","0.42857142857142866","","","","","","","","","","","","","","","","","","","","","","",""
"432.52607299","2026-05-12 20:57:05.937779","/home/sc28/SC-28/1_definition/SC-28/motordrive.py","stop","142","","","","","","","","","","","","","","","","","","","","","","0.0","0.0","","","","","","","","","","","","","","","","","","","","","","",""
"439.072664033","2026-05-12 20:57:12.484367","/home/sc28/SC-28/1_definition/SC-28/camera.py","capture_and_detect","263","","","","","","","","","","","","","","","","","1","","","","","","","","","","","","","","","","","","","","","","","","","","","","",""
"439.076083407","2026-05-12 20:57:12.487787","/home/sc28/SC-28/1_definition/SC-28/camera.py","capture_and_detect","264","","","","","","","","","","","","","","","","1925.0","","","","","","","","","","","","","","","","","","","","","","","","","","","","","",""
"439.080674343","2026-05-12 20:57:12.492386","/home/sc28/SC-28/1_definition/SC-28/camera.py","capture_and_detect","265","","","","","","","","","","","","","","","","","","430","149","","","","","","","","","","","","","","","","","","","","","","","","","","",""
"439.083533144","2026-05-12 20:57:12.495238","/home/sc28/SC-28/1_definition/SC-28/camera.py","capture_and_detect","266","","","","","","","","","","","","","","","","","","","","640","480","","","","","","","","","","","","","","","","","","","","","","","","",""
"439.120522979","2026-05-12 20:57:12.532234","/home/sc28/SC-28/1_definition/SC-28/motordrive.py","set_values","198","","","","","","","","","","","","","","","","","","","","","","-0.0","-0.0","","","","","","","","","","","","","","","","","","","","","","",""
"439.155502085","2026-05-12 20:57:12.567200","/home/sc28/SC-28/1_definition/SC-28/motordrive.py","set_values","198","","","","","","","","","","","","","","","","","","","","","","-0.014285714285714289","-0.07142857142857144","","","","","","","","","","","","","","","","","","","","","","",""
"439.185661661","2026-05-12 20:57:12.597360","/home/sc28/SC-28/1_definition/SC-28/motordrive.py","set_values","198","","","","","","","","","","","","","","","","","","","","","","-0.028571428571428577","-0.14285714285714288","","","","","","","","","","","","","","","","","","","","","","",""
"439.215661029","2026-05-12 20:57:12.627359","/home/sc28/SC-28/1_definition/SC-28/motordrive.py","set_values","198","","","","","","","","","","","","","","","","","","","","","","-0.04285714285714287","-0.21428571428571433","","","","","","","","","","","","","","","","","","","","","","",""
"439.245747636","2026-05-12 20:57:12.657446","/home/sc28/SC-28/1_definition/SC-28/motordrive.py","set_values","198","","","","","","","","","","","","","","","","","","","","","","-0.057142857142857155","-0.28571428571428575","","","","","","","","","","","","","","","","","","","","","","",""
"439.279488617","2026-05-12 20:57:12.691186","/home/sc28/SC-28/1_definition/SC-28/motordrive.py","set_values","198","","","","","","","","","","","","","","","","","","","","","","-0.07142857142857144","-0.35714285714285715","","","","","","","","","","","","","","","","","","","","","","",""
"439.329955896","2026-05-12 20:57:12.741654","/home/sc28/SC-28/1_definition/SC-28/motordrive.py","set_values","198","","","","","","","","","","","","","","","","","","","","","","-0.08571428571428574","-0.42857142857142866","","","","","","","","","","","","","","","","","","","","","","",""
"439.622169835","2026-05-12 20:57:13.033875","/home/sc28/SC-28/1_definition/SC-28/motordrive.py","stop","142","","","","","","","","","","","","","","","","","","","","","","0.0","0.0","","","","","","","","","","","","","","","","","","","","","","",""
"439.787936408","2026-05-12 20:57:13.199645","/home/sc28/SC-28/1_definition/SC-28/camera.py","capture_and_detect","263","","","","","","","","","","","","","","","","","1","","","","","","","","","","","","","","","","","","","","","","","","","","","","",""
"439.792910365","2026-05-12 20:57:13.204609","/home/sc28/SC-28/1_definition/SC-28/camera.py","capture_and_detect","264","","","","","","","","","","","","","","","","1920.5","","","","","","","","","","","","","","","","","","","","","","","","","","","","","",""
"439.796105365","2026-05-12 20:57:13.207823","/home/sc28/SC-28/1_definition/SC-28/camera.py","capture_and_detect","265","","","","","","","","","","","","","","","","","","383","278","","","","","","","","","","","","","","","","","","","","","","","","","","",""
"439.802962811","2026-05-12 20:57:13.214675","/home/sc28/SC-28/1_definition/SC-28/camera.py","capture_and_detect","266","","","","","","","","","","","","","","","","","","","","640","480","","","","","","","","","","","","","","","","","","","","","","","","",""
"439.816275203","2026-05-12 20:57:13.227985","/home/sc28/SC-28/1_definition/SC-28/motordrive.py","set_values","198","","","","","","","","","","","","","","","","","","","","","","-0.0","-0.0","","","","","","","","","","","","","","","","","","","","","","",""
"439.84986082","2026-05-12 20:57:13.261559","/home/sc28/SC-28/1_definition/SC-28/motordrive.py","set_values","198","","","","","","","","","","","","","","","","","","","","","","-0.014285714285714289","-0.07142857142857144","","","","","","","","","","","","","","","","","","","","","","",""
"439.879924771","2026-05-12 20:57:13.291623","/home/sc28/SC-28/1_definition/SC-28/motordrive.py","set_values","198","","","","","","","","","","","","","","","","","","","","","","-0.028571428571428577","-0.14285714285714288","","","","","","","","","","","","","","","","","","","","","","",""
"439.910083253","2026-05-12 20:57:13.321782","/home/sc28/SC-28/1_definition/SC-28/motordrive.py","set_values","198","","","","","","","","","","","","","","","","","","","","","","-0.04285714285714287","-0.21428571428571433","","","","","","","","","","","","","","","","","","","","","","",""
"439.945676838","2026-05-12 20:57:13.357381","/home/sc28/SC-28/1_definition/SC-28/motordrive.py","set_values","198","","","","","","","","","","","","","","","","","","","","","","-0.057142857142857155","-0.28571428571428575","","","","","","","","","","","","","","","","","","","","","","",""
"439.976539226","2026-05-12 20:57:13.388238","/home/sc28/SC-28/1_definition/SC-28/motordrive.py","set_values","198","","","","","","","","","","","","","","","","","","","","","","-0.07142857142857144","-0.35714285714285715","","","","","","","","","","","","","","","","","","","","","","",""
"440.006515729","2026-05-12 20:57:13.418213","/home/sc28/SC-28/1_definition/SC-28/motordrive.py","set_values","198","","","","","","","","","","","","","","","","","","","","","","-0.08571428571428574","-0.42857142857142866","","","","","","","","","","","","","","","","","","","","","","",""
"440.296094564","2026-05-12 20:57:13.707800","/home/sc28/SC-28/1_definition/SC-28/motordrive.py","stop","142","","","","","","","","","","","","","","","","","","","","","","0.0","0.0","","","","","","","","","","","","","","","","","","","","","","",""
"440.461040409","2026-05-12 20:57:13.872753","/home/sc28/SC-28/1_definition/SC-28/camera.py","capture_and_detect","263","","","","","","","","","","","","","","","","","1","","","","","","","","","","","","","","","","","","","","","","","","","","","","",""
"440.464692908","2026-05-12 20:57:13.876399","/home/sc28/SC-28/1_definition/SC-28/camera.py","capture_and_detect","264","","","","","","","","","","","","","","","","1941.0","","","","","","","","","","","","","","","","","","","","","","","","","","","","","",""
"440.471465146","2026-05-12 20:57:13.883178","/home/sc28/SC-28/1_definition/SC-28/camera.py","capture_and_detect","265","","","","","","","","","","","","","","","","","","387","274","","","","","","","","","","","","","","","","","","","","","","","","","","",""
"440.475161395","2026-05-12 20:57:13.886878","/home/sc28/SC-28/1_definition/SC-28/camera.py","capture_and_detect","266","","","","","","","","","","","","","","","","","","","","640","480","","","","","","","","","","","","","","","","","","","","","","","","",""
"440.502948211","2026-05-12 20:57:13.914663","/home/sc28/SC-28/1_definition/SC-28/motordrive.py","set_values","198","","","","","","","","","","","","","","","","","","","","","","-0.0","-0.0","","","","","","","","","","","","","","","","","","","","","","",""
"440.53951039","2026-05-12 20:57:13.951207","/home/sc28/SC-28/1_definition/SC-28/motordrive.py","set_values","198","","","","","","","","","","","","","","","","","","","","","","-0.014285714285714289","-0.07142857142857144","","","","","","","","","","","","","","","","","","","","","","",""
"440.570158663","2026-05-12 20:57:13.981857","/home/sc28/SC-28/1_definition/SC-28/motordrive.py","set_values","198","","","","","","","","","","","","","","","","","","","","","","-0.028571428571428577","-0.14285714285714288","","","","","","","","","","","","","","","","","","","","","","",""
"440.605327509","2026-05-12 20:57:14.017026","/home/sc28/SC-28/1_definition/SC-28/motordrive.py","set_values","198","","","","","","","","","","","","","","","","","","","","","","-0.04285714285714287","-0.21428571428571433","","","","","","","","","","","","","","","","","","","","","","",""
"440.63578271","2026-05-12 20:57:14.047483","/home/sc28/SC-28/1_definition/SC-28/motordrive.py","set_values","198","","","","","","","","","","","","","","","","","","","","","","-0.057142857142857155","-0.28571428571428575","","","","","","","","","","","","","","","","","","","","","","",""
"440.667486608","2026-05-12 20:57:14.079185","/home/sc28/SC-28/1_definition/SC-28/motordrive.py","set_values","198","","","","","","","","","","","","","","","","","","","","","","-0.07142857142857144","-0.35714285714285715","","","","","","","","","","","","","","","","","","","","","","",""
"440.697871809","2026-05-12 20:57:14.109570","/home/sc28/SC-28/1_definition/SC-28/motordrive.py","set_values","198","","","","","","","","","","","","","","","","","","","","","","-0.08571428571428574","-0.42857142857142866","","","","","","","","","","","","","","","","","","","","","","",""
"440.987570279","2026-05-12 20:57:14.399275","/home/sc28/SC-28/1_definition/SC-28/motordrive.py","stop","142","","","","","","","","","","","","","","","","","","","","","","0.0","0.0","","","","","","","","","","","","","","","","","","","","","","",""
"441.152841853","2026-05-12 20:57:14.564550","/home/sc28/SC-28/1_definition/SC-28/camera.py","capture_and_detect","263","","","","","","","","","","","","","","","","","1","","","","","","","","","","","","","","","","","","","","","","","","","","","","",""
"441.156511279","2026-05-12 20:57:14.568214","/home/sc28/SC-28/1_definition/SC-28/camera.py","capture_and_detect","264","","","","","","","","","","","","","","","","1865.5","","","","","","","","","","","","","","","","","","","","","","","","","","","","","",""
"441.160676226","2026-05-12 20:57:14.572388","/home/sc28/SC-28/1_definition/SC-28/camera.py","capture_and_detect","265","","","","","","","","","","","","","","","","","","389","268","","","","","","","","","","","","","","","","","","","","","","","","","","",""
"441.163854507","2026-05-12 20:57:14.575568","/home/sc28/SC-28/1_definition/SC-28/camera.py","capture_and_detect","266","","","","","","","","","","","","","","","","","","","","640","480","","","","","","","","","","","","","","","","","","","","","","","","",""
"441.177888514","2026-05-12 20:57:14.589594","/home/sc28/SC-28/1_definition/SC-28/motordrive.py","set_values","198","","","","","","","","","","","","","","","","","","","","","","-0.0","-0.0","","","","","","","","","","","","","","","","","","","","","","",""
"441.208407933","2026-05-12 20:57:14.620106","/home/sc28/SC-28/1_definition/SC-28/motordrive.py","set_values","198","","","","","","","","","","","","","","","","","","","","","","-0.014285714285714289","-0.07142857142857144","","","","","","","","","","","","","","","","","","","","","","",""
"441.242051362","2026-05-12 20:57:14.653750","/home/sc28/SC-28/1_definition/SC-28/motordrive.py","set_values","198","","","","","","","","","","","","","","","","","","","","","","-0.028571428571428577","-0.14285714285714288","","","","","","","","","","","","","","","","","","","","","","",""
"441.27285349","2026-05-12 20:57:14.684552","/home/sc28/SC-28/1_definition/SC-28/motordrive.py","set_values","198","","","","","","","","","","","","","","","","","","","","","","-0.04285714285714287","-0.21428571428571433","","","","","","","","","","","","","","","","","","","","","","",""
"441.303176972","2026-05-12 20:57:14.714875","/home/sc28/SC-28/1_definition/SC-28/motordrive.py","set_values","198","","","","","","","","","","","","","","","","","","","","","","-0.057142857142857155","-0.28571428571428575","","","","","","","","","","","","","","","","","","","","","","",""
"441.33337509","2026-05-12 20:57:14.745073","/home/sc28/SC-28/1_definition/SC-28/motordrive.py","set_values","198","","","","","","","","","","","","","","","","","","","","","","-0.07142857142857144","-0.35714285714285715","","","","","","","","","","","","","","","","","","","","","","",""
"441.364913988","2026-05-12 20:57:14.776612","/home/sc28/SC-28/1_definition/SC-28/motordrive.py","set_values","198","","","","","","","","","","","","","","","","","","","","","","-0.08571428571428574","-0.42857142857142866","","","","","","","","","","","","","","","","","","","","","","",""
"441.657878239","2026-05-12 20:57:15.069582","/home/sc28/SC-28/1_definition/SC-28/motordrive.py","stop","142","","","","","","","","","","","","","","","","","","","","","","0.0","0.0","","","","","","","","","","","","","","","","","","","","","","",""
"441.821716011","2026-05-12 20:57:15.233422","/home/sc28/SC-28/1_definition/SC-28/camera.py","capture_and_detect","263","","","","","","","","","","","","","","","","","1","","","","","","","","","","","","","","","","","","","","","","","","","","","","",""
"441.825483771","2026-05-12 20:57:15.237184","/home/sc28/SC-28/1_definition/SC-28/camera.py","capture_and_detect","264","","","","","","","","","","","","","","","","1817.5","","","","","","","","","","","","","","","","","","","","","","","","","","","","","",""
"441.828702103","2026-05-12 20:57:15.240414","/home/sc28/SC-28/1_definition/SC-28/camera.py","capture_and_detect","265","","","","","","","","","","","","","","","","","","387","265","","","","","","","","","","","","","","","","","","","","","","","","","","",""
"441.831851477","2026-05-12 20:57:15.243565","/home/sc28/SC-28/1_definition/SC-28/camera.py","capture_and_detect","266","","","","","","","","","","","","","","","","","","","","640","480","","","","","","","","","","","","","","","","","","","","","","","","",""
"441.857049857","2026-05-12 20:57:15.268757","/home/sc28/SC-28/1_definition/SC-28/motordrive.py","set_values","198","","","","","","","","","","","","","","","","","","","","","","-0.0","-0.0","","","","","","","","","","","","","","","","","","","","","","",""
"441.893565368","2026-05-12 20:57:15.305264","/home/sc28/SC-28/1_definition/SC-28/motordrive.py","set_values","198","","","","","","","","","","","","","","","","","","","","","","-0.014285714285714289","-0.07142857142857144","","","","","","","","","","","","","","","","","","","","","","",""
"441.923738174","2026-05-12 20:57:15.335436","/home/sc28/SC-28/1_definition/SC-28/motordrive.py","set_values","198","","","","","","","","","","","","","","","","","","","","","","-0.028571428571428577","-0.14285714285714288","","","","","","","","","","","","","","","","","","","","","","",""
"441.954211135","2026-05-12 20:57:15.365909","/home/sc28/SC-28/1_definition/SC-28/motordrive.py","set_values","198","","","","","","","","","","","","","","","","","","","","","","-0.04285714285714287","-0.21428571428571433","","","","","","","","","","","","","","","","","","","","","","",""
"441.984399877","2026-05-12 20:57:15.396101","/home/sc28/SC-28/1_definition/SC-28/motordrive.py","set_values","198","","","","","","","","","","","","","","","","","","","","","","-0.057142857142857155","-0.28571428571428575","","","","","","","","","","","","","","","","","","","","","","",""
"442.01512737","2026-05-12 20:57:15.426827","/home/sc28/SC-28/1_definition/SC-28/motordrive.py","set_values","198","","","","","","","","","","","","","","","","","","","","","","-0.07142857142857144","-0.35714285714285715","","","","","","","","","","","","","","","","","","","","","","",""
"442.049380486","2026-05-12 20:57:15.461079","/home/sc28/SC-28/1_definition/SC-28/motordrive.py","set_values","198","","","","","","","","","","","","","","","","","","","","","","-0.08571428571428574","-0.42857142857142866","","","","","","","","","","","","","","","","","","","","","","",""
"442.341410675","2026-05-12 20:57:15.753115","/home/sc28/SC-28/1_definition/SC-28/motordrive.py","stop","142","","","","","","","","","","","","","","","","","","","","","","0.0","0.0","","","","","","","","","","","","","","","","","","","","","","",""
"448.970354926","2026-05-12 20:57:22.382061","/home/sc28/SC-28/1_definition/SC-28/camera.py","capture_and_detect","263","","","","","","","","","","","","","","","","","1","","","","","","","","","","","","","","","","","","","","","","","","","","","","",""
"448.975617373","2026-05-12 20:57:22.387329","/home/sc28/SC-28/1_definition/SC-28/camera.py","capture_and_detect","264","","","","","","","","","","","","","","","","1820.0","","","","","","","","","","","","","","","","","","","","","","","","","","","","","",""
"448.979153674","2026-05-12 20:57:22.390863","/home/sc28/SC-28/1_definition/SC-28/camera.py","capture_and_detect","265","","","","","","","","","","","","","","","","","","384","265","","","","","","","","","","","","","","","","","","","","","","","","","","",""
"448.985975079","2026-05-12 20:57:22.397684","/home/sc28/SC-28/1_definition/SC-28/camera.py","capture_and_detect","266","","","","","","","","","","","","","","","","","","","","640","480","","","","","","","","","","","","","","","","","","","","","","","","",""
"449.032387463","2026-05-12 20:57:22.444104","/home/sc28/SC-28/1_definition/SC-28/motordrive.py","set_values","198","","","","","","","","","","","","","","","","","","","","","","-0.0","-0.0","","","","","","","","","","","","","","","","","","","","","","",""
"449.065349747","2026-05-12 20:57:22.477049","/home/sc28/SC-28/1_definition/SC-28/motordrive.py","set_values","198","","","","","","","","","","","","","","","","","","","","","","-0.014285714285714289","-0.07142857142857144","","","","","","","","","","","","","","","","","","","","","","",""
"449.095856093","2026-05-12 20:57:22.507553","/home/sc28/SC-28/1_definition/SC-28/motordrive.py","set_values","198","","","","","","","","","","","","","","","","","","","","","","-0.028571428571428577","-0.14285714285714288","","","","","","","","","","","","","","","","","","","","","","",""
"449.125990409","2026-05-12 20:57:22.537689","/home/sc28/SC-28/1_definition/SC-28/motordrive.py","set_values","198","","","","","","","","","","","","","","","","","","","","","","-0.04285714285714287","-0.21428571428571433","","","","","","","","","","","","","","","","","","","","","","",""
"449.15966863","2026-05-12 20:57:22.571367","/home/sc28/SC-28/1_definition/SC-28/motordrive.py","set_values","198","","","","","","","","","","","","","","","","","","","","","","-0.057142857142857155","-0.28571428571428575","","","","","","","","","","","","","","","","","","","","","","",""
"449.190738518","2026-05-12 20:57:22.602437","/home/sc28/SC-28/1_definition/SC-28/motordrive.py","set_values","198","","","","","","","","","","","","","","","","","","","","","","-0.07142857142857144","-0.35714285714285715","","","","","","","","","","","","","","","","","","","","","","",""
"449.221735333","2026-05-12 20:57:22.633434","/home/sc28/SC-28/1_definition/SC-28/motordrive.py","set_values","198","","","","","","","","","","","","","","","","","","","","","","-0.08571428571428574","-0.42857142857142866","","","","","","","","","","","","","","","","","","","","","","",""
"449.512552345","2026-05-12 20:57:22.924257","/home/sc28/SC-28/1_definition/SC-28/motordrive.py","stop","142","","","","","","","","","","","","","","","","","","","","","","0.0","0.0","","","","","","","","","","","","","","","","","","","","","","",""
"449.680592199","2026-05-12 20:57:23.092302","/home/sc28/SC-28/1_definition/SC-28/camera.py","capture_and_detect","263","","","","","","","","","","","","","","","","","1","","","","","","","","","","","","","","","","","","","","","","","","","","","","",""
"449.684332563","2026-05-12 20:57:23.096033","/home/sc28/SC-28/1_definition/SC-28/camera.py","capture_and_detect","264","","","","","","","","","","","","","","","","1700.5","","","","","","","","","","","","","","","","","","","","","","","","","","","","","",""
"449.691545374","2026-05-12 20:57:23.103259","/home/sc28/SC-28/1_definition/SC-28/camera.py","capture_and_detect","265","","","","","","","","","","","","","","","","","","385","268","","","","","","","","","","","","","","","","","","","","","","","","","","",""
"449.696989487","2026-05-12 20:57:23.108701","/home/sc28/SC-28/1_definition/SC-28/camera.py","capture_and_detect","266","","","","","","","","","","","","","","","","","","","","640","480","","","","","","","","","","","","","","","","","","","","","","","","",""
"449.711037765","2026-05-12 20:57:23.122745","/home/sc28/SC-28/1_definition/SC-28/motordrive.py","set_values","198","","","","","","","","","","","","","","","","","","","","","","-0.0","-0.0","","","","","","","","","","","","","","","","","","","","","","",""
"449.74185609","2026-05-12 20:57:23.153553","/home/sc28/SC-28/1_definition/SC-28/motordrive.py","set_values","198","","","","","","","","","","","","","","","","","","","","","","-0.014285714285714289","-0.07142857142857144","","","","","","","","","","","","","","","","","","","","","","",""
"449.77240676","2026-05-12 20:57:23.184105","/home/sc28/SC-28/1_definition/SC-28/motordrive.py","set_values","198","","","","","","","","","","","","","","","","","","","","","","-0.028571428571428577","-0.14285714285714288","","","","","","","","","","","","","","","","","","","","","","",""
"449.806409199","2026-05-12 20:57:23.218108","/home/sc28/SC-28/1_definition/SC-28/motordrive.py","set_values","198","","","","","","","","","","","","","","","","","","","","","","-0.04285714285714287","-0.21428571428571433","","","","","","","","","","","","","","","","","","","","","","",""
"449.836622421","2026-05-12 20:57:23.248320","/home/sc28/SC-28/1_definition/SC-28/motordrive.py","set_values","198","","","","","","","","","","","","","","","","","","","","","","-0.057142857142857155","-0.28571428571428575","","","","","","","","","","","","","","","","","","","","","","",""
"449.86663533","2026-05-12 20:57:23.278334","/home/sc28/SC-28/1_definition/SC-28/motordrive.py","set_values","198","","","","","","","","","","","","","","","","","","","","","","-0.07142857142857144","-0.35714285714285715","","","","","","","","","","","","","","","","","","","","","","",""
"449.896754229","2026-05-12 20:57:23.308452","/home/sc28/SC-28/1_definition/SC-28/motordrive.py","set_values","198","","","","","","","","","","","","","","","","","","","","","","-0.08571428571428574","-0.42857142857142866","","","","","","","","","","","","","","","","","","","","","","",""
"450.185656971","2026-05-12 20:57:23.597362","/home/sc28/SC-28/1_definition/SC-28/motordrive.py","stop","142","","","","","","","","","","","","","","","","","","","","","","0.0","0.0","","","","","","","","","","","","","","","","","","","","","","",""
"450.347776097","2026-05-12 20:57:23.759493","/home/sc28/SC-28/1_definition/SC-28/camera.py","capture_and_detect","263","","","","","","","","","","","","","","","","","1","","","","","","","","","","","","","","","","","","","","","","","","","","","","",""
"450.355308804","2026-05-12 20:57:23.767009","/home/sc28/SC-28/1_definition/SC-28/camera.py","capture_and_detect","264","","","","","","","","","","","","","","","","1767.5","","","","","","","","","","","","","","","","","","","","","","","","","","","","","",""
"450.358518907","2026-05-12 20:57:23.770232","/home/sc28/SC-28/1_definition/SC-28/camera.py","capture_and_detect","265","","","","","","","","","","","","","","","","","","386","262","","","","","","","","","","","","","","","","","","","","","","","","","","",""
"450.364705676","2026-05-12 20:57:23.776419","/home/sc28/SC-28/1_definition/SC-28/camera.py","capture_and_detect","266","","","","","","","","","","","","","","","","","","","","640","480","","","","","","","","","","","","","","","","","","","","","","","","",""
"450.392881347","2026-05-12 20:57:23.804587","/home/sc28/SC-28/1_definition/SC-28/motordrive.py","set_values","198","","","","","","","","","","","","","","","","","","","","","","-0.0","-0.0","","","","","","","","","","","","","","","","","","","","","","",""
"450.43133441","2026-05-12 20:57:23.843032","/home/sc28/SC-28/1_definition/SC-28/motordrive.py","set_values","198","","","","","","","","","","","","","","","","","","","","","","-0.014285714285714289","-0.07142857142857144","","","","","","","","","","","","","","","","","","","","","","",""
"450.46648612","2026-05-12 20:57:23.878184","/home/sc28/SC-28/1_definition/SC-28/motordrive.py","set_values","198","","","","","","","","","","","","","","","","","","","","","","-0.028571428571428577","-0.14285714285714288","","","","","","","","","","","","","","","","","","","","","","",""
"450.497272415","2026-05-12 20:57:23.908971","/home/sc28/SC-28/1_definition/SC-28/motordrive.py","set_values","198","","","","","","","","","","","","","","","","","","","","","","-0.04285714285714287","-0.21428571428571433","","","","","","","","","","","","","","","","","","","","","","",""
"450.527302824","2026-05-12 20:57:23.939002","/home/sc28/SC-28/1_definition/SC-28/motordrive.py","set_values","198","","","","","","","","","","","","","","","","","","","","","","-0.057142857142857155","-0.28571428571428575","","","","","","","","","","","","","","","","","","","","","","",""
"450.557921983","2026-05-12 20:57:23.969621","/home/sc28/SC-28/1_definition/SC-28/motordrive.py","set_values","198","","","","","","","","","","","","","","","","","","","","","","-0.07142857142857144","-0.35714285714285715","","","","","","","","","","","","","","","","","","","","","","",""
"450.590634892","2026-05-12 20:57:24.002332","/home/sc28/SC-28/1_definition/SC-28/motordrive.py","set_values","198","","","","","","","","","","","","","","","","","","","","","","-0.08571428571428574","-0.42857142857142866","","","","","","","","","","","","","","","","","","","","","","",""
"450.884282215","2026-05-12 20:57:24.295988","/home/sc28/SC-28/1_definition/SC-28/motordrive.py","stop","142","","","","","","","","","","","","","","","","","","","","","","0.0","0.0","","","","","","","","","","","","","","","","","","","","","","",""
"451.047580977","2026-05-12 20:57:24.459289","/home/sc28/SC-28/1_definition/SC-28/camera.py","capture_and_detect","263","","","","","","","","","","","","","","","","","1","","","","","","","","","","","","","","","","","","","","","","","","","","","","",""
"451.052216861","2026-05-12 20:57:24.463926","/home/sc28/SC-28/1_definition/SC-28/camera.py","capture_and_detect","264","","","","","","","","","","","","","","","","1615.0","","","","","","","","","","","","","","","","","","","","","","","","","","","","","",""
"451.055523788","2026-05-12 20:57:24.467236","/home/sc28/SC-28/1_definition/SC-28/camera.py","capture_and_detect","265","","","","","","","","","","","","","","","","","","392","264","","","","","","","","","","","","","","","","","","","","","","","","","","",""
"451.058797328","2026-05-12 20:57:24.470511","/home/sc28/SC-28/1_definition/SC-28/camera.py","capture_and_detect","266","","","","","","","","","","","","","","","","","","","","640","480","","","","","","","","","","","","","","","","","","","","","","","","",""
"451.07300321","2026-05-12 20:57:24.484712","/home/sc28/SC-28/1_definition/SC-28/motordrive.py","set_values","198","","","","","","","","","","","","","","","","","","","","","","-0.0","-0.0","","","","","","","","","","","","","","","","","","","","","","",""
"451.108907837","2026-05-12 20:57:24.520605","/home/sc28/SC-28/1_definition/SC-28/motordrive.py","set_values","198","","","","","","","","","","","","","","","","","","","","","","-0.014285714285714289","-0.07142857142857144","","","","","","","","","","","","","","","","","","","","","","",""
"451.139105642","2026-05-12 20:57:24.550804","/home/sc28/SC-28/1_definition/SC-28/motordrive.py","set_values","198","","","","","","","","","","","","","","","","","","","","","","-0.028571428571428577","-0.14285714285714288","","","","","","","","","","","","","","","","","","","","","","",""
"451.169728134","2026-05-12 20:57:24.581427","/home/sc28/SC-28/1_definition/SC-28/motordrive.py","set_values","198","","","","","","","","","","","","","","","","","","","","","","-0.04285714285714287","-0.21428571428571433","","","","","","","","","","","","","","","","","","","","","","",""
"451.199707346","2026-05-12 20:57:24.611405","/home/sc28/SC-28/1_definition/SC-28/motordrive.py","set_values","198","","","","","","","","","","","","","","","","","","","","","","-0.057142857142857155","-0.28571428571428575","","","","","","","","","","","","","","","","","","","","","","",""
"451.231586348","2026-05-12 20:57:24.643286","/home/sc28/SC-28/1_definition/SC-28/motordrive.py","set_values","198","","","","","","","","","","","","","","","","","","","","","","-0.07142857142857144","-0.35714285714285715","","","","","","","","","","","","","","","","","","","","","","",""
"451.265446705","2026-05-12 20:57:24.677145","/home/sc28/SC-28/1_definition/SC-28/motordrive.py","set_values","198","","","","","","","","","","","","","","","","","","","","","","-0.08571428571428574","-0.42857142857142866","","","","","","","","","","","","","","","","","","","","","","",""
"451.561813715","2026-05-12 20:57:24.973518","/home/sc28/SC-28/1_definition/SC-28/motordrive.py","stop","142","","","","","","","","","","","","","","","","","","","","","","0.0","0.0","","","","","","","","","","","","","","","","","","","","","","",""
"451.73151409","2026-05-12 20:57:25.143225","/home/sc28/SC-28/1_definition/SC-28/camera.py","capture_and_detect","263","","","","","","","","","","","","","","","","","1","","","","","","","","","","","","","","","","","","","","","","","","","","","","",""
"451.735208776","2026-05-12 20:57:25.146915","/home/sc28/SC-28/1_definition/SC-28/camera.py","capture_and_detect","264","","","","","","","","","","","","","","","","1676.0","","","","","","","","","","","","","","","","","","","","","","","","","","","","","",""
"451.740439712","2026-05-12 20:57:25.152154","/home/sc28/SC-28/1_definition/SC-28/camera.py","capture_and_detect","265","","","","","","","","","","","","","","","","","","394","268","","","","","","","","","","","","","","","","","","","","","","","","","","",""
"451.743691743","2026-05-12 20:57:25.155406","/home/sc28/SC-28/1_definition/SC-28/camera.py","capture_and_detect","266","","","","","","","","","","","","","","","","","","","","640","480","","","","","","","","","","","","","","","","","","","","","","","","",""
"451.773557517","2026-05-12 20:57:25.185271","/home/sc28/SC-28/1_definition/SC-28/motordrive.py","set_values","198","","","","","","","","","","","","","","","","","","","","","","-0.0","-0.0","","","","","","","","","","","","","","","","","","","","","","",""
"451.80715704","2026-05-12 20:57:25.218855","/home/sc28/SC-28/1_definition/SC-28/motordrive.py","set_values","198","","","","","","","","","","","","","","","","","","","","","","-0.014285714285714289","-0.07142857142857144","","","","","","","","","","","","","","","","","","","","","","",""
"451.837614636","2026-05-12 20:57:25.249314","/home/sc28/SC-28/1_definition/SC-28/motordrive.py","set_values","198","","","","","","","","","","","","","","","","","","","","","","-0.028571428571428577","-0.14285714285714288","","","","","","","","","","","","","","","","","","","","","","",""
"451.867940514","2026-05-12 20:57:25.279639","/home/sc28/SC-28/1_definition/SC-28/motordrive.py","set_values","198","","","","","","","","","","","","","","","","","","","","","","-0.04285714285714287","-0.21428571428571433","","","","","","","","","","","","","","","","","","","","","","",""
"451.898214153","2026-05-12 20:57:25.309913","/home/sc28/SC-28/1_definition/SC-28/motordrive.py","set_values","198","","","","","","","","","","","","","","","","","","","","","","-0.057142857142857155","-0.28571428571428575","","","","","","","","","","","","","","","","","","","","","","",""
"451.932817478","2026-05-12 20:57:25.344516","/home/sc28/SC-28/1_definition/SC-28/motordrive.py","set_values","198","","","","","","","","","","","","","","","","","","","","","","-0.07142857142857144","-0.35714285714285715","","","","","","","","","","","","","","","","","","","","","","",""
"451.964352053","2026-05-12 20:57:25.376051","/home/sc28/SC-28/1_definition/SC-28/motordrive.py","set_values","198","","","","","","","","","","","","","","","","","","","","","","-0.08571428571428574","-0.42857142857142866","","","","","","","","","","","","","","","","","","","","","","",""
"452.259676251","2026-05-12 20:57:25.671381","/home/sc28/SC-28/1_definition/SC-28/motordrive.py","stop","142","","","","","","","","","","","","","","","","","","","","","","0.0","0.0","","","","","","","","","","","","","","","","","","","","","","",""
"458.829173435","2026-05-12 20:57:32.240879","/home/sc28/SC-28/1_definition/SC-28/camera.py","capture_and_detect","263","","","","","","","","","","","","","","","","","1","","","","","","","","","","","","","","","","","","","","","","","","","","","","",""
"458.837714162","2026-05-12 20:57:32.249419","/home/sc28/SC-28/1_definition/SC-28/camera.py","capture_and_detect","264","","","","","","","","","","","","","","","","1553.0","","","","","","","","","","","","","","","","","","","","","","","","","","","","","",""
"458.840652963","2026-05-12 20:57:32.252360","/home/sc28/SC-28/1_definition/SC-28/camera.py","capture_and_detect","265","","","","","","","","","","","","","","","","","","397","272","","","","","","","","","","","","","","","","","","","","","","","","","","",""
"458.847290826","2026-05-12 20:57:32.259004","/home/sc28/SC-28/1_definition/SC-28/camera.py","capture_and_detect","266","","","","","","","","","","","","","","","","","","","","640","480","","","","","","","","","","","","","","","","","","","","","","","","",""
"458.877803891","2026-05-12 20:57:32.289510","/home/sc28/SC-28/1_definition/SC-28/motordrive.py","set_values","198","","","","","","","","","","","","","","","","","","","","","","-0.0","-0.0","","","","","","","","","","","","","","","","","","","","","","",""
"458.910215915","2026-05-12 20:57:32.321914","/home/sc28/SC-28/1_definition/SC-28/motordrive.py","set_values","198","","","","","","","","","","","","","","","","","","","","","","-0.014285714285714289","-0.07142857142857144","","","","","","","","","","","","","","","","","","","","","","",""
"458.94040247","2026-05-12 20:57:32.352101","/home/sc28/SC-28/1_definition/SC-28/motordrive.py","set_values","198","","","","","","","","","","","","","","","","","","","","","","-0.028571428571428577","-0.14285714285714288","","","","","","","","","","","","","","","","","","","","","","",""
"458.971242045","2026-05-12 20:57:32.382940","/home/sc28/SC-28/1_definition/SC-28/motordrive.py","set_values","198","","","","","","","","","","","","","","","","","","","","","","-0.04285714285714287","-0.21428571428571433","","","","","","","","","","","","","","","","","","","","","","",""
"459.004997454","2026-05-12 20:57:32.416697","/home/sc28/SC-28/1_definition/SC-28/motordrive.py","set_values","198","","","","","","","","","","","","","","","","","","","","","","-0.057142857142857155","-0.28571428571428575","","","","","","","","","","","","","","","","","","","","","","",""
"459.035429634","2026-05-12 20:57:32.447128","/home/sc28/SC-28/1_definition/SC-28/motordrive.py","set_values","198","","","","","","","","","","","","","","","","","","","","","","-0.07142857142857144","-0.35714285714285715","","","","","","","","","","","","","","","","","","","","","","",""
"459.065867439","2026-05-12 20:57:32.477566","/home/sc28/SC-28/1_definition/SC-28/motordrive.py","set_values","198","","","","","","","","","","","","","","","","","","","","","","-0.08571428571428574","-0.42857142857142866","","","","","","","","","","","","","","","","","","","","","","",""
"459.355745388","2026-05-12 20:57:32.767450","/home/sc28/SC-28/1_definition/SC-28/motordrive.py","stop","142","","","","","","","","","","","","","","","","","","","","","","0.0","0.0","","","","","","","","","","","","","","","","","","","","","","",""
"459.517095505","2026-05-12 20:57:32.928805","/home/sc28/SC-28/1_definition/SC-28/camera.py","capture_and_detect","263","","","","","","","","","","","","","","","","","1","","","","","","","","","","","","","","","","","","","","","","","","","","","","",""
"459.521153472","2026-05-12 20:57:32.932854","/home/sc28/SC-28/1_definition/SC-28/camera.py","capture_and_detect","264","","","","","","","","","","","","","","","","1502.5","","","","","","","","","","","","","","","","","","","","","","","","","","","","","",""
"459.529529408","2026-05-12 20:57:32.941242","/home/sc28/SC-28/1_definition/SC-28/camera.py","capture_and_detect","265","","","","","","","","","","","","","","","","","","399","269","","","","","","","","","","","","","","","","","","","","","","","","","","",""
"459.532755761","2026-05-12 20:57:32.944469","/home/sc28/SC-28/1_definition/SC-28/camera.py","capture_and_detect","266","","","","","","","","","","","","","","","","","","","","640","480","","","","","","","","","","","","","","","","","","","","","","","","",""
"459.546229456","2026-05-12 20:57:32.957935","/home/sc28/SC-28/1_definition/SC-28/motordrive.py","set_values","198","","","","","","","","","","","","","","","","","","","","","","-0.0","-0.0","","","","","","","","","","","","","","","","","","","","","","",""
"459.576945021","2026-05-12 20:57:32.988643","/home/sc28/SC-28/1_definition/SC-28/motordrive.py","set_values","198","","","","","","","","","","","","","","","","","","","","","","-0.014285714285714289","-0.07142857142857144","","","","","","","","","","","","","","","","","","","","","","",""
"459.607235743","2026-05-12 20:57:33.018935","/home/sc28/SC-28/1_definition/SC-28/motordrive.py","set_values","198","","","","","","","","","","","","","","","","","","","","","","-0.028571428571428577","-0.14285714285714288","","","","","","","","","","","","","","","","","","","","","","",""
"459.641919745","2026-05-12 20:57:33.053619","/home/sc28/SC-28/1_definition/SC-28/motordrive.py","set_values","198","","","","","","","","","","","","","","","","","","","","","","-0.04285714285714287","-0.21428571428571433","","","","","","","","","","","","","","","","","","","","","","",""
"459.673056925","2026-05-12 20:57:33.084755","/home/sc28/SC-28/1_definition/SC-28/motordrive.py","set_values","198","","","","","","","","","","","","","","","","","","","","","","-0.057142857142857155","-0.28571428571428575","","","","","","","","","","","","","","","","","","","","","","",""
"459.703326969","2026-05-12 20:57:33.115025","/home/sc28/SC-28/1_definition/SC-28/motordrive.py","set_values","198","","","","","","","","","","","","","","","","","","","","","","-0.07142857142857144","-0.35714285714285715","","","","","","","","","","","","","","","","","","","","","","",""
"459.738576231","2026-05-12 20:57:33.150280","/home/sc28/SC-28/1_definition/SC-28/motordrive.py","set_values","198","","","","","","","","","","","","","","","","","","","","","","-0.08571428571428574","-0.42857142857142866","","","","","","","","","","","","","","","","","","","","","","",""
"460.027977618","2026-05-12 20:57:33.439682","/home/sc28/SC-28/1_definition/SC-28/motordrive.py","stop","142","","","","","","","","","","","","","","","","","","","","","","0.0","0.0","","","","","","","","","","","","","","","","","","","","","","",""
"460.191936797","2026-05-12 20:57:33.603645","/home/sc28/SC-28/1_definition/SC-28/camera.py","capture_and_detect","263","","","","","","","","","","","","","","","","","1","","","","","","","","","","","","","","","","","","","","","","","","","","","","",""
"460.199162784","2026-05-12 20:57:33.610864","/home/sc28/SC-28/1_definition/SC-28/camera.py","capture_and_detect","264","","","","","","","","","","","","","","","","1465.5","","","","","","","","","","","","","","","","","","","","","","","","","","","","","",""
"460.202425961","2026-05-12 20:57:33.614139","/home/sc28/SC-28/1_definition/SC-28/camera.py","capture_and_detect","265","","","","","","","","","","","","","","","","","","399","266","","","","","","","","","","","","","","","","","","","","","","","","","","",""
"460.205660856","2026-05-12 20:57:33.617373","/home/sc28/SC-28/1_definition/SC-28/camera.py","capture_and_detect","266","","","","","","","","","","","","","","","","","","","","640","480","","","","","","","","","","","","","","","","","","","","","","","","",""
"460.232082933","2026-05-12 20:57:33.643796","/home/sc28/SC-28/1_definition/SC-28/motordrive.py","set_values","198","","","","","","","","","","","","","","","","","","","","","","-0.0","-0.0","","","","","","","","","","","","","","","","","","","","","","",""
"460.272911725","2026-05-12 20:57:33.684609","/home/sc28/SC-28/1_definition/SC-28/motordrive.py","set_values","198","","","","","","","","","","","","","","","","","","","","","","-0.014285714285714289","-0.07142857142857144","","","","","","","","","","","","","","","","","","","","","","",""
"460.303288957","2026-05-12 20:57:33.714987","/home/sc28/SC-28/1_definition/SC-28/motordrive.py","set_values","198","","","","","","","","","","","","","","","","","","","","","","-0.028571428571428577","-0.14285714285714288","","","","","","","","","","","","","","","","","","","","","","",""
"460.333281397","2026-05-12 20:57:33.744980","/home/sc28/SC-28/1_definition/SC-28/motordrive.py","set_values","198","","","","","","","","","","","","","","","","","","","","","","-0.04285714285714287","-0.21428571428571433","","","","","","","","","","","","","","","","","","","","","","",""
"460.363360348","2026-05-12 20:57:33.775058","/home/sc28/SC-28/1_definition/SC-28/motordrive.py","set_values","198","","","","","","","","","","","","","","","","","","","","","","-0.057142857142857155","-0.28571428571428575","","","","","","","","","","","","","","","","","","","","","","",""
"460.393354351","2026-05-12 20:57:33.805052","/home/sc28/SC-28/1_definition/SC-28/motordrive.py","set_values","198","","","","","","","","","","","","","","","","","","","","","","-0.07142857142857144","-0.35714285714285715","","","","","","","","","","","","","","","","","","","","","","",""
"460.423872781","2026-05-12 20:57:33.835571","/home/sc28/SC-28/1_definition/SC-28/motordrive.py","set_values","198","","","","","","","","","","","","","","","","","","","","","","-0.08571428571428574","-0.42857142857142866","","","","","","","","","","","","","","","","","","","","","","",""
"460.717334323","2026-05-12 20:57:34.129039","/home/sc28/SC-28/1_definition/SC-28/motordrive.py","stop","142","","","","","","","","","","","","","","","","","","","","","","0.0","0.0","","","","","","","","","","","","","","","","","","","","","","",""
"460.881036887","2026-05-12 20:57:34.292751","/home/sc28/SC-28/1_definition/SC-28/camera.py","capture_and_detect","263","","","","","","","","","","","","","","","","","1","","","","","","","","","","","","","","","","","","","","","","","","","","","","",""
"460.885782876","2026-05-12 20:57:34.297491","/home/sc28/SC-28/1_definition/SC-28/camera.py","capture_and_detect","264","","","","","","","","","","","","","","","","1512.0","","","","","","","","","","","","","","","","","","","","","","","","","","","","","",""
"460.889039437","2026-05-12 20:57:34.300753","/home/sc28/SC-28/1_definition/SC-28/camera.py","capture_and_detect","265","","","","","","","","","","","","","","","","","","394","266","","","","","","","","","","","","","","","","","","","","","","","","","","",""
"460.892204176","2026-05-12 20:57:34.303915","/home/sc28/SC-28/1_definition/SC-28/camera.py","capture_and_detect","266","","","","","","","","","","","","","","","","","","","","640","480","","","","","","","","","","","","","","","","","","","","","","","","",""
"460.905308548","2026-05-12 20:57:34.317015","/home/sc28/SC-28/1_definition/SC-28/motordrive.py","set_values","198","","","","","","","","","","","","","","","","","","","","","","-0.0","-0.0","","","","","","","","","","","","","","","","","","","","","","",""
"460.939145258","2026-05-12 20:57:34.350847","/home/sc28/SC-28/1_definition/SC-28/motordrive.py","set_values","198","","","","","","","","","","","","","","","","","","","","","","-0.014285714285714289","-0.07142857142857144","","","","","","","","","","","","","","","","","","","","","","",""
"460.969534886","2026-05-12 20:57:34.381234","/home/sc28/SC-28/1_definition/SC-28/motordrive.py","set_values","198","","","","","","","","","","","","","","","","","","","","","","-0.028571428571428577","-0.14285714285714288","","","","","","","","","","","","","","","","","","","","","","",""
"460.999774514","2026-05-12 20:57:34.411473","/home/sc28/SC-28/1_definition/SC-28/motordrive.py","set_values","198","","","","","","","","","","","","","","","","","","","","","","-0.04285714285714287","-0.21428571428571433","","","","","","","","","","","","","","","","","","","","","","",""
"461.033723256","2026-05-12 20:57:34.445421","/home/sc28/SC-28/1_definition/SC-28/motordrive.py","set_values","198","","","","","","","","","","","","","","","","","","","","","","-0.057142857142857155","-0.28571428571428575","","","","","","","","","","","","","","","","","","","","","","",""
"461.063785436","2026-05-12 20:57:34.475484","/home/sc28/SC-28/1_definition/SC-28/motordrive.py","set_values","198","","","","","","","","","","","","","","","","","","","","","","-0.07142857142857144","-0.35714285714285715","","","","","","","","","","","","","","","","","","","","","","",""
"461.097332147","2026-05-12 20:57:34.509030","/home/sc28/SC-28/1_definition/SC-28/motordrive.py","set_values","198","","","","","","","","","","","","","","","","","","","","","","-0.08571428571428574","-0.42857142857142866","","","","","","","","","","","","","","","","","","","","","","",""
"461.386763013","2026-05-12 20:57:34.798467","/home/sc28/SC-28/1_definition/SC-28/motordrive.py","stop","142","","","","","","","","","","","","","","","","","","","","","","0.0","0.0","","","","","","","","","","","","","","","","","","","","","","",""
"461.548661358","2026-05-12 20:57:34.960368","/home/sc28/SC-28/1_definition/SC-28/camera.py","capture_and_detect","263","","","","","","","","","","","","","","","","","1","","","","","","","","","","","","","","","","","","","","","","","","","","","","",""
"461.552492555","2026-05-12 20:57:34.964198","/home/sc28/SC-28/1_definition/SC-28/camera.py","capture_and_detect","264","","","","","","","","","","","","","","","","1453.0","","","","","","","","","","","","","","","","","","","","","","","","","","","","","",""
"461.555767086","2026-05-12 20:57:34.967482","/home/sc28/SC-28/1_definition/SC-28/camera.py","capture_and_detect","265","","","","","","","","","","","","","","","","","","394","276","","","","","","","","","","","","","","","","","","","","","","","","","","",""
"461.559282345","2026-05-12 20:57:34.970996","/home/sc28/SC-28/1_definition/SC-28/camera.py","capture_and_detect","266","","","","","","","","","","","","","","","","","","","","640","480","","","","","","","","","","","","","","","","","","","","","","","","",""
"461.589234161","2026-05-12 20:57:35.000940","/home/sc28/SC-28/1_definition/SC-28/motordrive.py","set_values","198","","","","","","","","","","","","","","","","","","","","","","-0.0","-0.0","","","","","","","","","","","","","","","","","","","","","","",""
"461.621638215","2026-05-12 20:57:35.033337","/home/sc28/SC-28/1_definition/SC-28/motordrive.py","set_values","198","","","","","","","","","","","","","","","","","","","","","","-0.014285714285714289","-0.07142857142857144","","","","","","","","","","","","","","","","","","","","","","",""
"461.652624978","2026-05-12 20:57:35.064324","/home/sc28/SC-28/1_definition/SC-28/motordrive.py","set_values","198","","","","","","","","","","","","","","","","","","","","","","-0.028571428571428577","-0.14285714285714288","","","","","","","","","","","","","","","","","","","","","","",""
"461.682974033","2026-05-12 20:57:35.094673","/home/sc28/SC-28/1_definition/SC-28/motordrive.py","set_values","198","","","","","","","","","","","","","","","","","","","","","","-0.04285714285714287","-0.21428571428571433","","","","","","","","","","","","","","","","","","","","","","",""
"461.71483288","2026-05-12 20:57:35.126531","/home/sc28/SC-28/1_definition/SC-28/motordrive.py","set_values","198","","","","","","","","","","","","","","","","","","","","","","-0.057142857142857155","-0.28571428571428575","","","","","","","","","","","","","","","","","","","","","","",""
"461.749476309","2026-05-12 20:57:35.161175","/home/sc28/SC-28/1_definition/SC-28/motordrive.py","set_values","198","","","","","","","","","","","","","","","","","","","","","","-0.07142857142857144","-0.35714285714285715","","","","","","","","","","","","","","","","","","","","","","",""
"461.779564374","2026-05-12 20:57:35.191262","/home/sc28/SC-28/1_definition/SC-28/motordrive.py","set_values","198","","","","","","","","","","","","","","","","","","","","","","-0.08571428571428574","-0.42857142857142866","","","","","","","","","","","","","","","","","","","","","","",""
"462.069731126","2026-05-12 20:57:35.481435","/home/sc28/SC-28/1_definition/SC-28/motordrive.py","stop","142","","","","","","","","","","","","","","","","","","","","","","0.0","0.0","","","","","","","","","","","","","","","","","","","","","","",""
"468.631493676","2026-05-12 20:57:42.043200","/home/sc28/SC-28/1_definition/SC-28/camera.py","capture_and_detect","263","","","","","","","","","","","","","","","","","1","","","","","","","","","","","","","","","","","","","","","","","","","","","","",""
"468.635451748","2026-05-12 20:57:42.047151","/home/sc28/SC-28/1_definition/SC-28/camera.py","capture_and_detect","264","","","","","","","","","","","","","","","","1469.5","","","","","","","","","","","","","","","","","","","","","","","","","","","","","",""
"468.642080809","2026-05-12 20:57:42.053794","/home/sc28/SC-28/1_definition/SC-28/camera.py","capture_and_detect","265","","","","","","","","","","","","","","","","","","396","267","","","","","","","","","","","","","","","","","","","","","","","","","","",""
"468.645149245","2026-05-12 20:57:42.056861","/home/sc28/SC-28/1_definition/SC-28/camera.py","capture_and_detect","266","","","","","","","","","","","","","","","","","","","","640","480","","","","","","","","","","","","","","","","","","","","","","","","",""
"468.686240225","2026-05-12 20:57:42.097951","/home/sc28/SC-28/1_definition/SC-28/motordrive.py","set_values","198","","","","","","","","","","","","","","","","","","","","","","-0.0","-0.0","","","","","","","","","","","","","","","","","","","","","","",""
"468.719908133","2026-05-12 20:57:42.131606","/home/sc28/SC-28/1_definition/SC-28/motordrive.py","set_values","198","","","","","","","","","","","","","","","","","","","","","","-0.014285714285714289","-0.07142857142857144","","","","","","","","","","","","","","","","","","","","","","",""
"468.750426042","2026-05-12 20:57:42.162125","/home/sc28/SC-28/1_definition/SC-28/motordrive.py","set_values","198","","","","","","","","","","","","","","","","","","","","","","-0.028571428571428577","-0.14285714285714288","","","","","","","","","","","","","","","","","","","","","","",""
"468.784045305","2026-05-12 20:57:42.195743","/home/sc28/SC-28/1_definition/SC-28/motordrive.py","set_values","198","","","","","","","","","","","","","","","","","","","","","","-0.04285714285714287","-0.21428571428571433","","","","","","","","","","","","","","","","","","","","","","",""
"468.814138839","2026-05-12 20:57:42.225837","/home/sc28/SC-28/1_definition/SC-28/motordrive.py","set_values","198","","","","","","","","","","","","","","","","","","","","","","-0.057142857142857155","-0.28571428571428575","","","","","","","","","","","","","","","","","","","","","","",""
"468.844661488","2026-05-12 20:57:42.256360","/home/sc28/SC-28/1_definition/SC-28/motordrive.py","set_values","198","","","","","","","","","","","","","","","","","","","","","","-0.07142857142857144","-0.35714285714285715","","","","","","","","","","","","","","","","","","","","","","",""
"468.874777158","2026-05-12 20:57:42.286477","/home/sc28/SC-28/1_definition/SC-28/motordrive.py","set_values","198","","","","","","","","","","","","","","","","","","","","","","-0.08571428571428574","-0.42857142857142866","","","","","","","","","","","","","","","","","","","","","","",""
"469.164070576","2026-05-12 20:57:42.575776","/home/sc28/SC-28/1_definition/SC-28/motordrive.py","stop","142","","","","","","","","","","","","","","","","","","","","","","0.0","0.0","","","","","","","","","","","","","","","","","","","","","","",""
"469.329051212","2026-05-12 20:57:42.740763","/home/sc28/SC-28/1_definition/SC-28/camera.py","capture_and_detect","263","","","","","","","","","","","","","","","","","1","","","","","","","","","","","","","","","","","","","","","","","","","","","","",""
"469.334247305","2026-05-12 20:57:42.745948","/home/sc28/SC-28/1_definition/SC-28/camera.py","capture_and_detect","264","","","","","","","","","","","","","","","","1423.5","","","","","","","","","","","","","","","","","","","","","","","","","","","","","",""
"469.340968449","2026-05-12 20:57:42.752681","/home/sc28/SC-28/1_definition/SC-28/camera.py","capture_and_detect","265","","","","","","","","","","","","","","","","","","404","266","","","","","","","","","","","","","","","","","","","","","","","","","","",""
"469.344280531","2026-05-12 20:57:42.755994","/home/sc28/SC-28/1_definition/SC-28/camera.py","capture_and_detect","266","","","","","","","","","","","","","","","","","","","","640","480","","","","","","","","","","","","","","","","","","","","","","","","",""
"469.359464903","2026-05-12 20:57:42.771171","/home/sc28/SC-28/1_definition/SC-28/motordrive.py","set_values","198","","","","","","","","","","","","","","","","","","","","","","-0.0","-0.0","","","","","","","","","","","","","","","","","","","","","","",""
"469.39030677","2026-05-12 20:57:42.802005","/home/sc28/SC-28/1_definition/SC-28/motordrive.py","set_values","198","","","","","","","","","","","","","","","","","","","","","","-0.014285714285714289","-0.07142857142857144","","","","","","","","","","","","","","","","","","","","","","",""
"469.422463585","2026-05-12 20:57:42.834161","/home/sc28/SC-28/1_definition/SC-28/motordrive.py","set_values","198","","","","","","","","","","","","","","","","","","","","","","-0.028571428571428577","-0.14285714285714288","","","","","","","","","","","","","","","","","","","","","","",""
"469.453115192","2026-05-12 20:57:42.864814","/home/sc28/SC-28/1_definition/SC-28/motordrive.py","set_values","198","","","","","","","","","","","","","","","","","","","","","","-0.04285714285714287","-0.21428571428571433","","","","","","","","","","","","","","","","","","","","","","",""
"469.48651534","2026-05-12 20:57:42.898213","/home/sc28/SC-28/1_definition/SC-28/motordrive.py","set_values","198","","","","","","","","","","","","","","","","","","","","","","-0.057142857142857155","-0.28571428571428575","","","","","","","","","","","","","","","","","","","","","","",""
"469.516567468","2026-05-12 20:57:42.928266","/home/sc28/SC-28/1_definition/SC-28/motordrive.py","set_values","198","","","","","","","","","","","","","","","","","","","","","","-0.07142857142857144","-0.35714285714285715","","","","","","","","","","","","","","","","","","","","","","",""
"469.546498867","2026-05-12 20:57:42.958197","/home/sc28/SC-28/1_definition/SC-28/motordrive.py","set_values","198","","","","","","","","","","","","","","","","","","","","","","-0.08571428571428574","-0.42857142857142866","","","","","","","","","","","","","","","","","","","","","","",""
"469.836486764","2026-05-12 20:57:43.248193","/home/sc28/SC-28/1_definition/SC-28/motordrive.py","stop","142","","","","","","","","","","","","","","","","","","","","","","0.0","0.0","","","","","","","","","","","","","","","","","","","","","","",""
"470.000888599","2026-05-12 20:57:43.412597","/home/sc28/SC-28/1_definition/SC-28/camera.py","capture_and_detect","263","","","","","","","","","","","","","","","","","1","","","","","","","","","","","","","","","","","","","","","","","","","","","","",""
"470.005719223","2026-05-12 20:57:43.417420","/home/sc28/SC-28/1_definition/SC-28/camera.py","capture_and_detect","264","","","","","","","","","","","","","","","","1479.5","","","","","","","","","","","","","","","","","","","","","","","","","","","","","",""
"470.02933729","2026-05-12 20:57:43.441047","/home/sc28/SC-28/1_definition/SC-28/camera.py","capture_and_detect","265","","","","","","","","","","","","","","","","","","402","265","","","","","","","","","","","","","","","","","","","","","","","","","","",""
"470.032447966","2026-05-12 20:57:43.444160","/home/sc28/SC-28/1_definition/SC-28/camera.py","capture_and_detect","266","","","","","","","","","","","","","","","","","","","","640","480","","","","","","","","","","","","","","","","","","","","","","","","",""
"470.060621917","2026-05-12 20:57:43.472330","/home/sc28/SC-28/1_definition/SC-28/motordrive.py","set_values","198","","","","","","","","","","","","","","","","","","","","","","-0.0","-0.0","","","","","","","","","","","","","","","","","","","","","","",""
"470.096418315","2026-05-12 20:57:43.508117","/home/sc28/SC-28/1_definition/SC-28/motordrive.py","set_values","198","","","","","","","","","","","","","","","","","","","","","","-0.014285714285714289","-0.07142857142857144","","","","","","","","","","","","","","","","","","","","","","",""
"470.126672995","2026-05-12 20:57:43.538373","/home/sc28/SC-28/1_definition/SC-28/motordrive.py","set_values","198","","","","","","","","","","","","","","","","","","","","","","-0.028571428571428577","-0.14285714285714288","","","","","","","","","","","","","","","","","","","","","","",""
"470.157674029","2026-05-12 20:57:43.569372","/home/sc28/SC-28/1_definition/SC-28/motordrive.py","set_values","198","","","","","","","","","","","","","","","","","","","","","","-0.04285714285714287","-0.21428571428571433","","","","","","","","","","","","","","","","","","","","","","",""
"470.187654126","2026-05-12 20:57:43.599352","/home/sc28/SC-28/1_definition/SC-28/motordrive.py","set_values","198","","","","","","","","","","","","","","","","","","","","","","-0.057142857142857155","-0.28571428571428575","","","","","","","","","","","","","","","","","","","","","","",""
"470.217817868","2026-05-12 20:57:43.629517","/home/sc28/SC-28/1_definition/SC-28/motordrive.py","set_values","198","","","","","","","","","","","","","","","","","","","","","","-0.07142857142857144","-0.35714285714285715","","","","","","","","","","","","","","","","","","","","","","",""
"470.247791246","2026-05-12 20:57:43.659489","/home/sc28/SC-28/1_definition/SC-28/motordrive.py","set_values","198","","","","","","","","","","","","","","","","","","","","","","-0.08571428571428574","-0.42857142857142866","","","","","","","","","","","","","","","","","","","","","","",""
"470.540272945","2026-05-12 20:57:43.951978","/home/sc28/SC-28/1_definition/SC-28/motordrive.py","stop","142","","","","","","","","","","","","","","","","","","","","","","0.0","0.0","","","","","","","","","","","","","","","","","","","","","","",""
"470.705551029","2026-05-12 20:57:44.117260","/home/sc28/SC-28/1_definition/SC-28/camera.py","capture_and_detect","263","","","","","","","","","","","","","","","","","1","","","","","","","","","","","","","","","","","","","","","","","","","","","","",""
"470.709471445","2026-05-12 20:57:44.121177","/home/sc28/SC-28/1_definition/SC-28/camera.py","capture_and_detect","264","","","","","","","","","","","","","","","","1462.0","","","","","","","","","","","","","","","","","","","","","","","","","","","","","",""
"470.714593163","2026-05-12 20:57:44.126307","/home/sc28/SC-28/1_definition/SC-28/camera.py","capture_and_detect","265","","","","","","","","","","","","","","","","","","397","266","","","","","","","","","","","","","","","","","","","","","","","","","","",""
"470.717830037","2026-05-12 20:57:44.129542","/home/sc28/SC-28/1_definition/SC-28/camera.py","capture_and_detect","266","","","","","","","","","","","","","","","","","","","","640","480","","","","","","","","","","","","","","","","","","","","","","","","",""
"470.733591595","2026-05-12 20:57:44.145297","/home/sc28/SC-28/1_definition/SC-28/motordrive.py","set_values","198","","","","","","","","","","","","","","","","","","","","","","-0.0","-0.0","","","","","","","","","","","","","","","","","","","","","","",""
"470.767315806","2026-05-12 20:57:44.179014","/home/sc28/SC-28/1_definition/SC-28/motordrive.py","set_values","198","","","","","","","","","","","","","","","","","","","","","","-0.014285714285714289","-0.07142857142857144","","","","","","","","","","","","","","","","","","","","","","",""
"470.797734809","2026-05-12 20:57:44.209433","/home/sc28/SC-28/1_definition/SC-28/motordrive.py","set_values","198","","","","","","","","","","","","","","","","","","","","","","-0.028571428571428577","-0.14285714285714288","","","","","","","","","","","","","","","","","","","","","","",""
"470.829647249","2026-05-12 20:57:44.241346","/home/sc28/SC-28/1_definition/SC-28/motordrive.py","set_values","198","","","","","","","","","","","","","","","","","","","","","","-0.04285714285714287","-0.21428571428571433","","","","","","","","","","","","","","","","","","","","","","",""
"470.85997245","2026-05-12 20:57:44.271670","/home/sc28/SC-28/1_definition/SC-28/motordrive.py","set_values","198","","","","","","","","","","","","","","","","","","","","","","-0.057142857142857155","-0.28571428571428575","","","","","","","","","","","","","","","","","","","","","","",""
"470.890169317","2026-05-12 20:57:44.301868","/home/sc28/SC-28/1_definition/SC-28/motordrive.py","set_values","198","","","","","","","","","","","","","","","","","","","","","","-0.07142857142857144","-0.35714285714285715","","","","","","","","","","","","","","","","","","","","","","",""
"470.92439759","2026-05-12 20:57:44.336096","/home/sc28/SC-28/1_definition/SC-28/motordrive.py","set_values","198","","","","","","","","","","","","","","","","","","","","","","-0.08571428571428574","-0.42857142857142866","","","","","","","","","","","","","","","","","","","","","","",""
"471.220639288","2026-05-12 20:57:44.632345","/home/sc28/SC-28/1_definition/SC-28/motordrive.py","stop","142","","","","","","","","","","","","","","","","","","","","","","0.0","0.0","","","","","","","","","","","","","","","","","","","","","","",""
"471.383144404","2026-05-12 20:57:44.794854","/home/sc28/SC-28/1_definition/SC-28/camera.py","capture_and_detect","263","","","","","","","","","","","","","","","","","1","","","","","","","","","","","","","","","","","","","","","","","","","","","","",""
"471.387656538","2026-05-12 20:57:44.799356","/home/sc28/SC-28/1_definition/SC-28/camera.py","capture_and_detect","264","","","","","","","","","","","","","","","","1474.5","","","","","","","","","","","","","","","","","","","","","","","","","","","","","",""
"471.391028152","2026-05-12 20:57:44.802741","/home/sc28/SC-28/1_definition/SC-28/camera.py","capture_and_detect","265","","","","","","","","","","","","","","","","","","397","270","","","","","","","","","","","","","","","","","","","","","","","","","","",""
"471.394206068","2026-05-12 20:57:44.805919","/home/sc28/SC-28/1_definition/SC-28/camera.py","capture_and_detect","266","","","","","","","","","","","","","","","","","","","","640","480","","","","","","","","","","","","","","","","","","","","","","","","",""
"471.423501582","2026-05-12 20:57:44.835219","/home/sc28/SC-28/1_definition/SC-28/motordrive.py","set_values","198","","","","","","","","","","","","","","","","","","","","","","-0.0","-0.0","","","","","","","","","","","","","","","","","","","","","","",""
"471.458977615","2026-05-12 20:57:44.870677","/home/sc28/SC-28/1_definition/SC-28/motordrive.py","set_values","198","","","","","","","","","","","","","","","","","","","","","","-0.014285714285714289","-0.07142857142857144","","","","","","","","","","","","","","","","","","","","","","",""
"471.489183597","2026-05-12 20:57:44.900884","/home/sc28/SC-28/1_definition/SC-28/motordrive.py","set_values","198","","","","","","","","","","","","","","","","","","","","","","-0.028571428571428577","-0.14285714285714288","","","","","","","","","","","","","","","","","","","","","","",""
"471.519676402","2026-05-12 20:57:44.931375","/home/sc28/SC-28/1_definition/SC-28/motordrive.py","set_values","198","","","","","","","","","","","","","","","","","","","","","","-0.04285714285714287","-0.21428571428571433","","","","","","","","","","","","","","","","","","","","","","",""
"471.549714884","2026-05-12 20:57:44.961413","/home/sc28/SC-28/1_definition/SC-28/motordrive.py","set_values","198","","","","","","","","","","","","","","","","","","","","","","-0.057142857142857155","-0.28571428571428575","","","","","","","","","","","","","","","","","","","","","","",""
"471.583392844","2026-05-12 20:57:44.995091","/home/sc28/SC-28/1_definition/SC-28/motordrive.py","set_values","198","","","","","","","","","","","","","","","","","","","","","","-0.07142857142857144","-0.35714285714285715","","","","","","","","","","","","","","","","","","","","","","",""
"471.615136482","2026-05-12 20:57:45.026835","/home/sc28/SC-28/1_definition/SC-28/motordrive.py","set_values","198","","","","","","","","","","","","","","","","","","","","","","-0.08571428571428574","-0.42857142857142866","","","","","","","","","","","","","","","","","","","","","","",""
"471.905336463","2026-05-12 20:57:45.317042","/home/sc28/SC-28/1_definition/SC-28/motordrive.py","stop","142","","","","","","","","","","","","","","","","","","","","","","0.0","0.0","","","","","","","","","","","","","","","","","","","","","","",""
"478.503534942","2026-05-12 20:57:51.915236","/home/sc28/SC-28/1_definition/SC-28/camera.py","capture_and_detect","263","","","","","","","","","","","","","","","","","1","","","","","","","","","","","","","","","","","","","","","","","","","","","","",""
"478.514949366","2026-05-12 20:57:51.926651","/home/sc28/SC-28/1_definition/SC-28/camera.py","capture_and_detect","264","","","","","","","","","","","","","","","","1453.5","","","","","","","","","","","","","","","","","","","","","","","","","","","","","",""
"478.518184834","2026-05-12 20:57:51.929897","/home/sc28/SC-28/1_definition/SC-28/camera.py","capture_and_detect","265","","","","","","","","","","","","","","","","","","400","269","","","","","","","","","","","","","","","","","","","","","","","","","","",""
"478.521627698","2026-05-12 20:57:51.933337","/home/sc28/SC-28/1_definition/SC-28/camera.py","capture_and_detect","266","","","","","","","","","","","","","","","","","","","","640","480","","","","","","","","","","","","","","","","","","","","","","","","",""
"478.56168873","2026-05-12 20:57:51.973398","/home/sc28/SC-28/1_definition/SC-28/motordrive.py","set_values","198","","","","","","","","","","","","","","","","","","","","","","-0.0","-0.0","","","","","","","","","","","","","","","","","","","","","","",""
"478.594031482","2026-05-12 20:57:52.005731","/home/sc28/SC-28/1_definition/SC-28/motordrive.py","set_values","198","","","","","","","","","","","","","","","","","","","","","","-0.014285714285714289","-0.07142857142857144","","","","","","","","","","","","","","","","","","","","","","",""
"478.630673088","2026-05-12 20:57:52.042371","/home/sc28/SC-28/1_definition/SC-28/motordrive.py","set_values","198","","","","","","","","","","","","","","","","","","","","","","-0.028571428571428577","-0.14285714285714288","","","","","","","","","","","","","","","","","","","","","","",""
"478.661383236","2026-05-12 20:57:52.073083","/home/sc28/SC-28/1_definition/SC-28/motordrive.py","set_values","198","","","","","","","","","","","","","","","","","","","","","","-0.04285714285714287","-0.21428571428571433","","","","","","","","","","","","","","","","","","","","","","",""
"478.691883333","2026-05-12 20:57:52.103582","/home/sc28/SC-28/1_definition/SC-28/motordrive.py","set_values","198","","","","","","","","","","","","","","","","","","","","","","-0.057142857142857155","-0.28571428571428575","","","","","","","","","","","","","","","","","","","","","","",""
"478.72242395","2026-05-12 20:57:52.134122","/home/sc28/SC-28/1_definition/SC-28/motordrive.py","set_values","198","","","","","","","","","","","","","","","","","","","","","","-0.07142857142857144","-0.35714285714285715","","","","","","","","","","","","","","","","","","","","","","",""
"478.75311212","2026-05-12 20:57:52.164810","/home/sc28/SC-28/1_definition/SC-28/motordrive.py","set_values","198","","","","","","","","","","","","","","","","","","","","","","-0.08571428571428574","-0.42857142857142866","","","","","","","","","","","","","","","","","","","","","","",""
"479.043997882","2026-05-12 20:57:52.455755","/home/sc28/SC-28/1_definition/SC-28/motordrive.py","stop","142","","","","","","","","","","","","","","","","","","","","","","0.0","0.0","","","","","","","","","","","","","","","","","","","","","","",""
"479.210507632","2026-05-12 20:57:52.622218","/home/sc28/SC-28/1_definition/SC-28/camera.py","capture_and_detect","263","","","","","","","","","","","","","","","","","1","","","","","","","","","","","","","","","","","","","","","","","","","","","","",""
"479.214069715","2026-05-12 20:57:52.625770","/home/sc28/SC-28/1_definition/SC-28/camera.py","capture_and_detect","264","","","","","","","","","","","","","","","","1484.5","","","","","","","","","","","","","","","","","","","","","","","","","","","","","",""
"479.217324297","2026-05-12 20:57:52.629039","/home/sc28/SC-28/1_definition/SC-28/camera.py","capture_and_detect","265","","","","","","","","","","","","","","","","","","402","266","","","","","","","","","","","","","","","","","","","","","","","","","","",""
"479.220563463","2026-05-12 20:57:52.632278","/home/sc28/SC-28/1_definition/SC-28/camera.py","capture_and_detect","266","","","","","","","","","","","","","","","","","","","","640","480","","","","","","","","","","","","","","","","","","","","","","","","",""
"479.234625543","2026-05-12 20:57:52.646331","/home/sc28/SC-28/1_definition/SC-28/motordrive.py","set_values","198","","","","","","","","","","","","","","","","","","","","","","0.0","0.0","","","","","","","","","","","","","","","","","","","","","","",""
"479.268211316","2026-05-12 20:57:52.679910","/home/sc28/SC-28/1_definition/SC-28/motordrive.py","set_values","198","","","","","","","","","","","","","","","","","","","","","","0.07142857142857144","0.07142857142857144","","","","","","","","","","","","","","","","","","","","","","",""
"479.298099121","2026-05-12 20:57:52.709798","/home/sc28/SC-28/1_definition/SC-28/motordrive.py","set_values","198","","","","","","","","","","","","","","","","","","","","","","0.14285714285714288","0.14285714285714288","","","","","","","","","","","","","","","","","","","","","","",""
"479.327982135","2026-05-12 20:57:52.739681","/home/sc28/SC-28/1_definition/SC-28/motordrive.py","set_values","198","","","","","","","","","","","","","","","","","","","","","","0.21428571428571433","0.21428571428571433","","","","","","","","","","","","","","","","","","","","","","",""
"479.358414783","2026-05-12 20:57:52.770113","/home/sc28/SC-28/1_definition/SC-28/motordrive.py","set_values","198","","","","","","","","","","","","","","","","","","","","","","0.28571428571428575","0.28571428571428575","","","","","","","","","","","","","","","","","","","","","","",""
"479.38838712","2026-05-12 20:57:52.800086","/home/sc28/SC-28/1_definition/SC-28/motordrive.py","set_values","198","","","","","","","","","","","","","","","","","","","","","","0.35714285714285715","0.35714285714285715","","","","","","","","","","","","","","","","","","","","","","",""
"479.41930982","2026-05-12 20:57:52.831008","/home/sc28/SC-28/1_definition/SC-28/motordrive.py","set_values","198","","","","","","","","","","","","","","","","","","","","","","0.42857142857142866","0.42857142857142866","","","","","","","","","","","","","","","","","","","","","","",""
"479.71439756","2026-05-12 20:57:53.126104","/home/sc28/SC-28/1_definition/SC-28/motordrive.py","stop","142","","","","","","","","","","","","","","","","","","","","","","0.0","0.0","","","","","","","","","","","","","","","","","","","","","","",""
"479.875518093","2026-05-12 20:57:53.287235","/home/sc28/SC-28/1_definition/SC-28/camera.py","capture_and_detect","263","","","","","","","","","","","","","","","","","1","","","","","","","","","","","","","","","","","","","","","","","","","","","","",""
"479.879356738","2026-05-12 20:57:53.291061","/home/sc28/SC-28/1_definition/SC-28/camera.py","capture_and_detect","264","","","","","","","","","","","","","","","","1365.5","","","","","","","","","","","","","","","","","","","","","","","","","","","","","",""
"479.883780956","2026-05-12 20:57:53.295492","/home/sc28/SC-28/1_definition/SC-28/camera.py","capture_and_detect","265","","","","","","","","","","","","","","","","","","399","269","","","","","","","","","","","","","","","","","","","","","","","","","","",""
"479.888448924","2026-05-12 20:57:53.300163","/home/sc28/SC-28/1_definition/SC-28/camera.py","capture_and_detect","266","","","","","","","","","","","","","","","","","","","","640","480","","","","","","","","","","","","","","","","","","","","","","","","",""
"479.9167085","2026-05-12 20:57:53.328414","/home/sc28/SC-28/1_definition/SC-28/motordrive.py","set_values","198","","","","","","","","","","","","","","","","","","","","","","0.0","0.0","","","","","","","","","","","","","","","","","","","","","","",""
"479.94891568","2026-05-12 20:57:53.360615","/home/sc28/SC-28/1_definition/SC-28/motordrive.py","set_values","198","","","","","","","","","","","","","","","","","","","","","","0.07142857142857144","0.07142857142857144","","","","","","","","","","","","","","","","","","","","","","",""
"479.979070308","2026-05-12 20:57:53.390768","/home/sc28/SC-28/1_definition/SC-28/motordrive.py","set_values","198","","","","","","","","","","","","","","","","","","","","","","0.14285714285714288","0.14285714285714288","","","","","","","","","","","","","","","","","","","","","","",""
"480.009386394","2026-05-12 20:57:53.421084","/home/sc28/SC-28/1_definition/SC-28/motordrive.py","set_values","198","","","","","","","","","","","","","","","","","","","","","","0.21428571428571433","0.21428571428571433","","","","","","","","","","","","","","","","","","","","","","",""
"480.043153573","2026-05-12 20:57:53.454852","/home/sc28/SC-28/1_definition/SC-28/motordrive.py","set_values","198","","","","","","","","","","","","","","","","","","","","","","0.28571428571428575","0.28571428571428575","","","","","","","","","","","","","","","","","","","","","","",""
"480.073610284","2026-05-12 20:57:53.485309","/home/sc28/SC-28/1_definition/SC-28/motordrive.py","set_values","198","","","","","","","","","","","","","","","","","","","","","","0.35714285714285715","0.35714285714285715","","","","","","","","","","","","","","","","","","","","","","",""
"480.103722516","2026-05-12 20:57:53.515421","/home/sc28/SC-28/1_definition/SC-28/motordrive.py","set_values","198","","","","","","","","","","","","","","","","","","","","","","0.42857142857142866","0.42857142857142866","","","","","","","","","","","","","","","","","","","","","","",""
"480.392621977","2026-05-12 20:57:53.804326","/home/sc28/SC-28/1_definition/SC-28/motordrive.py","stop","142","","","","","","","","","","","","","","","","","","","","","","0.0","0.0","","","","","","","","","","","","","","","","","","","","","","",""
"480.555878238","2026-05-12 20:57:53.967593","/home/sc28/SC-28/1_definition/SC-28/camera.py","capture_and_detect","263","","","","","","","","","","","","","","","","","1","","","","","","","","","","","","","","","","","","","","","","","","","","","","",""
"480.560207456","2026-05-12 20:57:53.971914","/home/sc28/SC-28/1_definition/SC-28/camera.py","capture_and_detect","264","","","","","","","","","","","","","","","","1419.0","","","","","","","","","","","","","","","","","","","","","","","","","","","","","",""
"480.567141517","2026-05-12 20:57:53.978854","/home/sc28/SC-28/1_definition/SC-28/camera.py","capture_and_detect","265","","","","","","","","","","","","","","","","","","398","270","","","","","","","","","","","","","","","","","","","","","","","","","","",""
"480.570551829","2026-05-12 20:57:53.982264","/home/sc28/SC-28/1_definition/SC-28/camera.py","capture_and_detect","266","","","","","","","","","","","","","","","","","","","","640","480","","","","","","","","","","","","","","","","","","","","","","","","",""
"480.585497242","2026-05-12 20:57:53.997206","/home/sc28/SC-28/1_definition/SC-28/motordrive.py","set_values","198","","","","","","","","","","","","","","","","","","","","","","0.0","0.0","","","","","","","","","","","","","","","","","","","","","","",""
"480.616831973","2026-05-12 20:57:54.028530","/home/sc28/SC-28/1_definition/SC-28/motordrive.py","set_values","198","","","","","","","","","","","","","","","","","","","","","","0.07142857142857144","0.07142857142857144","","","","","","","","","","","","","","","","","","","","","","",""
"480.648663684","2026-05-12 20:57:54.060362","/home/sc28/SC-28/1_definition/SC-28/motordrive.py","set_values","198","","","","","","","","","","","","","","","","","","","","","","0.14285714285714288","0.14285714285714288","","","","","","","","","","","","","","","","","","","","","","",""
"480.682633311","2026-05-12 20:57:54.094332","/home/sc28/SC-28/1_definition/SC-28/motordrive.py","set_values","198","","","","","","","","","","","","","","","","","","","","","","0.21428571428571433","0.21428571428571433","","","","","","","","","","","","","","","","","","","","","","",""
"480.713171845","2026-05-12 20:57:54.124870","/home/sc28/SC-28/1_definition/SC-28/motordrive.py","set_values","198","","","","","","","","","","","","","","","","","","","","","","0.28571428571428575","0.28571428571428575","","","","","","","","","","","","","","","","","","","","","","",""
"480.743800432","2026-05-12 20:57:54.155498","/home/sc28/SC-28/1_definition/SC-28/motordrive.py","set_values","198","","","","","","","","","","","","","","","","","","","","","","0.35714285714285715","0.35714285714285715","","","","","","","","","","","","","","","","","","","","","","",""
"480.774555424","2026-05-12 20:57:54.186254","/home/sc28/SC-28/1_definition/SC-28/motordrive.py","set_values","198","","","","","","","","","","","","","","","","","","","","","","0.42857142857142866","0.42857142857142866","","","","","","","","","","","","","","","","","","","","","","",""
"481.064966863","2026-05-12 20:57:54.476670","/home/sc28/SC-28/1_definition/SC-28/motordrive.py","stop","142","","","","","","","","","","","","","","","","","","","","","","0.0","0.0","","","","","","","","","","","","","","","","","","","","","","",""
"481.226934167","2026-05-12 20:57:54.638640","/home/sc28/SC-28/1_definition/SC-28/camera.py","capture_and_detect","263","","","","","","","","","","","","","","","","","1","","","","","","","","","","","","","","","","","","","","","","","","","","","","",""
"481.23764281","2026-05-12 20:57:54.649352","/home/sc28/SC-28/1_definition/SC-28/camera.py","capture_and_detect","264","","","","","","","","","","","","","","","","1456.0","","","","","","","","","","","","","","","","","","","","","","","","","","","","","",""
"481.241224632","2026-05-12 20:57:54.652944","/home/sc28/SC-28/1_definition/SC-28/camera.py","capture_and_detect","265","","","","","","","","","","","","","","","","","","398","273","","","","","","","","","","","","","","","","","","","","","","","","","","",""
"481.244648017","2026-05-12 20:57:54.656358","/home/sc28/SC-28/1_definition/SC-28/camera.py","capture_and_detect","266","","","","","","","","","","","","","","","","","","","","640","480","","","","","","","","","","","","","","","","","","","","","","","","",""
"481.277054467","2026-05-12 20:57:54.688760","/home/sc28/SC-28/1_definition/SC-28/motordrive.py","set_values","198","","","","","","","","","","","","","","","","","","","","","","0.0","0.0","","","","","","","","","","","","","","","","","","","","","","",""
"481.309039095","2026-05-12 20:57:54.720737","/home/sc28/SC-28/1_definition/SC-28/motordrive.py","set_values","198","","","","","","","","","","","","","","","","","","","","","","0.07142857142857144","0.07142857142857144","","","","","","","","","","","","","","","","","","","","","","",""
"481.342614451","2026-05-12 20:57:54.754312","/home/sc28/SC-28/1_definition/SC-28/motordrive.py","set_values","198","","","","","","","","","","","","","","","","","","","","","","0.14285714285714288","0.14285714285714288","","","","","","","","","","","","","","","","","","","","","","",""
"481.372769964","2026-05-12 20:57:54.784468","/home/sc28/SC-28/1_definition/SC-28/motordrive.py","set_values","198","","","","","","","","","","","","","","","","","","","","","","0.21428571428571433","0.21428571428571433","","","","","","","","","","","","","","","","","","","","","","",""
"481.403252301","2026-05-12 20:57:54.814952","/home/sc28/SC-28/1_definition/SC-28/motordrive.py","set_values","198","","","","","","","","","","","","","","","","","","","","","","0.28571428571428575","0.28571428571428575","","","","","","","","","","","","","","","","","","","","","","",""
"481.436220938","2026-05-12 20:57:54.847919","/home/sc28/SC-28/1_definition/SC-28/motordrive.py","set_values","198","","","","","","","","","","","","","","","","","","","","","","0.35714285714285715","0.35714285714285715","","","","","","","","","","","","","","","","","","","","","","",""
"481.466882285","2026-05-12 20:57:54.878581","/home/sc28/SC-28/1_definition/SC-28/motordrive.py","set_values","198","","","","","","","","","","","","","","","","","","","","","","0.42857142857142866","0.42857142857142866","","","","","","","","","","","","","","","","","","","","","","",""
"481.761043983","2026-05-12 20:57:55.172748","/home/sc28/SC-28/1_definition/SC-28/motordrive.py","stop","142","","","","","","","","","","","","","","","","","","","","","","0.0","0.0","","","","","","","","","","","","","","","","","","","","","","",""
"488.347962725","2026-05-12 20:58:01.759667","/home/sc28/SC-28/1_definition/SC-28/camera.py","capture_and_detect","263","","","","","","","","","","","","","","","","","1","","","","","","","","","","","","","","","","","","","","","","","","","","","","",""
"488.355948817","2026-05-12 20:58:01.767653","/home/sc28/SC-28/1_definition/SC-28/camera.py","capture_and_detect","264","","","","","","","","","","","","","","","","1464.0","","","","","","","","","","","","","","","","","","","","","","","","","","","","","",""
"488.358883191","2026-05-12 20:58:01.770588","/home/sc28/SC-28/1_definition/SC-28/camera.py","capture_and_detect","265","","","","","","","","","","","","","","","","","","399","274","","","","","","","","","","","","","","","","","","","","","","","","","","",""
"488.361662357","2026-05-12 20:58:01.773366","/home/sc28/SC-28/1_definition/SC-28/camera.py","capture_and_detect","266","","","","","","","","","","","","","","","","","","","","640","480","","","","","","","","","","","","","","","","","","","","","","","","",""
"488.396918078","2026-05-12 20:58:01.808629","/home/sc28/SC-28/1_definition/SC-28/motordrive.py","set_values","198","","","","","","","","","","","","","","","","","","","","","","0.0","0.0","","","","","","","","","","","","","","","","","","","","","","",""
"488.433853433","2026-05-12 20:58:01.845553","/home/sc28/SC-28/1_definition/SC-28/motordrive.py","set_values","198","","","","","","","","","","","","","","","","","","","","","","0.07142857142857144","0.07142857142857144","","","","","","","","","","","","","","","","","","","","","","",""
"488.464182905","2026-05-12 20:58:01.875881","/home/sc28/SC-28/1_definition/SC-28/motordrive.py","set_values","198","","","","","","","","","","","","","","","","","","","","","","0.14285714285714288","0.14285714285714288","","","","","","","","","","","","","","","","","","","","","","",""
"488.494617741","2026-05-12 20:58:01.906316","/home/sc28/SC-28/1_definition/SC-28/motordrive.py","set_values","198","","","","","","","","","","","","","","","","","","","","","","0.21428571428571433","0.21428571428571433","","","","","","","","","","","","","","","","","","","","","","",""
"488.524839973","2026-05-12 20:58:01.936539","/home/sc28/SC-28/1_definition/SC-28/motordrive.py","set_values","198","","","","","","","","","","","","","","","","","","","","","","0.28571428571428575","0.28571428571428575","","","","","","","","","","","","","","","","","","","","","","",""
"488.558694653","2026-05-12 20:58:01.970393","/home/sc28/SC-28/1_definition/SC-28/motordrive.py","set_values","198","","","","","","","","","","","","","","","","","","","","","","0.35714285714285715","0.35714285714285715","","","","","","","","","","","","","","","","","","","","","","",""
"488.58925777","2026-05-12 20:58:02.000956","/home/sc28/SC-28/1_definition/SC-28/motordrive.py","set_values","198","","","","","","","","","","","","","","","","","","","","","","0.42857142857142866","0.42857142857142866","","","","","","","","","","","","","","","","","","","","","","",""
"488.880779834","2026-05-12 20:58:02.292484","/home/sc28/SC-28/1_definition/SC-28/motordrive.py","stop","142","","","","","","","","","","","","","","","","","","","","","","0.0","0.0","","","","","","","","","","","","","","","","","","","","","","",""
"489.047008282","2026-05-12 20:58:02.458716","/home/sc28/SC-28/1_definition/SC-28/camera.py","capture_and_detect","263","","","","","","","","","","","","","","","","","1","","","","","","","","","","","","","","","","","","","","","","","","","","","","",""
"489.050694948","2026-05-12 20:58:02.462400","/home/sc28/SC-28/1_definition/SC-28/camera.py","capture_and_detect","264","","","","","","","","","","","","","","","","1494.0","","","","","","","","","","","","","","","","","","","","","","","","","","","","","",""
"489.058104582","2026-05-12 20:58:02.469817","/home/sc28/SC-28/1_definition/SC-28/camera.py","capture_and_detect","265","","","","","","","","","","","","","","","","","","402","270","","","","","","","","","","","","","","","","","","","","","","","","","","",""
"489.061419373","2026-05-12 20:58:02.473133","/home/sc28/SC-28/1_definition/SC-28/camera.py","capture_and_detect","266","","","","","","","","","","","","","","","","","","","","640","480","","","","","","","","","","","","","","","","","","","","","","","","",""
"489.075387911","2026-05-12 20:58:02.487112","/home/sc28/SC-28/1_definition/SC-28/motordrive.py","set_values","198","","","","","","","","","","","","","","","","","","","","","","0.0","0.0","","","","","","","","","","","","","","","","","","","","","","",""
"489.107984257","2026-05-12 20:58:02.519724","/home/sc28/SC-28/1_definition/SC-28/motordrive.py","set_values","198","","","","","","","","","","","","","","","","","","","","","","0.07142857142857144","0.07142857142857144","","","","","","","","","","","","","","","","","","","","","","",""
"489.13821602","2026-05-12 20:58:02.549914","/home/sc28/SC-28/1_definition/SC-28/motordrive.py","set_values","198","","","","","","","","","","","","","","","","","","","","","","0.14285714285714288","0.14285714285714288","","","","","","","","","","","","","","","","","","","","","","",""
"489.16848919","2026-05-12 20:58:02.580188","/home/sc28/SC-28/1_definition/SC-28/motordrive.py","set_values","198","","","","","","","","","","","","","","","","","","","","","","0.21428571428571433","0.21428571428571433","","","","","","","","","","","","","","","","","","","","","","",""
"489.202358609","2026-05-12 20:58:02.614057","/home/sc28/SC-28/1_definition/SC-28/motordrive.py","set_values","198","","","","","","","","","","","","","","","","","","","","","","0.28571428571428575","0.28571428571428575","","","","","","","","","","","","","","","","","","","","","","",""
"489.232664018","2026-05-12 20:58:02.644363","/home/sc28/SC-28/1_definition/SC-28/motordrive.py","set_values","198","","","","","","","","","","","","","","","","","","","","","","0.35714285714285715","0.35714285714285715","","","","","","","","","","","","","","","","","","","","","","",""
"489.263001458","2026-05-12 20:58:02.674700","/home/sc28/SC-28/1_definition/SC-28/motordrive.py","set_values","198","","","","","","","","","","","","","","","","","","","","","","0.42857142857142866","0.42857142857142866","","","","","","","","","","","","","","","","","","","","","","",""
"489.564933884","2026-05-12 20:58:02.976639","/home/sc28/SC-28/1_definition/SC-28/motordrive.py","stop","142","","","","","","","","","","","","","","","","","","","","","","0.0","0.0","","","","","","","","","","","","","","","","","","","","","","",""
"489.730440562","2026-05-12 20:58:03.142159","/home/sc28/SC-28/1_definition/SC-28/camera.py","capture_and_detect","263","","","","","","","","","","","","","","","","","1","","","","","","","","","","","","","","","","","","","","","","","","","","","","",""
"489.736724415","2026-05-12 20:58:03.148431","/home/sc28/SC-28/1_definition/SC-28/camera.py","capture_and_detect","264","","","","","","","","","","","","","","","","1633.0","","","","","","","","","","","","","","","","","","","","","","","","","","","","","",""
"489.743663111","2026-05-12 20:58:03.155375","/home/sc28/SC-28/1_definition/SC-28/camera.py","capture_and_detect","265","","","","","","","","","","","","","","","","","","402","266","","","","","","","","","","","","","","","","","","","","","","","","","","",""
"489.748533995","2026-05-12 20:58:03.160247","/home/sc28/SC-28/1_definition/SC-28/camera.py","capture_and_detect","266","","","","","","","","","","","","","","","","","","","","640","480","","","","","","","","","","","","","","","","","","","","","","","","",""
"489.773154822","2026-05-12 20:58:03.184862","/home/sc28/SC-28/1_definition/SC-28/motordrive.py","set_values","198","","","","","","","","","","","","","","","","","","","","","","0.0","0.0","","","","","","","","","","","","","","","","","","","","","","",""
"489.806070179","2026-05-12 20:58:03.217768","/home/sc28/SC-28/1_definition/SC-28/motordrive.py","set_values","198","","","","","","","","","","","","","","","","","","","","","","0.07142857142857144","0.07142857142857144","","","","","","","","","","","","","","","","","","","","","","",""
"489.839867931","2026-05-12 20:58:03.251566","/home/sc28/SC-28/1_definition/SC-28/motordrive.py","set_values","198","","","","","","","","","","","","","","","","","","","","","","0.14285714285714288","0.14285714285714288","","","","","","","","","","","","","","","","","","","","","","",""
"489.870068028","2026-05-12 20:58:03.281766","/home/sc28/SC-28/1_definition/SC-28/motordrive.py","set_values","198","","","","","","","","","","","","","","","","","","","","","","0.21428571428571433","0.21428571428571433","","","","","","","","","","","","","","","","","","","","","","",""
"489.900242031","2026-05-12 20:58:03.311941","/home/sc28/SC-28/1_definition/SC-28/motordrive.py","set_values","198","","","","","","","","","","","","","","","","","","","","","","0.28571428571428575","0.28571428571428575","","","","","","","","","","","","","","","","","","","","","","",""
"489.930407388","2026-05-12 20:58:03.342105","/home/sc28/SC-28/1_definition/SC-28/motordrive.py","set_values","198","","","","","","","","","","","","","","","","","","","","","","0.35714285714285715","0.35714285714285715","","","","","","","","","","","","","","","","","","","","","","",""
"489.960744411","2026-05-12 20:58:03.372443","/home/sc28/SC-28/1_definition/SC-28/motordrive.py","set_values","198","","","","","","","","","","","","","","","","","","","","","","0.42857142857142866","0.42857142857142866","","","","","","","","","","","","","","","","","","","","","","",""
"490.251629704","2026-05-12 20:58:03.663334","/home/sc28/SC-28/1_definition/SC-28/motordrive.py","stop","142","","","","","","","","","","","","","","","","","","","","","","0.0","0.0","","","","","","","","","","","","","","","","","","","","","","",""
"490.414886591","2026-05-12 20:58:03.826595","/home/sc28/SC-28/1_definition/SC-28/camera.py","capture_and_detect","263","","","","","","","","","","","","","","","","","1","","","","","","","","","","","","","","","","","","","","","","","","","","","","",""
"490.419168361","2026-05-12 20:58:03.830875","/home/sc28/SC-28/1_definition/SC-28/camera.py","capture_and_detect","264","","","","","","","","","","","","","","","","1623.0","","","","","","","","","","","","","","","","","","","","","","","","","","","","","",""
"490.425856953","2026-05-12 20:58:03.837572","/home/sc28/SC-28/1_definition/SC-28/camera.py","capture_and_detect","265","","","","","","","","","","","","","","","","","","399","264","","","","","","","","","","","","","","","","","","","","","","","","","","",""
"490.430600285","2026-05-12 20:58:03.842314","/home/sc28/SC-28/1_definition/SC-28/camera.py","capture_and_detect","266","","","","","","","","","","","","","","","","","","","","640","480","","","","","","","","","","","","","","","","","","","","","","","","",""
"490.446585125","2026-05-12 20:58:03.858294","/home/sc28/SC-28/1_definition/SC-28/motordrive.py","set_values","198","","","","","","","","","","","","","","","","","","","","","","0.0","0.0","","","","","","","","","","","","","","","","","","","","","","",""
"490.477516263","2026-05-12 20:58:03.889217","/home/sc28/SC-28/1_definition/SC-28/motordrive.py","set_values","198","","","","","","","","","","","","","","","","","","","","","","0.07142857142857144","0.07142857142857144","","","","","","","","","","","","","","","","","","","","","","",""
"490.513772036","2026-05-12 20:58:03.925471","/home/sc28/SC-28/1_definition/SC-28/motordrive.py","set_values","198","","","","","","","","","","","","","","","","","","","","","","0.14285714285714288","0.14285714285714288","","","","","","","","","","","","","","","","","","","","","","",""
"490.544268695","2026-05-12 20:58:03.955967","/home/sc28/SC-28/1_definition/SC-28/motordrive.py","set_values","198","","","","","","","","","","","","","","","","","","","","","","0.21428571428571433","0.21428571428571433","","","","","","","","","","","","","","","","","","","","","","",""
"490.574500406","2026-05-12 20:58:03.986199","/home/sc28/SC-28/1_definition/SC-28/motordrive.py","set_values","198","","","","","","","","","","","","","","","","","","","","","","0.28571428571428575","0.28571428571428575","","","","","","","","","","","","","","","","","","","","","","",""
"490.605309721","2026-05-12 20:58:04.017009","/home/sc28/SC-28/1_definition/SC-28/motordrive.py","set_values","198","","","","","","","","","","","","","","","","","","","","","","0.35714285714285715","0.35714285714285715","","","","","","","","","","","","","","","","","","","","","","",""
"490.635926693","2026-05-12 20:58:04.047626","/home/sc28/SC-28/1_definition/SC-28/motordrive.py","set_values","198","","","","","","","","","","","","","","","","","","","","","","0.42857142857142866","0.42857142857142866","","","","","","","","","","","","","","","","","","","","","","",""
"490.930338027","2026-05-12 20:58:04.342042","/home/sc28/SC-28/1_definition/SC-28/motordrive.py","stop","142","","","","","","","","","","","","","","","","","","","","","","0.0","0.0","","","","","","","","","","","","","","","","","","","","","","",""
"491.092482518","2026-05-12 20:58:04.504195","/home/sc28/SC-28/1_definition/SC-28/camera.py","capture_and_detect","263","","","","","","","","","","","","","","","","","1","","","","","","","","","","","","","","","","","","","","","","","","","","","","",""
"491.096426007","2026-05-12 20:58:04.508126","/home/sc28/SC-28/1_definition/SC-28/camera.py","capture_and_detect","264","","","","","","","","","","","","","","","","1694.5","","","","","","","","","","","","","","","","","","","","","","","","","","","","","",""
"491.100071683","2026-05-12 20:58:04.511785","/home/sc28/SC-28/1_definition/SC-28/camera.py","capture_and_detect","265","","","","","","","","","","","","","","","","","","399","264","","","","","","","","","","","","","","","","","","","","","","","","","","",""
"491.103345224","2026-05-12 20:58:04.515058","/home/sc28/SC-28/1_definition/SC-28/camera.py","capture_and_detect","266","","","","","","","","","","","","","","","","","","","","640","480","","","","","","","","","","","","","","","","","","","","","","","","",""
"491.134531102","2026-05-12 20:58:04.546235","/home/sc28/SC-28/1_definition/SC-28/motordrive.py","set_values","198","","","","","","","","","","","","","","","","","","","","","","0.0","0.0","","","","","","","","","","","","","","","","","","","","","","",""
"491.169837135","2026-05-12 20:58:04.581535","/home/sc28/SC-28/1_definition/SC-28/motordrive.py","set_values","198","","","","","","","","","","","","","","","","","","","","","","0.07142857142857144","0.07142857142857144","","","","","","","","","","","","","","","","","","","","","","",""
"491.199885617","2026-05-12 20:58:04.611584","/home/sc28/SC-28/1_definition/SC-28/motordrive.py","set_values","198","","","","","","","","","","","","","","","","","","","","","","0.14285714285714288","0.14285714285714288","","","","","","","","","","","","","","","","","","","","","","",""
"491.229981963","2026-05-12 20:58:04.641682","/home/sc28/SC-28/1_definition/SC-28/motordrive.py","set_values","198","","","","","","","","","","","","","","","","","","","","","","0.21428571428571433","0.21428571428571433","","","","","","","","","","","","","","","","","","","","","","",""
"491.262523987","2026-05-12 20:58:04.674222","/home/sc28/SC-28/1_definition/SC-28/motordrive.py","set_values","198","","","","","","","","","","","","","","","","","","","","","","0.28571428571428575","0.28571428571428575","","","","","","","","","","","","","","","","","","","","","","",""
"491.296177572","2026-05-12 20:58:04.707876","/home/sc28/SC-28/1_definition/SC-28/motordrive.py","set_values","198","","","","","","","","","","","","","","","","","","","","","","0.35714285714285715","0.35714285714285715","","","","","","","","","","","","","","","","","","","","","","",""
"491.326315846","2026-05-12 20:58:04.738013","/home/sc28/SC-28/1_definition/SC-28/motordrive.py","set_values","198","","","","","","","","","","","","","","","","","","","","","","0.42857142857142866","0.42857142857142866","","","","","","","","","","","","","","","","","","","","","","",""
"491.616409629","2026-05-12 20:58:05.028114","/home/sc28/SC-28/1_definition/SC-28/motordrive.py","stop","142","","","","","","","","","","","","","","","","","","","","","","0.0","0.0","","","","","","","","","","","","","","","","","","","","","","",""
"498.106544176","2026-05-12 20:58:11.518248","/home/sc28/SC-28/1_definition/SC-28/camera.py","capture_and_detect","263","","","","","","","","","","","","","","","","","1","","","","","","","","","","","","","","","","","","","","","","","","","","","","",""
"498.110066206","2026-05-12 20:58:11.521771","/home/sc28/SC-28/1_definition/SC-28/camera.py","capture_and_detect","264","","","","","","","","","","","","","","","","1761.0","","","","","","","","","","","","","","","","","","","","","","","","","","","","","",""
"498.112992977","2026-05-12 20:58:11.524700","/home/sc28/SC-28/1_definition/SC-28/camera.py","capture_and_detect","265","","","","","","","","","","","","","","","","","","233","210","","","","","","","","","","","","","","","","","","","","","","","","","","",""
"498.119365944","2026-05-12 20:58:11.531071","/home/sc28/SC-28/1_definition/SC-28/camera.py","capture_and_detect","266","","","","","","","","","","","","","","","","","","","","640","480","","","","","","","","","","","","","","","","","","","","","","","","",""
"498.153809008","2026-05-12 20:58:11.565516","/home/sc28/SC-28/1_definition/SC-28/motordrive.py","set_values","198","","","","","","","","","","","","","","","","","","","","","","-0.0","-0.0","","","","","","","","","","","","","","","","","","","","","","",""
"498.185832229","2026-05-12 20:58:11.597530","/home/sc28/SC-28/1_definition/SC-28/motordrive.py","set_values","198","","","","","","","","","","","","","","","","","","","","","","-0.07142857142857144","-0.07142857142857144","","","","","","","","","","","","","","","","","","","","","","",""
"498.216076128","2026-05-12 20:58:11.627774","/home/sc28/SC-28/1_definition/SC-28/motordrive.py","set_values","198","","","","","","","","","","","","","","","","","","","","","","-0.14285714285714288","-0.14285714285714288","","","","","","","","","","","","","","","","","","","","","","",""
"498.246177006","2026-05-12 20:58:11.657875","/home/sc28/SC-28/1_definition/SC-28/motordrive.py","set_values","198","","","","","","","","","","","","","","","","","","","","","","-0.21428571428571433","-0.21428571428571433","","","","","","","","","","","","","","","","","","","","","","",""
"498.279886269","2026-05-12 20:58:11.691584","/home/sc28/SC-28/1_definition/SC-28/motordrive.py","set_values","198","","","","","","","","","","","","","","","","","","","","","","-0.28571428571428575","-0.28571428571428575","","","","","","","","","","","","","","","","","","","","","","",""
"498.310718136","2026-05-12 20:58:11.722417","/home/sc28/SC-28/1_definition/SC-28/motordrive.py","set_values","198","","","","","","","","","","","","","","","","","","","","","","-0.35714285714285715","-0.35714285714285715","","","","","","","","","","","","","","","","","","","","","","",""
"498.342786201","2026-05-12 20:58:11.754483","/home/sc28/SC-28/1_definition/SC-28/motordrive.py","set_values","198","","","","","","","","","","","","","","","","","","","","","","-0.42857142857142866","-0.42857142857142866","","","","","","","","","","","","","","","","","","","","","","",""
"498.633950609","2026-05-12 20:58:12.045656","/home/sc28/SC-28/1_definition/SC-28/motordrive.py","stop","142","","","","","","","","","","","","","","","","","","","","","","0.0","0.0","","","","","","","","","","","","","","","","","","","","","","",""
"498.798939578","2026-05-12 20:58:12.210648","/home/sc28/SC-28/1_definition/SC-28/camera.py","capture_and_detect","263","","","","","","","","","","","","","","","","","1","","","","","","","","","","","","","","","","","","","","","","","","","","","","",""
"498.806233795","2026-05-12 20:58:12.217935","/home/sc28/SC-28/1_definition/SC-28/camera.py","capture_and_detect","264","","","","","","","","","","","","","","","","1732.5","","","","","","","","","","","","","","","","","","","","","","","","","","","","","",""
"498.809518847","2026-05-12 20:58:12.221238","/home/sc28/SC-28/1_definition/SC-28/camera.py","capture_and_detect","265","","","","","","","","","","","","","","","","","","409","272","","","","","","","","","","","","","","","","","","","","","","","","","","",""
"498.814142908","2026-05-12 20:58:12.225862","/home/sc28/SC-28/1_definition/SC-28/camera.py","capture_and_detect","266","","","","","","","","","","","","","","","","","","","","640","480","","","","","","","","","","","","","","","","","","","","","","","","",""
"498.884337422","2026-05-12 20:58:12.296044","/home/sc28/SC-28/1_definition/SC-28/camera.py","capture_and_detect","263","","","","","","","","","","","","","","","","","1","","","","","","","","","","","","","","","","","","","","","","","","","","","","",""
"498.887775546","2026-05-12 20:58:12.299477","/home/sc28/SC-28/1_definition/SC-28/camera.py","capture_and_detect","264","","","","","","","","","","","","","","","","1786.0","","","","","","","","","","","","","","","","","","","","","","","","","","","","","",""
"498.89060091","2026-05-12 20:58:12.302305","/home/sc28/SC-28/1_definition/SC-28/camera.py","capture_and_detect","265","","","","","","","","","","","","","","","","","","409","272","","","","","","","","","","","","","","","","","","","","","","","","","","",""
"498.896847263","2026-05-12 20:58:12.308552","/home/sc28/SC-28/1_definition/SC-28/camera.py","capture_and_detect","266","","","","","","","","","","","","","","","","","","","","640","480","","","","","","","","","","","","","","","","","","","","","","","","",""
"498.972406515","2026-05-12 20:58:12.384119","/home/sc28/SC-28/1_definition/SC-28/camera.py","capture_and_detect","263","","","","","","","","","","","","","","","","","1","","","","","","","","","","","","","","","","","","","","","","","","","","","","",""
"498.976459014","2026-05-12 20:58:12.388163","/home/sc28/SC-28/1_definition/SC-28/camera.py","capture_and_detect","264","","","","","","","","","","","","","","","","1747.0","","","","","","","","","","","","","","","","","","","","","","","","","","","","","",""
"498.979555315","2026-05-12 20:58:12.391264","/home/sc28/SC-28/1_definition/SC-28/camera.py","capture_and_detect","265","","","","","","","","","","","","","","","","","","410","272","","","","","","","","","","","","","","","","","","","","","","","","","","",""
"498.982431877","2026-05-12 20:58:12.394138","/home/sc28/SC-28/1_definition/SC-28/camera.py","capture_and_detect","266","","","","","","","","","","","","","","","","","","","","640","480","","","","","","","","","","","","","","","","","","","","","","","","",""
"499.053756495","2026-05-12 20:58:12.465464","/home/sc28/SC-28/1_definition/SC-28/camera.py","capture_and_detect","263","","","","","","","","","","","","","","","","","1","","","","","","","","","","","","","","","","","","","","","","","","","","","","",""
"499.061018837","2026-05-12 20:58:12.472718","/home/sc28/SC-28/1_definition/SC-28/camera.py","capture_and_detect","264","","","","","","","","","","","","","","","","1778.5","","","","","","","","","","","","","","","","","","","","","","","","","","","","","",""
"499.065920294","2026-05-12 20:58:12.477635","/home/sc28/SC-28/1_definition/SC-28/camera.py","capture_and_detect","265","","","","","","","","","","","","","","","","","","410","272","","","","","","","","","","","","","","","","","","","","","","","","","","",""
"499.06921946","2026-05-12 20:58:12.480931","/home/sc28/SC-28/1_definition/SC-28/camera.py","capture_and_detect","266","","","","","","","","","","","","","","","","","","","","640","480","","","","","","","","","","","","","","","","","","","","","","","","",""
"505.466688353","2026-05-12 20:58:18.878393","/home/sc28/SC-28/1_definition/SC-28/camera.py","capture_and_detect","263","","","","","","","","","","","","","","","","","1","","","","","","","","","","","","","","","","","","","","","","","","","","","","",""
"505.47466033","2026-05-12 20:58:18.886367","/home/sc28/SC-28/1_definition/SC-28/camera.py","capture_and_detect","264","","","","","","","","","","","","","","","","1724.0","","","","","","","","","","","","","","","","","","","","","","","","","","","","","",""
"505.478042361","2026-05-12 20:58:18.889757","/home/sc28/SC-28/1_definition/SC-28/camera.py","capture_and_detect","265","","","","","","","","","","","","","","","","","","409","272","","","","","","","","","","","","","","","","","","","","","","","","","","",""
"505.48473538","2026-05-12 20:58:18.896446","/home/sc28/SC-28/1_definition/SC-28/camera.py","capture_and_detect","266","","","","","","","","","","","","","","","","","","","","640","480","","","","","","","","","","","","","","","","","","","","","","","","",""
"505.797832334","2026-05-12 20:58:19.209548","/home/sc28/SC-28/1_definition/SC-28/camera.py","capture_and_detect","263","","","","","","","","","","","","","","","","","1","","","","","","","","","","","","","","","","","","","","","","","","","","","","",""
"505.835864512","2026-05-12 20:58:19.247574","/home/sc28/SC-28/1_definition/SC-28/camera.py","capture_and_detect","264","","","","","","","","","","","","","","","","1725.0","","","","","","","","","","","","","","","","","","","","","","","","","","","","","",""
"505.854371122","2026-05-12 20:58:19.266082","/home/sc28/SC-28/1_definition/SC-28/camera.py","capture_and_detect","265","","","","","","","","","","","","","","","","","","409","271","","","","","","","","","","","","","","","","","","","","","","","","","","",""
"505.861648933","2026-05-12 20:58:19.273368","/home/sc28/SC-28/1_definition/SC-28/camera.py","capture_and_detect","266","","","","","","","","","","","","","","","","","","","","640","480","","","","","","","","","","","","","","","","","","","","","","","","",""
"505.986835464","2026-05-12 20:58:19.398542","/home/sc28/SC-28/1_definition/SC-28/camera.py","capture_and_detect","263","","","","","","","","","","","","","","","","","1","","","","","","","","","","","","","","","","","","","","","","","","","","","","",""
"505.990536141","2026-05-12 20:58:19.402243","/home/sc28/SC-28/1_definition/SC-28/camera.py","capture_and_detect","264","","","","","","","","","","","","","","","","1774.0","","","","","","","","","","","","","","","","","","","","","","","","","","","","","",""
"505.997571451","2026-05-12 20:58:19.409290","/home/sc28/SC-28/1_definition/SC-28/camera.py","capture_and_detect","265","","","","","","","","","","","","","","","","","","409","272","","","","","","","","","","","","","","","","","","","","","","","","","","",""
"506.000805982","2026-05-12 20:58:19.412522","/home/sc28/SC-28/1_definition/SC-28/camera.py","capture_and_detect","266","","","","","","","","","","","","","","","","","","","","640","480","","","","","","","","","","","","","","","","","","","","","","","","",""
"506.077070546","2026-05-12 20:58:19.488778","/home/sc28/SC-28/1_definition/SC-28/camera.py","capture_and_detect","263","","","","","","","","","","","","","","","","","1","","","","","","","","","","","","","","","","","","","","","","","","","","","","",""
"506.084104763","2026-05-12 20:58:19.495803","/home/sc28/SC-28/1_definition/SC-28/camera.py","capture_and_detect","264","","","","","","","","","","","","","","","","1736.5","","","","","","","","","","","","","","","","","","","","","","","","","","","","","",""
"506.088518877","2026-05-12 20:58:19.500228","/home/sc28/SC-28/1_definition/SC-28/camera.py","capture_and_detect","265","","","","","","","","","","","","","","","","","","409","272","","","","","","","","","","","","","","","","","","","","","","","","","","",""
"506.091410282","2026-05-12 20:58:19.503119","/home/sc28/SC-28/1_definition/SC-28/camera.py","capture_and_detect","266","","","","","","","","","","","","","","","","","","","","640","480","","","","","","","","","","","","","","","","","","","","","","","","",""
"506.158168964","2026-05-12 20:58:19.569875","/home/sc28/SC-28/1_definition/SC-28/camera.py","capture_and_detect","263","","","","","","","","","","","","","","","","","1","","","","","","","","","","","","","","","","","","","","","","","","","","","","",""
"506.161683286","2026-05-12 20:58:19.573380","/home/sc28/SC-28/1_definition/SC-28/camera.py","capture_and_detect","264","","","","","","","","","","","","","","","","1803.5","","","","","","","","","","","","","","","","","","","","","","","","","","","","","",""
"506.169558857","2026-05-12 20:58:19.581269","/home/sc28/SC-28/1_definition/SC-28/camera.py","capture_and_detect","265","","","","","","","","","","","","","","","","","","410","272","","","","","","","","","","","","","","","","","","","","","","","","","","",""
"506.174483856","2026-05-12 20:58:19.586201","/home/sc28/SC-28/1_definition/SC-28/camera.py","capture_and_detect","266","","","","","","","","","","","","","","","","","","","","640","480","","","","","","","","","","","","","","","","","","","","","","","","",""
"512.564521188","2026-05-12 20:58:25.976234","/home/sc28/SC-28/1_definition/SC-28/camera.py","capture_and_detect","263","","","","","","","","","","","","","","","","","1","","","","","","","","","","","","","","","","","","","","","","","","","","","","",""
"512.573097176","2026-05-12 20:58:25.984796","/home/sc28/SC-28/1_definition/SC-28/camera.py","capture_and_detect","264","","","","","","","","","","","","","","","","1782.5","","","","","","","","","","","","","","","","","","","","","","","","","","","","","",""
"512.576413998","2026-05-12 20:58:25.988121","/home/sc28/SC-28/1_definition/SC-28/camera.py","capture_and_detect","265","","","","","","","","","","","","","","","","","","410","272","","","","","","","","","","","","","","","","","","","","","","","","","","",""
"512.57920358","2026-05-12 20:58:25.990907","/home/sc28/SC-28/1_definition/SC-28/camera.py","capture_and_detect","266","","","","","","","","","","","","","","","","","","","","640","480","","","","","","","","","","","","","","","","","","","","","","","","",""
"512.666085382","2026-05-12 20:58:26.077793","/home/sc28/SC-28/1_definition/SC-28/camera.py","capture_and_detect","263","","","","","","","","","","","","","","","","","1","","","","","","","","","","","","","","","","","","","","","","","","","","","","",""
"512.675239651","2026-05-12 20:58:26.086939","/home/sc28/SC-28/1_definition/SC-28/camera.py","capture_and_detect","264","","","","","","","","","","","","","","","","1637.5","","","","","","","","","","","","","","","","","","","","","","","","","","","","","",""
"512.678503244","2026-05-12 20:58:26.090212","/home/sc28/SC-28/1_definition/SC-28/camera.py","capture_and_detect","265","","","","","","","","","","","","","","","","","","409","271","","","","","","","","","","","","","","","","","","","","","","","","","","",""
"512.681457097","2026-05-12 20:58:26.093167","/home/sc28/SC-28/1_definition/SC-28/camera.py","capture_and_detect","266","","","","","","","","","","","","","","","","","","","","640","480","","","","","","","","","","","","","","","","","","","","","","","","",""
"512.769551971","2026-05-12 20:58:26.181258","/home/sc28/SC-28/1_definition/SC-28/camera.py","capture_and_detect","263","","","","","","","","","","","","","","","","","1","","","","","","","","","","","","","","","","","","","","","","","","","","","","",""
"512.773023637","2026-05-12 20:58:26.184722","/home/sc28/SC-28/1_definition/SC-28/camera.py","capture_and_detect","264","","","","","","","","","","","","","","","","1807.5","","","","","","","","","","","","","","","","","","","","","","","","","","","","","",""
"512.78136577","2026-05-12 20:58:26.193073","/home/sc28/SC-28/1_definition/SC-28/camera.py","capture_and_detect","265","","","","","","","","","","","","","","","","","","410","272","","","","","","","","","","","","","","","","","","","","","","","","","","",""
"512.784327749","2026-05-12 20:58:26.196036","/home/sc28/SC-28/1_definition/SC-28/camera.py","capture_and_detect","266","","","","","","","","","","","","","","","","","","","","640","480","","","","","","","","","","","","","","","","","","","","","","","","",""
"512.85978747","2026-05-12 20:58:26.271494","/home/sc28/SC-28/1_definition/SC-28/camera.py","capture_and_detect","263","","","","","","","","","","","","","","","","","1","","","","","","","","","","","","","","","","","","","","","","","","","","","","",""
"512.863532208","2026-05-12 20:58:26.275240","/home/sc28/SC-28/1_definition/SC-28/camera.py","capture_and_detect","264","","","","","","","","","","","","","","","","1768.0","","","","","","","","","","","","","","","","","","","","","","","","","","","","","",""
"512.866686478","2026-05-12 20:58:26.278398","/home/sc28/SC-28/1_definition/SC-28/camera.py","capture_and_detect","265","","","","","","","","","","","","","","","","","","409","271","","","","","","","","","","","","","","","","","","","","","","","","","","",""
"512.873167206","2026-05-12 20:58:26.284878","/home/sc28/SC-28/1_definition/SC-28/camera.py","capture_and_detect","266","","","","","","","","","","","","","","","","","","","","640","480","","","","","","","","","","","","","","","","","","","","","","","","",""
"512.94671849","2026-05-12 20:58:26.358443","/home/sc28/SC-28/1_definition/SC-28/camera.py","capture_and_detect","263","","","","","","","","","","","","","","","","","1","","","","","","","","","","","","","","","","","","","","","","","","","","","","",""
"512.95101276","2026-05-12 20:58:26.362719","/home/sc28/SC-28/1_definition/SC-28/camera.py","capture_and_detect","264","","","","","","","","","","","","","","","","1763.0","","","","","","","","","","","","","","","","","","","","","","","","","","","","","",""
"512.954318853","2026-05-12 20:58:26.366032","/home/sc28/SC-28/1_definition/SC-28/camera.py","capture_and_detect","265","","","","","","","","","","","","","","","","","","409","273","","","","","","","","","","","","","","","","","","","","","","","","","","",""
"512.95762255","2026-05-12 20:58:26.369335","/home/sc28/SC-28/1_definition/SC-28/camera.py","capture_and_detect","266","","","","","","","","","","","","","","","","","","","","640","480","","","","","","","","","","","","","","","","","","","","","","","","",""
"519.296823332","2026-05-12 20:58:32.708533","/home/sc28/SC-28/1_definition/SC-28/camera.py","capture_and_detect","263","","","","","","","","","","","","","","","","","1","","","","","","","","","","","","","","","","","","","","","","","","","","","","",""
"519.304237601","2026-05-12 20:58:32.715940","/home/sc28/SC-28/1_definition/SC-28/camera.py","capture_and_detect","264","","","","","","","","","","","","","","","","1778.0","","","","","","","","","","","","","","","","","","","","","","","","","","","","","",""
"519.307504267","2026-05-12 20:58:32.719209","/home/sc28/SC-28/1_definition/SC-28/camera.py","capture_and_detect","265","","","","","","","","","","","","","","","","","","409","272","","","","","","","","","","","","","","","","","","","","","","","","","","",""
"519.310347183","2026-05-12 20:58:32.722056","/home/sc28/SC-28/1_definition/SC-28/camera.py","capture_and_detect","266","","","","","","","","","","","","","","","","","","","","640","480","","","","","","","","","","","","","","","","","","","","","","","","",""
"519.391032892","2026-05-12 20:58:32.802746","/home/sc28/SC-28/1_definition/SC-28/camera.py","capture_and_detect","263","","","","","","","","","","","","","","","","","1","","","","","","","","","","","","","","","","","","","","","","","","","","","","",""
"519.400745026","2026-05-12 20:58:32.812449","/home/sc28/SC-28/1_definition/SC-28/camera.py","capture_and_detect","264","","","","","","","","","","","","","","","","1781.0","","","","","","","","","","","","","","","","","","","","","","","","","","","","","",""
"519.403722421","2026-05-12 20:58:32.815431","/home/sc28/SC-28/1_definition/SC-28/camera.py","capture_and_detect","265","","","","","","","","","","","","","","","","","","409","272","","","","","","","","","","","","","","","","","","","","","","","","","","",""
"519.406935284","2026-05-12 20:58:32.818646","/home/sc28/SC-28/1_definition/SC-28/camera.py","capture_and_detect","266","","","","","","","","","","","","","","","","","","","","640","480","","","","","","","","","","","","","","","","","","","","","","","","",""
"519.476981725","2026-05-12 20:58:32.888688","/home/sc28/SC-28/1_definition/SC-28/camera.py","capture_and_detect","263","","","","","","","","","","","","","","","","","1","","","","","","","","","","","","","","","","","","","","","","","","","","","","",""
"519.518097132","2026-05-12 20:58:32.929796","/home/sc28/SC-28/1_definition/SC-28/camera.py","capture_and_detect","264","","","","","","","","","","","","","","","","1708.5","","","","","","","","","","","","","","","","","","","","","","","","","","","","","",""
"519.52103635","2026-05-12 20:58:32.932742","/home/sc28/SC-28/1_definition/SC-28/camera.py","capture_and_detect","265","","","","","","","","","","","","","","","","","","409","272","","","","","","","","","","","","","","","","","","","","","","","","","","",""
"519.523792599","2026-05-12 20:58:32.935497","/home/sc28/SC-28/1_definition/SC-28/camera.py","capture_and_detect","266","","","","","","","","","","","","","","","","","","","","640","480","","","","","","","","","","","","","","","","","","","","","","","","",""
"519.591790656","2026-05-12 20:58:33.003499","/home/sc28/SC-28/1_definition/SC-28/camera.py","capture_and_detect","263","","","","","","","","","","","","","","","","","1","","","","","","","","","","","","","","","","","","","","","","","","","","","","",""
"519.595277998","2026-05-12 20:58:33.006975","/home/sc28/SC-28/1_definition/SC-28/camera.py","capture_and_detect","264","","","","","","","","","","","","","","","","1615.5","","","","","","","","","","","","","","","","","","","","","","","","","","","","","",""
"519.598287269","2026-05-12 20:58:33.010003","/home/sc28/SC-28/1_definition/SC-28/camera.py","capture_and_detect","265","","","","","","","","","","","","","","","","","","409","272","","","","","","","","","","","","","","","","","","","","","","","","","","",""
"519.60497909","2026-05-12 20:58:33.016689","/home/sc28/SC-28/1_definition/SC-28/camera.py","capture_and_detect","266","","","","","","","","","","","","","","","","","","","","640","480","","","","","","","","","","","","","","","","","","","","","","","","",""
"519.676848864","2026-05-12 20:58:33.088556","/home/sc28/SC-28/1_definition/SC-28/camera.py","capture_and_detect","263","","","","","","","","","","","","","","","","","1","","","","","","","","","","","","","","","","","","","","","","","","","","","","",""
"519.680288446","2026-05-12 20:58:33.091992","/home/sc28/SC-28/1_definition/SC-28/camera.py","capture_and_detect","264","","","","","","","","","","","","","","","","1683.0","","","","","","","","","","","","","","","","","","","","","","","","","","","","","",""
"519.683144018","2026-05-12 20:58:33.094851","/home/sc28/SC-28/1_definition/SC-28/camera.py","capture_and_detect","265","","","","","","","","","","","","","","","","","","409","272","","","","","","","","","","","","","","","","","","","","","","","","","","",""
"519.686020841","2026-05-12 20:58:33.097729","/home/sc28/SC-28/1_definition/SC-28/camera.py","capture_and_detect","266","","","","","","","","","","","","","","","","","","","","640","480","","","","","","","","","","","","","","","","","","","","","","","","",""
"526.125175765","2026-05-12 20:58:39.536886","/home/sc28/SC-28/1_definition/SC-28/camera.py","capture_and_detect","263","","","","","","","","","","","","","","","","","1","","","","","","","","","","","","","","","","","","","","","","","","","","","","",""
"526.133490555","2026-05-12 20:58:39.545193","/home/sc28/SC-28/1_definition/SC-28/camera.py","capture_and_detect","264","","","","","","","","","","","","","","","","1751.0","","","","","","","","","","","","","","","","","","","","","","","","","","","","","",""
"526.136364513","2026-05-12 20:58:39.548070","/home/sc28/SC-28/1_definition/SC-28/camera.py","capture_and_detect","265","","","","","","","","","","","","","","","","","","410","273","","","","","","","","","","","","","","","","","","","","","","","","","","",""
"526.139109043","2026-05-12 20:58:39.550813","/home/sc28/SC-28/1_definition/SC-28/camera.py","capture_and_detect","266","","","","","","","","","","","","","","","","","","","","640","480","","","","","","","","","","","","","","","","","","","","","","","","",""
"526.241796987","2026-05-12 20:58:39.653505","/home/sc28/SC-28/1_definition/SC-28/camera.py","capture_and_detect","263","","","","","","","","","","","","","","","","","1","","","","","","","","","","","","","","","","","","","","","","","","","","","","",""
"526.250438235","2026-05-12 20:58:39.662137","/home/sc28/SC-28/1_definition/SC-28/camera.py","capture_and_detect","264","","","","","","","","","","","","","","","","1627.5","","","","","","","","","","","","","","","","","","","","","","","","","","","","","",""
"526.253325161","2026-05-12 20:58:39.665032","/home/sc28/SC-28/1_definition/SC-28/camera.py","capture_and_detect","265","","","","","","","","","","","","","","","","","","409","272","","","","","","","","","","","","","","","","","","","","","","","","","","",""
"526.256258233","2026-05-12 20:58:39.667966","/home/sc28/SC-28/1_definition/SC-28/camera.py","capture_and_detect","266","","","","","","","","","","","","","","","","","","","","640","480","","","","","","","","","","","","","","","","","","","","","","","","",""
"526.357807687","2026-05-12 20:58:39.769514","/home/sc28/SC-28/1_definition/SC-28/camera.py","capture_and_detect","263","","","","","","","","","","","","","","","","","1","","","","","","","","","","","","","","","","","","","","","","","","","","","","",""
"526.362034509","2026-05-12 20:58:39.773744","/home/sc28/SC-28/1_definition/SC-28/camera.py","capture_and_detect","264","","","","","","","","","","","","","","","","1629.0","","","","","","","","","","","","","","","","","","","","","","","","","","","","","",""
"526.365189196","2026-05-12 20:58:39.776906","/home/sc28/SC-28/1_definition/SC-28/camera.py","capture_and_detect","265","","","","","","","","","","","","","","","","","","409","272","","","","","","","","","","","","","","","","","","","","","","","","","","",""
"526.372221121","2026-05-12 20:58:39.783962","/home/sc28/SC-28/1_definition/SC-28/camera.py","capture_and_detect","266","","","","","","","","","","","","","","","","","","","","640","480","","","","","","","","","","","","","","","","","","","","","","","","",""
"526.443148187","2026-05-12 20:58:39.854855","/home/sc28/SC-28/1_definition/SC-28/camera.py","capture_and_detect","263","","","","","","","","","","","","","","","","","1","","","","","","","","","","","","","","","","","","","","","","","","","","","","",""
"526.446569124","2026-05-12 20:58:39.858267","/home/sc28/SC-28/1_definition/SC-28/camera.py","capture_and_detect","264","","","","","","","","","","","","","","","","1701.5","","","","","","","","","","","","","","","","","","","","","","","","","","","","","",""
"526.449358498","2026-05-12 20:58:39.861062","/home/sc28/SC-28/1_definition/SC-28/camera.py","capture_and_detect","265","","","","","","","","","","","","","","","","","","409","272","","","","","","","","","","","","","","","","","","","","","","","","","","",""
"526.452124122","2026-05-12 20:58:39.863826","/home/sc28/SC-28/1_definition/SC-28/camera.py","capture_and_detect","266","","","","","","","","","","","","","","","","","","","","640","480","","","","","","","","","","","","","","","","","","","","","","","","",""
"526.534978112","2026-05-12 20:58:39.946683","/home/sc28/SC-28/1_definition/SC-28/camera.py","capture_and_detect","263","","","","","","","","","","","","","","","","","1","","","","","","","","","","","","","","","","","","","","","","","","","","","","",""
"526.538361809","2026-05-12 20:58:39.950059","/home/sc28/SC-28/1_definition/SC-28/camera.py","capture_and_detect","264","","","","","","","","","","","","","","","","1725.5","","","","","","","","","","","","","","","","","","","","","","","","","","","","","",""
"526.54116858","2026-05-12 20:58:39.952872","/home/sc28/SC-28/1_definition/SC-28/camera.py","capture_and_detect","265","","","","","","","","","","","","","","","","","","409","272","","","","","","","","","","","","","","","","","","","","","","","","","","",""
"526.543918891","2026-05-12 20:58:39.955621","/home/sc28/SC-28/1_definition/SC-28/camera.py","capture_and_detect","266","","","","","","","","","","","","","","","","","","","","640","480","","","","","","","","","","","","","","","","","","","","","","","","",""
"532.884093788","2026-05-12 20:58:46.295804","/home/sc28/SC-28/1_definition/SC-28/camera.py","capture_and_detect","263","","","","","","","","","","","","","","","","","1","","","","","","","","","","","","","","","","","","","","","","","","","","","","",""
"532.895521181","2026-05-12 20:58:46.307218","/home/sc28/SC-28/1_definition/SC-28/camera.py","capture_and_detect","264","","","","","","","","","","","","","","","","1619.5","","","","","","","","","","","","","","","","","","","","","","","","","","","","","",""
"532.898487222","2026-05-12 20:58:46.310193","/home/sc28/SC-28/1_definition/SC-28/camera.py","capture_and_detect","265","","","","","","","","","","","","","","","","","","409","272","","","","","","","","","","","","","","","","","","","","","","","","","","",""
"532.901280086","2026-05-12 20:58:46.312984","/home/sc28/SC-28/1_definition/SC-28/camera.py","capture_and_detect","266","","","","","","","","","","","","","","","","","","","","640","480","","","","","","","","","","","","","","","","","","","","","","","","",""
"532.989071315","2026-05-12 20:58:46.400778","/home/sc28/SC-28/1_definition/SC-28/camera.py","capture_and_detect","263","","","","","","","","","","","","","","","","","1","","","","","","","","","","","","","","","","","","","","","","","","","","","","",""
"532.997622927","2026-05-12 20:58:46.409326","/home/sc28/SC-28/1_definition/SC-28/camera.py","capture_and_detect","264","","","","","","","","","","","","","","","","1728.0","","","","","","","","","","","","","","","","","","","","","","","","","","","","","",""
"533.000536103","2026-05-12 20:58:46.412240","/home/sc28/SC-28/1_definition/SC-28/camera.py","capture_and_detect","265","","","","","","","","","","","","","","","","","","409","272","","","","","","","","","","","","","","","","","","","","","","","","","","",""
"533.003297301","2026-05-12 20:58:46.415002","/home/sc28/SC-28/1_definition/SC-28/camera.py","capture_and_detect","266","","","","","","","","","","","","","","","","","","","","640","480","","","","","","","","","","","","","","","","","","","","","","","","",""
"533.078592022","2026-05-12 20:58:46.490300","/home/sc28/SC-28/1_definition/SC-28/camera.py","capture_and_detect","263","","","","","","","","","","","","","","","","","1","","","","","","","","","","","","","","","","","","","","","","","","","","","","",""
"533.082119","2026-05-12 20:58:46.493817","/home/sc28/SC-28/1_definition/SC-28/camera.py","capture_and_detect","264","","","","","","","","","","","","","","","","1711.5","","","","","","","","","","","","","","","","","","","","","","","","","","","","","",""
"533.08531827","2026-05-12 20:58:46.497037","/home/sc28/SC-28/1_definition/SC-28/camera.py","capture_and_detect","265","","","","","","","","","","","","","","","","","","409","271","","","","","","","","","","","","","","","","","","","","","","","","","","",""
"533.091981133","2026-05-12 20:58:46.503774","/home/sc28/SC-28/1_definition/SC-28/camera.py","capture_and_detect","266","","","","","","","","","","","","","","","","","","","","640","480","","","","","","","","","","","","","","","","","","","","","","","","",""
"533.161591949","2026-05-12 20:58:46.573298","/home/sc28/SC-28/1_definition/SC-28/camera.py","capture_and_detect","263","","","","","","","","","","","","","","","","","1","","","","","","","","","","","","","","","","","","","","","","","","","","","","",""
"533.165050125","2026-05-12 20:58:46.576747","/home/sc28/SC-28/1_definition/SC-28/camera.py","capture_and_detect","264","","","","","","","","","","","","","","","","1631.5","","","","","","","","","","","","","","","","","","","","","","","","","","","","","",""
"533.167946635","2026-05-12 20:58:46.579655","/home/sc28/SC-28/1_definition/SC-28/camera.py","capture_and_detect","265","","","","","","","","","","","","","","","","","","409","272","","","","","","","","","","","","","","","","","","","","","","","","","","",""
"533.170834499","2026-05-12 20:58:46.582539","/home/sc28/SC-28/1_definition/SC-28/camera.py","capture_and_detect","266","","","","","","","","","","","","","","","","","","","","640","480","","","","","","","","","","","","","","","","","","","","","","","","",""
"533.245926772","2026-05-12 20:58:46.657635","/home/sc28/SC-28/1_definition/SC-28/camera.py","capture_and_detect","263","","","","","","","","","","","","","","","","","1","","","","","","","","","","","","","","","","","","","","","","","","","","","","",""
"533.252317448","2026-05-12 20:58:46.664016","/home/sc28/SC-28/1_definition/SC-28/camera.py","capture_and_detect","264","","","","","","","","","","","","","","","","1810.5","","","","","","","","","","","","","","","","","","","","","","","","","","","","","",""
"533.255454687","2026-05-12 20:58:46.667175","/home/sc28/SC-28/1_definition/SC-28/camera.py","capture_and_detect","265","","","","","","","","","","","","","","","","","","410","272","","","","","","","","","","","","","","","","","","","","","","","","","","",""
"533.258677029","2026-05-12 20:58:46.670395","/home/sc28/SC-28/1_definition/SC-28/camera.py","capture_and_detect","266","","","","","","","","","","","","","","","","","","","","640","480","","","","","","","","","","","","","","","","","","","","","","","","",""
"539.637441084","2026-05-12 20:58:53.049147","/home/sc28/SC-28/1_definition/SC-28/camera.py","capture_and_detect","263","","","","","","","","","","","","","","","","","1","","","","","","","","","","","","","","","","","","","","","","","","","","","","",""
"539.645179988","2026-05-12 20:58:53.056885","/home/sc28/SC-28/1_definition/SC-28/camera.py","capture_and_detect","264","","","","","","","","","","","","","","","","1700.5","","","","","","","","","","","","","","","","","","","","","","","","","","","","","",""
"539.648898008","2026-05-12 20:58:53.060611","/home/sc28/SC-28/1_definition/SC-28/camera.py","capture_and_detect","265","","","","","","","","","","","","","","","","","","409","272","","","","","","","","","","","","","","","","","","","","","","","","","","",""
"539.652910194","2026-05-12 20:58:53.064620","/home/sc28/SC-28/1_definition/SC-28/camera.py","capture_and_detect","266","","","","","","","","","","","","","","","","","","","","640","480","","","","","","","","","","","","","","","","","","","","","","","","",""
"539.738389184","2026-05-12 20:58:53.150095","/home/sc28/SC-28/1_definition/SC-28/camera.py","capture_and_detect","263","","","","","","","","","","","","","","","","","1","","","","","","","","","","","","","","","","","","","","","","","","","","","","",""
"539.747020692","2026-05-12 20:58:53.158719","/home/sc28/SC-28/1_definition/SC-28/camera.py","capture_and_detect","264","","","","","","","","","","","","","","","","1712.5","","","","","","","","","","","","","","","","","","","","","","","","","","","","","",""
"539.749957879","2026-05-12 20:58:53.161668","/home/sc28/SC-28/1_definition/SC-28/camera.py","capture_and_detect","265","","","","","","","","","","","","","","","","","","409","272","","","","","","","","","","","","","","","","","","","","","","","","","","",""
"539.753082826","2026-05-12 20:58:53.164795","/home/sc28/SC-28/1_definition/SC-28/camera.py","capture_and_detect","266","","","","","","","","","","","","","","","","","","","","640","480","","","","","","","","","","","","","","","","","","","","","","","","",""
"539.825264162","2026-05-12 20:58:53.236973","/home/sc28/SC-28/1_definition/SC-28/camera.py","capture_and_detect","263","","","","","","","","","","","","","","","","","1","","","","","","","","","","","","","","","","","","","","","","","","","","","","",""
"539.829065047","2026-05-12 20:58:53.240766","/home/sc28/SC-28/1_definition/SC-28/camera.py","capture_and_detect","264","","","","","","","","","","","","","","","","1787.5","","","","","","","","","","","","","","","","","","","","","","","","","","","","","",""
"539.835931712","2026-05-12 20:58:53.247648","/home/sc28/SC-28/1_definition/SC-28/camera.py","capture_and_detect","265","","","","","","","","","","","","","","","","","","409","272","","","","","","","","","","","","","","","","","","","","","","","","","","",""
"539.839302023","2026-05-12 20:58:53.251016","/home/sc28/SC-28/1_definition/SC-28/camera.py","capture_and_detect","266","","","","","","","","","","","","","","","","","","","","640","480","","","","","","","","","","","","","","","","","","","","","","","","",""
"539.908370184","2026-05-12 20:58:53.320085","/home/sc28/SC-28/1_definition/SC-28/camera.py","capture_and_detect","263","","","","","","","","","","","","","","","","","1","","","","","","","","","","","","","","","","","","","","","","","","","","","","",""
"539.91204461","2026-05-12 20:58:53.323748","/home/sc28/SC-28/1_definition/SC-28/camera.py","capture_and_detect","264","","","","","","","","","","","","","","","","1778.5","","","","","","","","","","","","","","","","","","","","","","","","","","","","","",""
"539.915225286","2026-05-12 20:58:53.326933","/home/sc28/SC-28/1_definition/SC-28/camera.py","capture_and_detect","265","","","","","","","","","","","","","","","","","","410","272","","","","","","","","","","","","","","","","","","","","","","","","","","",""
"539.918538619","2026-05-12 20:58:53.330248","/home/sc28/SC-28/1_definition/SC-28/camera.py","capture_and_detect","266","","","","","","","","","","","","","","","","","","","","640","480","","","","","","","","","","","","","","","","","","","","","","","","",""
"539.991795163","2026-05-12 20:58:53.403504","/home/sc28/SC-28/1_definition/SC-28/camera.py","capture_and_detect","263","","","","","","","","","","","","","","","","","1","","","","","","","","","","","","","","","","","","","","","","","","","","","","",""
"539.995605266","2026-05-12 20:58:53.407308","/home/sc28/SC-28/1_definition/SC-28/camera.py","capture_and_detect","264","","","","","","","","","","","","","","","","1652.5","","","","","","","","","","","","","","","","","","","","","","","","","","","","","",""
"539.998849953","2026-05-12 20:58:53.410567","/home/sc28/SC-28/1_definition/SC-28/camera.py","capture_and_detect","265","","","","","","","","","","","","","","","","","","409","272","","","","","","","","","","","","","","","","","","","","","","","","","","",""
"540.002041723","2026-05-12 20:58:53.413758","/home/sc28/SC-28/1_definition/SC-28/camera.py","capture_and_detect","266","","","","","","","","","","","","","","","","","","","","640","480","","","","","","","","","","","","","","","","","","","","","","","","",""
"546.343680161","2026-05-12 20:58:59.755384","/home/sc28/SC-28/1_definition/SC-28/camera.py","capture_and_detect","263","","","","","","","","","","","","","","","","","1","","","","","","","","","","","","","","","","","","","","","","","","","","","","",""
"546.351253389","2026-05-12 20:58:59.762951","/home/sc28/SC-28/1_definition/SC-28/camera.py","capture_and_detect","264","","","","","","","","","","","","","","","","1684.5","","","","","","","","","","","","","","","","","","","","","","","","","","","","","",""
"546.354540784","2026-05-12 20:58:59.766248","/home/sc28/SC-28/1_definition/SC-28/camera.py","capture_and_detect","265","","","","","","","","","","","","","","","","","","409","272","","","","","","","","","","","","","","","","","","","","","","","","","","",""
"546.358907866","2026-05-12 20:58:59.770617","/home/sc28/SC-28/1_definition/SC-28/camera.py","capture_and_detect","266","","","","","","","","","","","","","","","","","","","","640","480","","","","","","","","","","","","","","","","","","","","","","","","",""
"546.442564616","2026-05-12 20:58:59.854274","/home/sc28/SC-28/1_definition/SC-28/camera.py","capture_and_detect","263","","","","","","","","","","","","","","","","","1","","","","","","","","","","","","","","","","","","","","","","","","","","","","",""
"546.451618416","2026-05-12 20:58:59.863326","/home/sc28/SC-28/1_definition/SC-28/camera.py","capture_and_detect","264","","","","","","","","","","","","","","","","1774.0","","","","","","","","","","","","","","","","","","","","","","","","","","","","","",""
"546.454926228","2026-05-12 20:58:59.866640","/home/sc28/SC-28/1_definition/SC-28/camera.py","capture_and_detect","265","","","","","","","","","","","","","","","","","","409","273","","","","","","","","","","","","","","","","","","","","","","","","","","",""
"546.458230237","2026-05-12 20:58:59.869945","/home/sc28/SC-28/1_definition/SC-28/camera.py","capture_and_detect","266","","","","","","","","","","","","","","","","","","","","640","480","","","","","","","","","","","","","","","","","","","","","","","","",""
"546.528775428","2026-05-12 20:58:59.940480","/home/sc28/SC-28/1_definition/SC-28/camera.py","capture_and_detect","263","","","","","","","","","","","","","","","","","1","","","","","","","","","","","","","","","","","","","","","","","","","","","","",""
"546.532132823","2026-05-12 20:58:59.943834","/home/sc28/SC-28/1_definition/SC-28/camera.py","capture_and_detect","264","","","","","","","","","","","","","","","","1804.0","","","","","","","","","","","","","","","","","","","","","","","","","","","","","",""
"546.538468707","2026-05-12 20:58:59.950173","/home/sc28/SC-28/1_definition/SC-28/camera.py","capture_and_detect","265","","","","","","","","","","","","","","","","","","409","272","","","","","","","","","","","","","","","","","","","","","","","","","","",""
"546.541255009","2026-05-12 20:58:59.952958","/home/sc28/SC-28/1_definition/SC-28/camera.py","capture_and_detect","266","","","","","","","","","","","","","","","","","","","","640","480","","","","","","","","","","","","","","","","","","","","","","","","",""
"546.612732543","2026-05-12 20:59:00.024440","/home/sc28/SC-28/1_definition/SC-28/camera.py","capture_and_detect","263","","","","","","","","","","","","","","","","","1","","","","","","","","","","","","","","","","","","","","","","","","","","","","",""
"546.616228688","2026-05-12 20:59:00.027927","/home/sc28/SC-28/1_definition/SC-28/camera.py","capture_and_detect","264","","","","","","","","","","","","","","","","1790.5","","","","","","","","","","","","","","","","","","","","","","","","","","","","","",""
"546.619098844","2026-05-12 20:59:00.030804","/home/sc28/SC-28/1_definition/SC-28/camera.py","capture_and_detect","265","","","","","","","","","","","","","","","","","","409","272","","","","","","","","","","","","","","","","","","","","","","","","","","",""
"546.621963999","2026-05-12 20:59:00.033672","/home/sc28/SC-28/1_definition/SC-28/camera.py","capture_and_detect","266","","","","","","","","","","","","","","","","","","","","640","480","","","","","","","","","","","","","","","","","","","","","","","","",""
"546.698610178","2026-05-12 20:59:00.110316","/home/sc28/SC-28/1_definition/SC-28/camera.py","capture_and_detect","263","","","","","","","","","","","","","","","","","1","","","","","","","","","","","","","","","","","","","","","","","","","","","","",""
"546.702052156","2026-05-12 20:59:00.113755","/home/sc28/SC-28/1_definition/SC-28/camera.py","capture_and_detect","264","","","","","","","","","","","","","","","","1726.0","","","","","","","","","","","","","","","","","","","","","","","","","","","","","",""
"546.704931427","2026-05-12 20:59:00.116639","/home/sc28/SC-28/1_definition/SC-28/camera.py","capture_and_detect","265","","","","","","","","","","","","","","","","","","409","272","","","","","","","","","","","","","","","","","","","","","","","","","","",""
"546.709277363","2026-05-12 20:59:00.120987","/home/sc28/SC-28/1_definition/SC-28/camera.py","capture_and_detect","266","","","","","","","","","","","","","","","","","","","","640","480","","","","","","","","","","","","","","","","","","","","","","","","",""
