time,date,file,func,line,serious_error,error,warning,msg,format_exception,phase,gnss_time,lat,lon,alt,alt_base_press,goal_lat,goal_lon,temp,press,camera_area,camera_order,camera_center_x,camera_center_y,camera_frame_size_x,camera_frame_size_y,motor_l,motor_r,goal_relative_x,goal_relative_y,goal_relative_angle_rad,goal_distance,accel_all_x,accel_all_y,accel_all_z,accel_line_x,accel_line_y,accel_line_z,mag_x,mag_y,mag_z,gyro_x,gyro_y,gyro_z,grav_x,grav_y,grav_z,euler_x,euler_y,euler_z,nmea
"1676.340724076","2026-05-19 19:04:35.780388","/home/sc28/SC-28/1_definition/SC-28/camera.py","capture_and_detect","263","","","","","","","","","","","","","","","","","2","","","","","","","","","","","","","","","","","","","","","","","","","","","","",""
"1676.351169747","2026-05-19 19:04:35.790810","/home/sc28/SC-28/1_definition/SC-28/camera.py","capture_and_detect","264","","","","","","","","","","","","","","","","13670.5","","","","","","","","","","","","","","","","","","","","","","","","","","","","","",""
"1676.354541603","2026-05-19 19:04:35.794194","/home/sc28/SC-28/1_definition/SC-28/camera.py","capture_and_detect","265","","","","","","","","","","","","","","","","","","563","378","","","","","","","","","","","","","","","","","","","","","","","","","","",""
"1676.358060698","2026-05-19 19:04:35.797708","/home/sc28/SC-28/1_definition/SC-28/camera.py","capture_and_detect","266","","","","","","","","","","","","","","","","","","","","640","480","","","","","","","","","","","","","","","","","","","","","","","","",""
"1698.983456151","2026-05-19 19:04:58.448401","/home/sc28/SC-28/1_definition/SC-28/camera.py","capture_and_detect","263","","","","","","","","","","","","","","","","","0","","","","","","","","","","","","","","","","","","","","","","","","","","","","",""
"1699.115965008","2026-05-19 19:04:58.555600","/home/sc28/SC-28/1_definition/SC-28/camera.py","capture_and_detect","264","","","","","","","","","","","","","","","","140.5","","","","","","","","","","","","","","","","","","","","","","","","","","","","","",""
"1699.127327024","2026-05-19 19:04:58.566981","/home/sc28/SC-28/1_definition/SC-28/camera.py","capture_and_detect","265","","","","","","","","","","","","","","","","","","225","188","","","","","","","","","","","","","","","","","","","","","","","","","","",""
"1699.136907228","2026-05-19 19:04:58.576565","/home/sc28/SC-28/1_definition/SC-28/camera.py","capture_and_detect","266","","","","","","","","","","","","","","","","","","","","640","480","","","","","","","","","","","","","","","","","","","","","","","","",""
"1699.391496929","2026-05-19 19:04:58.831143","/home/sc28/SC-28/1_definition/SC-28/camera.py","capture_and_detect","263","","","","","","","","","","","","","","","","","0","","","","","","","","","","","","","","","","","","","","","","","","","","","","",""
"1699.396700805","2026-05-19 19:04:58.836342","/home/sc28/SC-28/1_definition/SC-28/camera.py","capture_and_detect","264","","","","","","","","","","","","","","","","177.0","","","","","","","","","","","","","","","","","","","","","","","","","","","","","",""
"1699.405585753","2026-05-19 19:04:58.845236","/home/sc28/SC-28/1_definition/SC-28/camera.py","capture_and_detect","265","","","","","","","","","","","","","","","","","","191","172","","","","","","","","","","","","","","","","","","","","","","","","","","",""
"1699.412068631","2026-05-19 19:04:58.851720","/home/sc28/SC-28/1_definition/SC-28/camera.py","capture_and_detect","266","","","","","","","","","","","","","","","","","","","","640","480","","","","","","","","","","","","","","","","","","","","","","","","",""
"1699.563933311","2026-05-19 19:04:59.003581","/home/sc28/SC-28/1_definition/SC-28/camera.py","capture_and_detect","263","","","","","","","","","","","","","","","","","0","","","","","","","","","","","","","","","","","","","","","","","","","","","","",""
"1699.572291075","2026-05-19 19:04:59.011929","/home/sc28/SC-28/1_definition/SC-28/camera.py","capture_and_detect","264","","","","","","","","","","","","","","","","157.5","","","","","","","","","","","","","","","","","","","","","","","","","","","","","",""
"1699.577072453","2026-05-19 19:04:59.016726","/home/sc28/SC-28/1_definition/SC-28/camera.py","capture_and_detect","265","","","","","","","","","","","","","","","","","","189","171","","","","","","","","","","","","","","","","","","","","","","","","","","",""
"1699.585686516","2026-05-19 19:04:59.025340","/home/sc28/SC-28/1_definition/SC-28/camera.py","capture_and_detect","266","","","","","","","","","","","","","","","","","","","","640","480","","","","","","","","","","","","","","","","","","","","","","","","",""
"1699.730613683","2026-05-19 19:04:59.170259","/home/sc28/SC-28/1_definition/SC-28/camera.py","capture_and_detect","263","","","","","","","","","","","","","","","","","0","","","","","","","","","","","","","","","","","","","","","","","","","","","","",""
"1699.734501265","2026-05-19 19:04:59.174139","/home/sc28/SC-28/1_definition/SC-28/camera.py","capture_and_detect","264","","","","","","","","","","","","","","","","251.5","","","","","","","","","","","","","","","","","","","","","","","","","","","","","",""
"1699.737582236","2026-05-19 19:04:59.177232","/home/sc28/SC-28/1_definition/SC-28/camera.py","capture_and_detect","265","","","","","","","","","","","","","","","","","","183","169","","","","","","","","","","","","","","","","","","","","","","","","","","",""
"1699.744113552","2026-05-19 19:04:59.183765","/home/sc28/SC-28/1_definition/SC-28/camera.py","capture_and_detect","266","","","","","","","","","","","","","","","","","","","","640","480","","","","","","","","","","","","","","","","","","","","","","","","",""
"1699.891965701","2026-05-19 19:04:59.331612","/home/sc28/SC-28/1_definition/SC-28/camera.py","capture_and_detect","263","","","","","","","","","","","","","","","","","0","","","","","","","","","","","","","","","","","","","","","","","","","","","","",""
"1699.89569719","2026-05-19 19:04:59.335332","/home/sc28/SC-28/1_definition/SC-28/camera.py","capture_and_detect","264","","","","","","","","","","","","","","","","197.5","","","","","","","","","","","","","","","","","","","","","","","","","","","","","",""
"1699.898560558","2026-05-19 19:04:59.338203","/home/sc28/SC-28/1_definition/SC-28/camera.py","capture_and_detect","265","","","","","","","","","","","","","","","","","","184","167","","","","","","","","","","","","","","","","","","","","","","","","","","",""
"1699.90188007","2026-05-19 19:04:59.341524","/home/sc28/SC-28/1_definition/SC-28/camera.py","capture_and_detect","266","","","","","","","","","","","","","","","","","","","","640","480","","","","","","","","","","","","","","","","","","","","","","","","",""
"1700.047827596","2026-05-19 19:04:59.487473","/home/sc28/SC-28/1_definition/SC-28/camera.py","capture_and_detect","263","","","","","","","","","","","","","","","","","0","","","","","","","","","","","","","","","","","","","","","","","","","","","","",""
"1700.054332818","2026-05-19 19:04:59.493967","/home/sc28/SC-28/1_definition/SC-28/camera.py","capture_and_detect","264","","","","","","","","","","","","","","","","169.5","","","","","","","","","","","","","","","","","","","","","","","","","","","","","",""
"1700.057157749","2026-05-19 19:04:59.496804","/home/sc28/SC-28/1_definition/SC-28/camera.py","capture_and_detect","265","","","","","","","","","","","","","","","","","","175","167","","","","","","","","","","","","","","","","","","","","","","","","","","",""
"1700.060167523","2026-05-19 19:04:59.499818","/home/sc28/SC-28/1_definition/SC-28/camera.py","capture_and_detect","266","","","","","","","","","","","","","","","","","","","","640","480","","","","","","","","","","","","","","","","","","","","","","","","",""
"1700.204443444","2026-05-19 19:04:59.644099","/home/sc28/SC-28/1_definition/SC-28/camera.py","capture_and_detect","263","","","","","","","","","","","","","","","","","0","","","","","","","","","","","","","","","","","","","","","","","","","","","","",""
"1700.207888111","2026-05-19 19:04:59.647522","/home/sc28/SC-28/1_definition/SC-28/camera.py","capture_and_detect","264","","","","","","","","","","","","","","","","301.5","","","","","","","","","","","","","","","","","","","","","","","","","","","","","",""
"1700.216878891","2026-05-19 19:04:59.656530","/home/sc28/SC-28/1_definition/SC-28/camera.py","capture_and_detect","265","","","","","","","","","","","","","","","","","","202","178","","","","","","","","","","","","","","","","","","","","","","","","","","",""
"1700.221536624","2026-05-19 19:04:59.661185","/home/sc28/SC-28/1_definition/SC-28/camera.py","capture_and_detect","266","","","","","","","","","","","","","","","","","","","","640","480","","","","","","","","","","","","","","","","","","","","","","","","",""
"1700.362568658","2026-05-19 19:04:59.802214","/home/sc28/SC-28/1_definition/SC-28/camera.py","capture_and_detect","263","","","","","","","","","","","","","","","","","0","","","","","","","","","","","","","","","","","","","","","","","","","","","","",""
"1700.366987851","2026-05-19 19:04:59.806623","/home/sc28/SC-28/1_definition/SC-28/camera.py","capture_and_detect","264","","","","","","","","","","","","","","","","168.5","","","","","","","","","","","","","","","","","","","","","","","","","","","","","",""
"1700.369770907","2026-05-19 19:04:59.809412","/home/sc28/SC-28/1_definition/SC-28/camera.py","capture_and_detect","265","","","","","","","","","","","","","","","","","","218","189","","","","","","","","","","","","","","","","","","","","","","","","","","",""
"1700.372538235","2026-05-19 19:04:59.812182","/home/sc28/SC-28/1_definition/SC-28/camera.py","capture_and_detect","266","","","","","","","","","","","","","","","","","","","","640","480","","","","","","","","","","","","","","","","","","","","","","","","",""
"1700.518101335","2026-05-19 19:04:59.957752","/home/sc28/SC-28/1_definition/SC-28/camera.py","capture_and_detect","263","","","","","","","","","","","","","","","","","0","","","","","","","","","","","","","","","","","","","","","","","","","","","","",""
"1700.524713171","2026-05-19 19:04:59.964361","/home/sc28/SC-28/1_definition/SC-28/camera.py","capture_and_detect","264","","","","","","","","","","","","","","","","168.0","","","","","","","","","","","","","","","","","","","","","","","","","","","","","",""
"1700.528635544","2026-05-19 19:04:59.968286","/home/sc28/SC-28/1_definition/SC-28/camera.py","capture_and_detect","265","","","","","","","","","","","","","","","","","","182","175","","","","","","","","","","","","","","","","","","","","","","","","","","",""
"1700.531506308","2026-05-19 19:04:59.971151","/home/sc28/SC-28/1_definition/SC-28/camera.py","capture_and_detect","266","","","","","","","","","","","","","","","","","","","","640","480","","","","","","","","","","","","","","","","","","","","","","","","",""
"1700.675945248","2026-05-19 19:05:00.115591","/home/sc28/SC-28/1_definition/SC-28/camera.py","capture_and_detect","263","","","","","","","","","","","","","","","","","0","","","","","","","","","","","","","","","","","","","","","","","","","","","","",""
"1700.679132416","2026-05-19 19:05:00.118766","/home/sc28/SC-28/1_definition/SC-28/camera.py","capture_and_detect","264","","","","","","","","","","","","","","","","306.5","","","","","","","","","","","","","","","","","","","","","","","","","","","","","",""
"1700.685420869","2026-05-19 19:05:00.125064","/home/sc28/SC-28/1_definition/SC-28/camera.py","capture_and_detect","265","","","","","","","","","","","","","","","","","","206","183","","","","","","","","","","","","","","","","","","","","","","","","","","",""
"1700.688256685","2026-05-19 19:05:00.127903","/home/sc28/SC-28/1_definition/SC-28/camera.py","capture_and_detect","266","","","","","","","","","","","","","","","","","","","","640","480","","","","","","","","","","","","","","","","","","","","","","","","",""
"1700.836172635","2026-05-19 19:05:00.275821","/home/sc28/SC-28/1_definition/SC-28/camera.py","capture_and_detect","263","","","","","","","","","","","","","","","","","1","","","","","","","","","","","","","","","","","","","","","","","","","","","","",""
"1700.840996929","2026-05-19 19:05:00.280634","/home/sc28/SC-28/1_definition/SC-28/camera.py","capture_and_detect","264","","","","","","","","","","","","","","","","374.5","","","","","","","","","","","","","","","","","","","","","","","","","","","","","",""
"1700.843964256","2026-05-19 19:05:00.283610","/home/sc28/SC-28/1_definition/SC-28/camera.py","capture_and_detect","265","","","","","","","","","","","","","","","","","","197","181","","","","","","","","","","","","","","","","","","","","","","","","","","",""
"1700.84711757","2026-05-19 19:05:00.286767","/home/sc28/SC-28/1_definition/SC-28/camera.py","capture_and_detect","266","","","","","","","","","","","","","","","","","","","","640","480","","","","","","","","","","","","","","","","","","","","","","","","",""
"1700.989501938","2026-05-19 19:05:00.429156","/home/sc28/SC-28/1_definition/SC-28/camera.py","capture_and_detect","263","","","","","","","","","","","","","","","","","0","","","","","","","","","","","","","","","","","","","","","","","","","","","","",""
"1700.994951489","2026-05-19 19:05:00.434595","/home/sc28/SC-28/1_definition/SC-28/camera.py","capture_and_detect","264","","","","","","","","","","","","","","","","243.0","","","","","","","","","","","","","","","","","","","","","","","","","","","","","",""
"1700.998267407","2026-05-19 19:05:00.437922","/home/sc28/SC-28/1_definition/SC-28/camera.py","capture_and_detect","265","","","","","","","","","","","","","","","","","","207","184","","","","","","","","","","","","","","","","","","","","","","","","","","",""
"1701.001616971","2026-05-19 19:05:00.441274","/home/sc28/SC-28/1_definition/SC-28/camera.py","capture_and_detect","266","","","","","","","","","","","","","","","","","","","","640","480","","","","","","","","","","","","","","","","","","","","","","","","",""
"1701.146211117","2026-05-19 19:05:00.585855","/home/sc28/SC-28/1_definition/SC-28/camera.py","capture_and_detect","263","","","","","","","","","","","","","","","","","0","","","","","","","","","","","","","","","","","","","","","","","","","","","","",""
"1701.149886928","2026-05-19 19:05:00.589532","/home/sc28/SC-28/1_definition/SC-28/camera.py","capture_and_detect","264","","","","","","","","","","","","","","","","181.5","","","","","","","","","","","","","","","","","","","","","","","","","","","","","",""
"1701.1567672","2026-05-19 19:05:00.596419","/home/sc28/SC-28/1_definition/SC-28/camera.py","capture_and_detect","265","","","","","","","","","","","","","","","","","","177","171","","","","","","","","","","","","","","","","","","","","","","","","","","",""
"1701.159862286","2026-05-19 19:05:00.599512","/home/sc28/SC-28/1_definition/SC-28/camera.py","capture_and_detect","266","","","","","","","","","","","","","","","","","","","","640","480","","","","","","","","","","","","","","","","","","","","","","","","",""
"1719.094623068","2026-05-19 19:05:18.534271","/home/sc28/SC-28/1_definition/SC-28/camera.py","capture_and_detect","263","","","","","","","","","","","","","","","","","1","","","","","","","","","","","","","","","","","","","","","","","","","","","","",""
"1719.100212461","2026-05-19 19:05:18.539850","/home/sc28/SC-28/1_definition/SC-28/camera.py","capture_and_detect","264","","","","","","","","","","","","","","","","340.5","","","","","","","","","","","","","","","","","","","","","","","","","","","","","",""
"1719.103615357","2026-05-19 19:05:18.543258","/home/sc28/SC-28/1_definition/SC-28/camera.py","capture_and_detect","265","","","","","","","","","","","","","","","","","","195","178","","","","","","","","","","","","","","","","","","","","","","","","","","",""
"1719.106401954","2026-05-19 19:05:18.546044","/home/sc28/SC-28/1_definition/SC-28/camera.py","capture_and_detect","266","","","","","","","","","","","","","","","","","","","","640","480","","","","","","","","","","","","","","","","","","","","","","","","",""
"1719.259579975","2026-05-19 19:05:18.699227","/home/sc28/SC-28/1_definition/SC-28/camera.py","capture_and_detect","263","","","","","","","","","","","","","","","","","0","","","","","","","","","","","","","","","","","","","","","","","","","","","","",""
"1719.267866539","2026-05-19 19:05:18.707509","/home/sc28/SC-28/1_definition/SC-28/camera.py","capture_and_detect","264","","","","","","","","","","","","","","","","0.0","","","","","","","","","","","","","","","","","","","","","","","","","","","","","",""
"1719.270783032","2026-05-19 19:05:18.710426","/home/sc28/SC-28/1_definition/SC-28/camera.py","capture_and_detect","265","","","","","","","","","","","","","","","","","","320","240","","","","","","","","","","","","","","","","","","","","","","","","","","",""
"1719.273563483","2026-05-19 19:05:18.713205","/home/sc28/SC-28/1_definition/SC-28/camera.py","capture_and_detect","266","","","","","","","","","","","","","","","","","","","","640","480","","","","","","","","","","","","","","","","","","","","","","","","",""
"1719.412099511","2026-05-19 19:05:18.851752","/home/sc28/SC-28/1_definition/SC-28/camera.py","capture_and_detect","263","","","","","","","","","","","","","","","","","0","","","","","","","","","","","","","","","","","","","","","","","","","","","","",""
"1719.415395949","2026-05-19 19:05:18.855035","/home/sc28/SC-28/1_definition/SC-28/camera.py","capture_and_detect","264","","","","","","","","","","","","","","","","0.0","","","","","","","","","","","","","","","","","","","","","","","","","","","","","",""
"1719.418164421","2026-05-19 19:05:18.857807","/home/sc28/SC-28/1_definition/SC-28/camera.py","capture_and_detect","265","","","","","","","","","","","","","","","","","","320","240","","","","","","","","","","","","","","","","","","","","","","","","","","",""
"1719.42447256","2026-05-19 19:05:18.864115","/home/sc28/SC-28/1_definition/SC-28/camera.py","capture_and_detect","266","","","","","","","","","","","","","","","","","","","","640","480","","","","","","","","","","","","","","","","","","","","","","","","",""
"1719.562297706","2026-05-19 19:05:19.001948","/home/sc28/SC-28/1_definition/SC-28/camera.py","capture_and_detect","263","","","","","","","","","","","","","","","","","0","","","","","","","","","","","","","","","","","","","","","","","","","","","","",""
"1719.572711861","2026-05-19 19:05:19.012356","/home/sc28/SC-28/1_definition/SC-28/camera.py","capture_and_detect","264","","","","","","","","","","","","","","","","0.0","","","","","","","","","","","","","","","","","","","","","","","","","","","","","",""
"1719.576174913","2026-05-19 19:05:19.015827","/home/sc28/SC-28/1_definition/SC-28/camera.py","capture_and_detect","265","","","","","","","","","","","","","","","","","","320","240","","","","","","","","","","","","","","","","","","","","","","","","","","",""
"1719.579233175","2026-05-19 19:05:19.018878","/home/sc28/SC-28/1_definition/SC-28/camera.py","capture_and_detect","266","","","","","","","","","","","","","","","","","","","","640","480","","","","","","","","","","","","","","","","","","","","","","","","",""
"1719.722593806","2026-05-19 19:05:19.162247","/home/sc28/SC-28/1_definition/SC-28/camera.py","capture_and_detect","263","","","","","","","","","","","","","","","","","0","","","","","","","","","","","","","","","","","","","","","","","","","","","","",""
"1719.732720671","2026-05-19 19:05:19.172366","/home/sc28/SC-28/1_definition/SC-28/camera.py","capture_and_detect","264","","","","","","","","","","","","","","","","0.0","","","","","","","","","","","","","","","","","","","","","","","","","","","","","",""
"1719.736050703","2026-05-19 19:05:19.175703","/home/sc28/SC-28/1_definition/SC-28/camera.py","capture_and_detect","265","","","","","","","","","","","","","","","","","","320","240","","","","","","","","","","","","","","","","","","","","","","","","","","",""
"1719.739211205","2026-05-19 19:05:19.178863","/home/sc28/SC-28/1_definition/SC-28/camera.py","capture_and_detect","266","","","","","","","","","","","","","","","","","","","","640","480","","","","","","","","","","","","","","","","","","","","","","","","",""
"1719.88194309","2026-05-19 19:05:19.321590","/home/sc28/SC-28/1_definition/SC-28/camera.py","capture_and_detect","263","","","","","","","","","","","","","","","","","0","","","","","","","","","","","","","","","","","","","","","","","","","","","","",""
"1719.888934089","2026-05-19 19:05:19.328576","/home/sc28/SC-28/1_definition/SC-28/camera.py","capture_and_detect","264","","","","","","","","","","","","","","","","0.0","","","","","","","","","","","","","","","","","","","","","","","","","","","","","",""
"1719.891934956","2026-05-19 19:05:19.331581","/home/sc28/SC-28/1_definition/SC-28/camera.py","capture_and_detect","265","","","","","","","","","","","","","","","","","","320","240","","","","","","","","","","","","","","","","","","","","","","","","","","",""
"1719.894873896","2026-05-19 19:05:19.334520","/home/sc28/SC-28/1_definition/SC-28/camera.py","capture_and_detect","266","","","","","","","","","","","","","","","","","","","","640","480","","","","","","","","","","","","","","","","","","","","","","","","",""
"1720.033279766","2026-05-19 19:05:19.472930","/home/sc28/SC-28/1_definition/SC-28/camera.py","capture_and_detect","263","","","","","","","","","","","","","","","","","0","","","","","","","","","","","","","","","","","","","","","","","","","","","","",""
"1720.03741422","2026-05-19 19:05:19.477061","/home/sc28/SC-28/1_definition/SC-28/camera.py","capture_and_detect","264","","","","","","","","","","","","","","","","0.0","","","","","","","","","","","","","","","","","","","","","","","","","","","","","",""
"1720.040961959","2026-05-19 19:05:19.480611","/home/sc28/SC-28/1_definition/SC-28/camera.py","capture_and_detect","265","","","","","","","","","","","","","","","","","","320","240","","","","","","","","","","","","","","","","","","","","","","","","","","",""
"1720.04752822","2026-05-19 19:05:19.487176","/home/sc28/SC-28/1_definition/SC-28/camera.py","capture_and_detect","266","","","","","","","","","","","","","","","","","","","","640","480","","","","","","","","","","","","","","","","","","","","","","","","",""
"1720.186847574","2026-05-19 19:05:19.626494","/home/sc28/SC-28/1_definition/SC-28/camera.py","capture_and_detect","263","","","","","","","","","","","","","","","","","0","","","","","","","","","","","","","","","","","","","","","","","","","","","","",""
"1720.19029297","2026-05-19 19:05:19.629934","/home/sc28/SC-28/1_definition/SC-28/camera.py","capture_and_detect","264","","","","","","","","","","","","","","","","0.0","","","","","","","","","","","","","","","","","","","","","","","","","","","","","",""
"1720.193119151","2026-05-19 19:05:19.632761","/home/sc28/SC-28/1_definition/SC-28/camera.py","capture_and_detect","265","","","","","","","","","","","","","","","","","","320","240","","","","","","","","","","","","","","","","","","","","","","","","","","",""
"1720.19593606","2026-05-19 19:05:19.635581","/home/sc28/SC-28/1_definition/SC-28/camera.py","capture_and_detect","266","","","","","","","","","","","","","","","","","","","","640","480","","","","","","","","","","","","","","","","","","","","","","","","",""
"1720.333560112","2026-05-19 19:05:19.773207","/home/sc28/SC-28/1_definition/SC-28/camera.py","capture_and_detect","263","","","","","","","","","","","","","","","","","0","","","","","","","","","","","","","","","","","","","","","","","","","","","","",""
"1720.340550174","2026-05-19 19:05:19.780193","/home/sc28/SC-28/1_definition/SC-28/camera.py","capture_and_detect","264","","","","","","","","","","","","","","","","0.0","","","","","","","","","","","","","","","","","","","","","","","","","","","","","",""
"1720.343419271","2026-05-19 19:05:19.783062","/home/sc28/SC-28/1_definition/SC-28/camera.py","capture_and_detect","265","","","","","","","","","","","","","","","","","","320","240","","","","","","","","","","","","","","","","","","","","","","","","","","",""
"1720.346214358","2026-05-19 19:05:19.785861","/home/sc28/SC-28/1_definition/SC-28/camera.py","capture_and_detect","266","","","","","","","","","","","","","","","","","","","","640","480","","","","","","","","","","","","","","","","","","","","","","","","",""
"1720.486207874","2026-05-19 19:05:19.925856","/home/sc28/SC-28/1_definition/SC-28/camera.py","capture_and_detect","263","","","","","","","","","","","","","","","","","0","","","","","","","","","","","","","","","","","","","","","","","","","","","","",""
"1720.489739988","2026-05-19 19:05:19.929381","/home/sc28/SC-28/1_definition/SC-28/camera.py","capture_and_detect","264","","","","","","","","","","","","","","","","0.0","","","","","","","","","","","","","","","","","","","","","","","","","","","","","",""
"1720.496149688","2026-05-19 19:05:19.935796","/home/sc28/SC-28/1_definition/SC-28/camera.py","capture_and_detect","265","","","","","","","","","","","","","","","","","","320","240","","","","","","","","","","","","","","","","","","","","","","","","","","",""
"1720.499079306","2026-05-19 19:05:19.938728","/home/sc28/SC-28/1_definition/SC-28/camera.py","capture_and_detect","266","","","","","","","","","","","","","","","","","","","","640","480","","","","","","","","","","","","","","","","","","","","","","","","",""
"1720.63801413","2026-05-19 19:05:20.077665","/home/sc28/SC-28/1_definition/SC-28/camera.py","capture_and_detect","263","","","","","","","","","","","","","","","","","0","","","","","","","","","","","","","","","","","","","","","","","","","","","","",""
"1720.641719212","2026-05-19 19:05:20.081362","/home/sc28/SC-28/1_definition/SC-28/camera.py","capture_and_detect","264","","","","","","","","","","","","","","","","0.0","","","","","","","","","","","","","","","","","","","","","","","","","","","","","",""
"1720.644586173","2026-05-19 19:05:20.084229","/home/sc28/SC-28/1_definition/SC-28/camera.py","capture_and_detect","265","","","","","","","","","","","","","","","","","","320","240","","","","","","","","","","","","","","","","","","","","","","","","","","",""
"1720.647566363","2026-05-19 19:05:20.087213","/home/sc28/SC-28/1_definition/SC-28/camera.py","capture_and_detect","266","","","","","","","","","","","","","","","","","","","","640","480","","","","","","","","","","","","","","","","","","","","","","","","",""
"1720.790668244","2026-05-19 19:05:20.230318","/home/sc28/SC-28/1_definition/SC-28/camera.py","capture_and_detect","263","","","","","","","","","","","","","","","","","0","","","","","","","","","","","","","","","","","","","","","","","","","","","","",""
"1720.794477179","2026-05-19 19:05:20.234121","/home/sc28/SC-28/1_definition/SC-28/camera.py","capture_and_detect","264","","","","","","","","","","","","","","","","0.0","","","","","","","","","","","","","","","","","","","","","","","","","","","","","",""
"1720.797621275","2026-05-19 19:05:20.237269","/home/sc28/SC-28/1_definition/SC-28/camera.py","capture_and_detect","265","","","","","","","","","","","","","","","","","","320","240","","","","","","","","","","","","","","","","","","","","","","","","","","",""
"1720.800555788","2026-05-19 19:05:20.240201","/home/sc28/SC-28/1_definition/SC-28/camera.py","capture_and_detect","266","","","","","","","","","","","","","","","","","","","","640","480","","","","","","","","","","","","","","","","","","","","","","","","",""
"1720.940410137","2026-05-19 19:05:20.380060","/home/sc28/SC-28/1_definition/SC-28/camera.py","capture_and_detect","263","","","","","","","","","","","","","","","","","0","","","","","","","","","","","","","","","","","","","","","","","","","","","","",""
"1720.944188291","2026-05-19 19:05:20.383837","/home/sc28/SC-28/1_definition/SC-28/camera.py","capture_and_detect","264","","","","","","","","","","","","","","","","0.0","","","","","","","","","","","","","","","","","","","","","","","","","","","","","",""
"1720.950919343","2026-05-19 19:05:20.390568","/home/sc28/SC-28/1_definition/SC-28/camera.py","capture_and_detect","265","","","","","","","","","","","","","","","","","","320","240","","","","","","","","","","","","","","","","","","","","","","","","","","",""
"1720.953958856","2026-05-19 19:05:20.393606","/home/sc28/SC-28/1_definition/SC-28/camera.py","capture_and_detect","266","","","","","","","","","","","","","","","","","","","","640","480","","","","","","","","","","","","","","","","","","","","","","","","",""
"1721.092847951","2026-05-19 19:05:20.532494","/home/sc28/SC-28/1_definition/SC-28/camera.py","capture_and_detect","263","","","","","","","","","","","","","","","","","0","","","","","","","","","","","","","","","","","","","","","","","","","","","","",""
"1721.096282617","2026-05-19 19:05:20.535923","/home/sc28/SC-28/1_definition/SC-28/camera.py","capture_and_detect","264","","","","","","","","","","","","","","","","0.0","","","","","","","","","","","","","","","","","","","","","","","","","","","","","",""
"1721.099087079","2026-05-19 19:05:20.538728","/home/sc28/SC-28/1_definition/SC-28/camera.py","capture_and_detect","265","","","","","","","","","","","","","","","","","","320","240","","","","","","","","","","","","","","","","","","","","","","","","","","",""
"1721.105495477","2026-05-19 19:05:20.545146","/home/sc28/SC-28/1_definition/SC-28/camera.py","capture_and_detect","266","","","","","","","","","","","","","","","","","","","","640","480","","","","","","","","","","","","","","","","","","","","","","","","",""
"1721.244621029","2026-05-19 19:05:20.684269","/home/sc28/SC-28/1_definition/SC-28/camera.py","capture_and_detect","263","","","","","","","","","","","","","","","","","0","","","","","","","","","","","","","","","","","","","","","","","","","","","","",""
"1721.248083507","2026-05-19 19:05:20.687725","/home/sc28/SC-28/1_definition/SC-28/camera.py","capture_and_detect","264","","","","","","","","","","","","","","","","0.0","","","","","","","","","","","","","","","","","","","","","","","","","","","","","",""
"1721.250849324","2026-05-19 19:05:20.690491","/home/sc28/SC-28/1_definition/SC-28/camera.py","capture_and_detect","265","","","","","","","","","","","","","","","","","","320","240","","","","","","","","","","","","","","","","","","","","","","","","","","",""
"1721.253614515","2026-05-19 19:05:20.693257","/home/sc28/SC-28/1_definition/SC-28/camera.py","capture_and_detect","266","","","","","","","","","","","","","","","","","","","","640","480","","","","","","","","","","","","","","","","","","","","","","","","",""
"1721.390403727","2026-05-19 19:05:20.830051","/home/sc28/SC-28/1_definition/SC-28/camera.py","capture_and_detect","263","","","","","","","","","","","","","","","","","0","","","","","","","","","","","","","","","","","","","","","","","","","","","","",""
"1721.397434673","2026-05-19 19:05:20.837075","/home/sc28/SC-28/1_definition/SC-28/camera.py","capture_and_detect","264","","","","","","","","","","","","","","","","0.0","","","","","","","","","","","","","","","","","","","","","","","","","","","","","",""
"1721.400246062","2026-05-19 19:05:20.839888","/home/sc28/SC-28/1_definition/SC-28/camera.py","capture_and_detect","265","","","","","","","","","","","","","","","","","","320","240","","","","","","","","","","","","","","","","","","","","","","","","","","",""
"1721.403044743","2026-05-19 19:05:20.842689","/home/sc28/SC-28/1_definition/SC-28/camera.py","capture_and_detect","266","","","","","","","","","","","","","","","","","","","","640","480","","","","","","","","","","","","","","","","","","","","","","","","",""
"1721.542847634","2026-05-19 19:05:20.982506","/home/sc28/SC-28/1_definition/SC-28/camera.py","capture_and_detect","263","","","","","","","","","","","","","","","","","0","","","","","","","","","","","","","","","","","","","","","","","","","","","","",""
"1721.546535372","2026-05-19 19:05:20.986179","/home/sc28/SC-28/1_definition/SC-28/camera.py","capture_and_detect","264","","","","","","","","","","","","","","","","0.0","","","","","","","","","","","","","","","","","","","","","","","","","","","","","",""
"1721.549933841","2026-05-19 19:05:20.989578","/home/sc28/SC-28/1_definition/SC-28/camera.py","capture_and_detect","265","","","","","","","","","","","","","","","","","","320","240","","","","","","","","","","","","","","","","","","","","","","","","","","",""
"1721.55823931","2026-05-19 19:05:20.997886","/home/sc28/SC-28/1_definition/SC-28/camera.py","capture_and_detect","266","","","","","","","","","","","","","","","","","","","","640","480","","","","","","","","","","","","","","","","","","","","","","","","",""
"1721.699603857","2026-05-19 19:05:21.139251","/home/sc28/SC-28/1_definition/SC-28/camera.py","capture_and_detect","263","","","","","","","","","","","","","","","","","0","","","","","","","","","","","","","","","","","","","","","","","","","","","","",""
"1721.703206908","2026-05-19 19:05:21.142848","/home/sc28/SC-28/1_definition/SC-28/camera.py","capture_and_detect","264","","","","","","","","","","","","","","","","0.0","","","","","","","","","","","","","","","","","","","","","","","","","","","","","",""
"1721.706020588","2026-05-19 19:05:21.145662","/home/sc28/SC-28/1_definition/SC-28/camera.py","capture_and_detect","265","","","","","","","","","","","","","","","","","","320","240","","","","","","","","","","","","","","","","","","","","","","","","","","",""
"1721.708846977","2026-05-19 19:05:21.148492","/home/sc28/SC-28/1_definition/SC-28/camera.py","capture_and_detect","266","","","","","","","","","","","","","","","","","","","","640","480","","","","","","","","","","","","","","","","","","","","","","","","",""
"1721.85284932","2026-05-19 19:05:21.292496","/home/sc28/SC-28/1_definition/SC-28/camera.py","capture_and_detect","263","","","","","","","","","","","","","","","","","0","","","","","","","","","","","","","","","","","","","","","","","","","","","","",""
"1721.856331122","2026-05-19 19:05:21.295972","/home/sc28/SC-28/1_definition/SC-28/camera.py","capture_and_detect","264","","","","","","","","","","","","","","","","0.0","","","","","","","","","","","","","","","","","","","","","","","","","","","","","",""
"1721.859700788","2026-05-19 19:05:21.299353","/home/sc28/SC-28/1_definition/SC-28/camera.py","capture_and_detect","265","","","","","","","","","","","","","","","","","","320","240","","","","","","","","","","","","","","","","","","","","","","","","","","",""
"1721.863384412","2026-05-19 19:05:21.303031","/home/sc28/SC-28/1_definition/SC-28/camera.py","capture_and_detect","266","","","","","","","","","","","","","","","","","","","","640","480","","","","","","","","","","","","","","","","","","","","","","","","",""
"1722.001249813","2026-05-19 19:05:21.440896","/home/sc28/SC-28/1_definition/SC-28/camera.py","capture_and_detect","263","","","","","","","","","","","","","","","","","0","","","","","","","","","","","","","","","","","","","","","","","","","","","","",""
"1722.004793177","2026-05-19 19:05:21.444453","/home/sc28/SC-28/1_definition/SC-28/camera.py","capture_and_detect","264","","","","","","","","","","","","","","","","0.0","","","","","","","","","","","","","","","","","","","","","","","","","","","","","",""
"1722.011468448","2026-05-19 19:05:21.451116","/home/sc28/SC-28/1_definition/SC-28/camera.py","capture_and_detect","265","","","","","","","","","","","","","","","","","","320","240","","","","","","","","","","","","","","","","","","","","","","","","","","",""
"1722.015381601","2026-05-19 19:05:21.455033","/home/sc28/SC-28/1_definition/SC-28/camera.py","capture_and_detect","266","","","","","","","","","","","","","","","","","","","","640","480","","","","","","","","","","","","","","","","","","","","","","","","",""
"1722.1529594","2026-05-19 19:05:21.592606","/home/sc28/SC-28/1_definition/SC-28/camera.py","capture_and_detect","263","","","","","","","","","","","","","","","","","0","","","","","","","","","","","","","","","","","","","","","","","","","","","","",""
"1722.156390994","2026-05-19 19:05:21.596032","/home/sc28/SC-28/1_definition/SC-28/camera.py","capture_and_detect","264","","","","","","","","","","","","","","","","0.0","","","","","","","","","","","","","","","","","","","","","","","","","","","","","",""
"1722.159256393","2026-05-19 19:05:21.598900","/home/sc28/SC-28/1_definition/SC-28/camera.py","capture_and_detect","265","","","","","","","","","","","","","","","","","","320","240","","","","","","","","","","","","","","","","","","","","","","","","","","",""
"1722.167529884","2026-05-19 19:05:21.607179","/home/sc28/SC-28/1_definition/SC-28/camera.py","capture_and_detect","266","","","","","","","","","","","","","","","","","","","","640","480","","","","","","","","","","","","","","","","","","","","","","","","",""
"1722.307423398","2026-05-19 19:05:21.747068","/home/sc28/SC-28/1_definition/SC-28/camera.py","capture_and_detect","263","","","","","","","","","","","","","","","","","0","","","","","","","","","","","","","","","","","","","","","","","","","","","","",""
"1722.310977386","2026-05-19 19:05:21.750622","/home/sc28/SC-28/1_definition/SC-28/camera.py","capture_and_detect","264","","","","","","","","","","","","","","","","0.0","","","","","","","","","","","","","","","","","","","","","","","","","","","","","",""
"1722.314037836","2026-05-19 19:05:21.753687","/home/sc28/SC-28/1_definition/SC-28/camera.py","capture_and_detect","265","","","","","","","","","","","","","","","","","","320","240","","","","","","","","","","","","","","","","","","","","","","","","","","",""
"1722.31710964","2026-05-19 19:05:21.756760","/home/sc28/SC-28/1_definition/SC-28/camera.py","capture_and_detect","266","","","","","","","","","","","","","","","","","","","","640","480","","","","","","","","","","","","","","","","","","","","","","","","",""
"1722.460386675","2026-05-19 19:05:21.900036","/home/sc28/SC-28/1_definition/SC-28/camera.py","capture_and_detect","263","","","","","","","","","","","","","","","","","0","","","","","","","","","","","","","","","","","","","","","","","","","","","","",""
"1722.46734283","2026-05-19 19:05:21.906984","/home/sc28/SC-28/1_definition/SC-28/camera.py","capture_and_detect","264","","","","","","","","","","","","","","","","0.0","","","","","","","","","","","","","","","","","","","","","","","","","","","","","",""
"1722.470173646","2026-05-19 19:05:21.909816","/home/sc28/SC-28/1_definition/SC-28/camera.py","capture_and_detect","265","","","","","","","","","","","","","","","","","","320","240","","","","","","","","","","","","","","","","","","","","","","","","","","",""
"1722.473034826","2026-05-19 19:05:21.912681","/home/sc28/SC-28/1_definition/SC-28/camera.py","capture_and_detect","266","","","","","","","","","","","","","","","","","","","","640","480","","","","","","","","","","","","","","","","","","","","","","","","",""
"1722.610472053","2026-05-19 19:05:22.050118","/home/sc28/SC-28/1_definition/SC-28/camera.py","capture_and_detect","263","","","","","","","","","","","","","","","","","0","","","","","","","","","","","","","","","","","","","","","","","","","","","","",""
"1722.614265363","2026-05-19 19:05:22.053910","/home/sc28/SC-28/1_definition/SC-28/camera.py","capture_and_detect","264","","","","","","","","","","","","","","","","0.0","","","","","","","","","","","","","","","","","","","","","","","","","","","","","",""
"1722.617365135","2026-05-19 19:05:22.057017","/home/sc28/SC-28/1_definition/SC-28/camera.py","capture_and_detect","265","","","","","","","","","","","","","","","","","","320","240","","","","","","","","","","","","","","","","","","","","","","","","","","",""
"1722.624107489","2026-05-19 19:05:22.063752","/home/sc28/SC-28/1_definition/SC-28/camera.py","capture_and_detect","266","","","","","","","","","","","","","","","","","","","","640","480","","","","","","","","","","","","","","","","","","","","","","","","",""
"1722.765532659","2026-05-19 19:05:22.205184","/home/sc28/SC-28/1_definition/SC-28/camera.py","capture_and_detect","263","","","","","","","","","","","","","","","","","0","","","","","","","","","","","","","","","","","","","","","","","","","","","","",""
"1722.7690142","2026-05-19 19:05:22.208657","/home/sc28/SC-28/1_definition/SC-28/camera.py","capture_and_detect","264","","","","","","","","","","","","","","","","0.0","","","","","","","","","","","","","","","","","","","","","","","","","","","","","",""
"1722.773419902","2026-05-19 19:05:22.213068","/home/sc28/SC-28/1_definition/SC-28/camera.py","capture_and_detect","265","","","","","","","","","","","","","","","","","","320","240","","","","","","","","","","","","","","","","","","","","","","","","","","",""
"1722.776348374","2026-05-19 19:05:22.215996","/home/sc28/SC-28/1_definition/SC-28/camera.py","capture_and_detect","266","","","","","","","","","","","","","","","","","","","","640","480","","","","","","","","","","","","","","","","","","","","","","","","",""
"1722.91905291","2026-05-19 19:05:22.358700","/home/sc28/SC-28/1_definition/SC-28/camera.py","capture_and_detect","263","","","","","","","","","","","","","","","","","0","","","","","","","","","","","","","","","","","","","","","","","","","","","","",""
"1722.922811377","2026-05-19 19:05:22.362457","/home/sc28/SC-28/1_definition/SC-28/camera.py","capture_and_detect","264","","","","","","","","","","","","","","","","0.0","","","","","","","","","","","","","","","","","","","","","","","","","","","","","",""
"1722.925874795","2026-05-19 19:05:22.365526","/home/sc28/SC-28/1_definition/SC-28/camera.py","capture_and_detect","265","","","","","","","","","","","","","","","","","","320","240","","","","","","","","","","","","","","","","","","","","","","","","","","",""
"1722.929631387","2026-05-19 19:05:22.369277","/home/sc28/SC-28/1_definition/SC-28/camera.py","capture_and_detect","266","","","","","","","","","","","","","","","","","","","","640","480","","","","","","","","","","","","","","","","","","","","","","","","",""
"1723.068300896","2026-05-19 19:05:22.507946","/home/sc28/SC-28/1_definition/SC-28/camera.py","capture_and_detect","263","","","","","","","","","","","","","","","","","0","","","","","","","","","","","","","","","","","","","","","","","","","","","","",""
"1723.071725615","2026-05-19 19:05:22.511368","/home/sc28/SC-28/1_definition/SC-28/camera.py","capture_and_detect","264","","","","","","","","","","","","","","","","0.0","","","","","","","","","","","","","","","","","","","","","","","","","","","","","",""
"1723.099735911","2026-05-19 19:05:22.539382","/home/sc28/SC-28/1_definition/SC-28/camera.py","capture_and_detect","265","","","","","","","","","","","","","","","","","","320","240","","","","","","","","","","","","","","","","","","","","","","","","","","",""
"1723.102748132","2026-05-19 19:05:22.542392","/home/sc28/SC-28/1_definition/SC-28/camera.py","capture_and_detect","266","","","","","","","","","","","","","","","","","","","","640","480","","","","","","","","","","","","","","","","","","","","","","","","",""
"1723.240541136","2026-05-19 19:05:22.680189","/home/sc28/SC-28/1_definition/SC-28/camera.py","capture_and_detect","263","","","","","","","","","","","","","","","","","0","","","","","","","","","","","","","","","","","","","","","","","","","","","","",""
"1723.243950647","2026-05-19 19:05:22.683590","/home/sc28/SC-28/1_definition/SC-28/camera.py","capture_and_detect","264","","","","","","","","","","","","","","","","0.0","","","","","","","","","","","","","","","","","","","","","","","","","","","","","",""
"1723.246808181","2026-05-19 19:05:22.686452","/home/sc28/SC-28/1_definition/SC-28/camera.py","capture_and_detect","265","","","","","","","","","","","","","","","","","","320","240","","","","","","","","","","","","","","","","","","","","","","","","","","",""
"1723.249710559","2026-05-19 19:05:22.689356","/home/sc28/SC-28/1_definition/SC-28/camera.py","capture_and_detect","266","","","","","","","","","","","","","","","","","","","","640","480","","","","","","","","","","","","","","","","","","","","","","","","",""
"1723.395485337","2026-05-19 19:05:22.835132","/home/sc28/SC-28/1_definition/SC-28/camera.py","capture_and_detect","263","","","","","","","","","","","","","","","","","0","","","","","","","","","","","","","","","","","","","","","","","","","","","","",""
"1723.399217085","2026-05-19 19:05:22.838858","/home/sc28/SC-28/1_definition/SC-28/camera.py","capture_and_detect","264","","","","","","","","","","","","","","","","0.0","","","","","","","","","","","","","","","","","","","","","","","","","","","","","",""
"1723.403760338","2026-05-19 19:05:22.843413","/home/sc28/SC-28/1_definition/SC-28/camera.py","capture_and_detect","265","","","","","","","","","","","","","","","","","","320","240","","","","","","","","","","","","","","","","","","","","","","","","","","",""
"1723.407111099","2026-05-19 19:05:22.846758","/home/sc28/SC-28/1_definition/SC-28/camera.py","capture_and_detect","266","","","","","","","","","","","","","","","","","","","","640","480","","","","","","","","","","","","","","","","","","","","","","","","",""
"1723.546767269","2026-05-19 19:05:22.986414","/home/sc28/SC-28/1_definition/SC-28/camera.py","capture_and_detect","263","","","","","","","","","","","","","","","","","0","","","","","","","","","","","","","","","","","","","","","","","","","","","","",""
"1723.553685091","2026-05-19 19:05:22.993326","/home/sc28/SC-28/1_definition/SC-28/camera.py","capture_and_detect","264","","","","","","","","","","","","","","","","0.0","","","","","","","","","","","","","","","","","","","","","","","","","","","","","",""
"1723.556506897","2026-05-19 19:05:22.996151","/home/sc28/SC-28/1_definition/SC-28/camera.py","capture_and_detect","265","","","","","","","","","","","","","","","","","","320","240","","","","","","","","","","","","","","","","","","","","","","","","","","",""
"1723.559512138","2026-05-19 19:05:22.999160","/home/sc28/SC-28/1_definition/SC-28/camera.py","capture_and_detect","266","","","","","","","","","","","","","","","","","","","","640","480","","","","","","","","","","","","","","","","","","","","","","","","",""
"1723.699912782","2026-05-19 19:05:23.139565","/home/sc28/SC-28/1_definition/SC-28/camera.py","capture_and_detect","263","","","","","","","","","","","","","","","","","0","","","","","","","","","","","","","","","","","","","","","","","","","","","","",""
"1723.703433072","2026-05-19 19:05:23.143078","/home/sc28/SC-28/1_definition/SC-28/camera.py","capture_and_detect","264","","","","","","","","","","","","","","","","0.0","","","","","","","","","","","","","","","","","","","","","","","","","","","","","",""
"1723.707166539","2026-05-19 19:05:23.146814","/home/sc28/SC-28/1_definition/SC-28/camera.py","capture_and_detect","265","","","","","","","","","","","","","","","","","","320","240","","","","","","","","","","","","","","","","","","","","","","","","","","",""
"1723.713884727","2026-05-19 19:05:23.153533","/home/sc28/SC-28/1_definition/SC-28/camera.py","capture_and_detect","266","","","","","","","","","","","","","","","","","","","","640","480","","","","","","","","","","","","","","","","","","","","","","","","",""
"1723.852801212","2026-05-19 19:05:23.292450","/home/sc28/SC-28/1_definition/SC-28/camera.py","capture_and_detect","263","","","","","","","","","","","","","","","","","0","","","","","","","","","","","","","","","","","","","","","","","","","","","","",""
"1723.856260305","2026-05-19 19:05:23.295903","/home/sc28/SC-28/1_definition/SC-28/camera.py","capture_and_detect","264","","","","","","","","","","","","","","","","0.0","","","","","","","","","","","","","","","","","","","","","","","","","","","","","",""
"1723.859141798","2026-05-19 19:05:23.298786","/home/sc28/SC-28/1_definition/SC-28/camera.py","capture_and_detect","265","","","","","","","","","","","","","","","","","","320","240","","","","","","","","","","","","","","","","","","","","","","","","","","",""
"1723.861914125","2026-05-19 19:05:23.301558","/home/sc28/SC-28/1_definition/SC-28/camera.py","capture_and_detect","266","","","","","","","","","","","","","","","","","","","","640","480","","","","","","","","","","","","","","","","","","","","","","","","",""
"1724.000212802","2026-05-19 19:05:23.439861","/home/sc28/SC-28/1_definition/SC-28/camera.py","capture_and_detect","263","","","","","","","","","","","","","","","","","0","","","","","","","","","","","","","","","","","","","","","","","","","","","","",""
"1724.008959831","2026-05-19 19:05:23.448602","/home/sc28/SC-28/1_definition/SC-28/camera.py","capture_and_detect","264","","","","","","","","","","","","","","","","0.0","","","","","","","","","","","","","","","","","","","","","","","","","","","","","",""
"1724.011825386","2026-05-19 19:05:23.451469","/home/sc28/SC-28/1_definition/SC-28/camera.py","capture_and_detect","265","","","","","","","","","","","","","","","","","","320","240","","","","","","","","","","","","","","","","","","","","","","","","","","",""
"1724.014854586","2026-05-19 19:05:23.454505","/home/sc28/SC-28/1_definition/SC-28/camera.py","capture_and_detect","266","","","","","","","","","","","","","","","","","","","","640","480","","","","","","","","","","","","","","","","","","","","","","","","",""
"1724.156389806","2026-05-19 19:05:23.596039","/home/sc28/SC-28/1_definition/SC-28/camera.py","capture_and_detect","263","","","","","","","","","","","","","","","","","0","","","","","","","","","","","","","","","","","","","","","","","","","","","","",""
"1724.161511857","2026-05-19 19:05:23.601153","/home/sc28/SC-28/1_definition/SC-28/camera.py","capture_and_detect","264","","","","","","","","","","","","","","","","0.0","","","","","","","","","","","","","","","","","","","","","","","","","","","","","",""
"1724.168056192","2026-05-19 19:05:23.607705","/home/sc28/SC-28/1_definition/SC-28/camera.py","capture_and_detect","265","","","","","","","","","","","","","","","","","","320","240","","","","","","","","","","","","","","","","","","","","","","","","","","",""
"1724.171012424","2026-05-19 19:05:23.610656","/home/sc28/SC-28/1_definition/SC-28/camera.py","capture_and_detect","266","","","","","","","","","","","","","","","","","","","","640","480","","","","","","","","","","","","","","","","","","","","","","","","",""
"1724.308774073","2026-05-19 19:05:23.748421","/home/sc28/SC-28/1_definition/SC-28/camera.py","capture_and_detect","263","","","","","","","","","","","","","","","","","0","","","","","","","","","","","","","","","","","","","","","","","","","","","","",""
"1724.312231864","2026-05-19 19:05:23.751873","/home/sc28/SC-28/1_definition/SC-28/camera.py","capture_and_detect","264","","","","","","","","","","","","","","","","0.0","","","","","","","","","","","","","","","","","","","","","","","","","","","","","",""
"1724.315072784","2026-05-19 19:05:23.754715","/home/sc28/SC-28/1_definition/SC-28/camera.py","capture_and_detect","265","","","","","","","","","","","","","","","","","","320","240","","","","","","","","","","","","","","","","","","","","","","","","","","",""
"1724.317834433","2026-05-19 19:05:23.757477","/home/sc28/SC-28/1_definition/SC-28/camera.py","capture_and_detect","266","","","","","","","","","","","","","","","","","","","","640","480","","","","","","","","","","","","","","","","","","","","","","","","",""
"1724.474312477","2026-05-19 19:05:23.913965","/home/sc28/SC-28/1_definition/SC-28/camera.py","capture_and_detect","263","","","","","","","","","","","","","","","","","0","","","","","","","","","","","","","","","","","","","","","","","","","","","","",""
"1724.478728335","2026-05-19 19:05:23.918368","/home/sc28/SC-28/1_definition/SC-28/camera.py","capture_and_detect","264","","","","","","","","","","","","","","","","56.5","","","","","","","","","","","","","","","","","","","","","","","","","","","","","",""
"1724.482447791","2026-05-19 19:05:23.922190","/home/sc28/SC-28/1_definition/SC-28/camera.py","capture_and_detect","265","","","","","","","","","","","","","","","","","","566","19","","","","","","","","","","","","","","","","","","","","","","","","","","",""
"1724.485852562","2026-05-19 19:05:23.925502","/home/sc28/SC-28/1_definition/SC-28/camera.py","capture_and_detect","266","","","","","","","","","","","","","","","","","","","","640","480","","","","","","","","","","","","","","","","","","","","","","","","",""
"1724.630515209","2026-05-19 19:05:24.070172","/home/sc28/SC-28/1_definition/SC-28/camera.py","capture_and_detect","263","","","","","","","","","","","","","","","","","1","","","","","","","","","","","","","","","","","","","","","","","","","","","","",""
"1724.639724475","2026-05-19 19:05:24.079364","/home/sc28/SC-28/1_definition/SC-28/camera.py","capture_and_detect","264","","","","","","","","","","","","","","","","736.5","","","","","","","","","","","","","","","","","","","","","","","","","","","","","",""
"1724.6431456","2026-05-19 19:05:24.082797","/home/sc28/SC-28/1_definition/SC-28/camera.py","capture_and_detect","265","","","","","","","","","","","","","","","","","","172","18","","","","","","","","","","","","","","","","","","","","","","","","","","",""
"1724.647585677","2026-05-19 19:05:24.087234","/home/sc28/SC-28/1_definition/SC-28/camera.py","capture_and_detect","266","","","","","","","","","","","","","","","","","","","","640","480","","","","","","","","","","","","","","","","","","","","","","","","",""
"1724.787789288","2026-05-19 19:05:24.227433","/home/sc28/SC-28/1_definition/SC-28/camera.py","capture_and_detect","263","","","","","","","","","","","","","","","","","1","","","","","","","","","","","","","","","","","","","","","","","","","","","","",""
"1724.791233381","2026-05-19 19:05:24.230874","/home/sc28/SC-28/1_definition/SC-28/camera.py","capture_and_detect","264","","","","","","","","","","","","","","","","450.0","","","","","","","","","","","","","","","","","","","","","","","","","","","","","",""
"1724.794258259","2026-05-19 19:05:24.233906","/home/sc28/SC-28/1_definition/SC-28/camera.py","capture_and_detect","265","","","","","","","","","","","","","","","","","","166","11","","","","","","","","","","","","","","","","","","","","","","","","","","",""
"1724.800711031","2026-05-19 19:05:24.240356","/home/sc28/SC-28/1_definition/SC-28/camera.py","capture_and_detect","266","","","","","","","","","","","","","","","","","","","","640","480","","","","","","","","","","","","","","","","","","","","","","","","",""
"1724.940146418","2026-05-19 19:05:24.379793","/home/sc28/SC-28/1_definition/SC-28/camera.py","capture_and_detect","263","","","","","","","","","","","","","","","","","3","","","","","","","","","","","","","","","","","","","","","","","","","","","","",""
"1724.94396077","2026-05-19 19:05:24.383604","/home/sc28/SC-28/1_definition/SC-28/camera.py","capture_and_detect","264","","","","","","","","","","","","","","","","507.5","","","","","","","","","","","","","","","","","","","","","","","","","","","","","",""
"1724.947197885","2026-05-19 19:05:24.386848","/home/sc28/SC-28/1_definition/SC-28/camera.py","capture_and_detect","265","","","","","","","","","","","","","","","","","","154","9","","","","","","","","","","","","","","","","","","","","","","","","","","",""
"1724.95038698","2026-05-19 19:05:24.390040","/home/sc28/SC-28/1_definition/SC-28/camera.py","capture_and_detect","266","","","","","","","","","","","","","","","","","","","","640","480","","","","","","","","","","","","","","","","","","","","","","","","",""
"1725.091754334","2026-05-19 19:05:24.531406","/home/sc28/SC-28/1_definition/SC-28/camera.py","capture_and_detect","263","","","","","","","","","","","","","","","","","0","","","","","","","","","","","","","","","","","","","","","","","","","","","","",""
"1725.099044601","2026-05-19 19:05:24.538684","/home/sc28/SC-28/1_definition/SC-28/camera.py","capture_and_detect","264","","","","","","","","","","","","","","","","245.0","","","","","","","","","","","","","","","","","","","","","","","","","","","","","",""
"1725.1022763","2026-05-19 19:05:24.541923","/home/sc28/SC-28/1_definition/SC-28/camera.py","capture_and_detect","265","","","","","","","","","","","","","","","","","","116","38","","","","","","","","","","","","","","","","","","","","","","","","","","",""
"1725.105256021","2026-05-19 19:05:24.544903","/home/sc28/SC-28/1_definition/SC-28/camera.py","capture_and_detect","266","","","","","","","","","","","","","","","","","","","","640","480","","","","","","","","","","","","","","","","","","","","","","","","",""
"1725.245633955","2026-05-19 19:05:24.685286","/home/sc28/SC-28/1_definition/SC-28/camera.py","capture_and_detect","263","","","","","","","","","","","","","","","","","0","","","","","","","","","","","","","","","","","","","","","","","","","","","","",""
"1725.251096785","2026-05-19 19:05:24.690744","/home/sc28/SC-28/1_definition/SC-28/camera.py","capture_and_detect","264","","","","","","","","","","","","","","","","174.0","","","","","","","","","","","","","","","","","","","","","","","","","","","","","",""
"1725.261018599","2026-05-19 19:05:24.700668","/home/sc28/SC-28/1_definition/SC-28/camera.py","capture_and_detect","265","","","","","","","","","","","","","","","","","","491","27","","","","","","","","","","","","","","","","","","","","","","","","","","",""
"1725.264918887","2026-05-19 19:05:24.704573","/home/sc28/SC-28/1_definition/SC-28/camera.py","capture_and_detect","266","","","","","","","","","","","","","","","","","","","","640","480","","","","","","","","","","","","","","","","","","","","","","","","",""
"1725.411949071","2026-05-19 19:05:24.851593","/home/sc28/SC-28/1_definition/SC-28/camera.py","capture_and_detect","263","","","","","","","","","","","","","","","","","0","","","","","","","","","","","","","","","","","","","","","","","","","","","","",""
"1725.41536129","2026-05-19 19:05:24.854996","/home/sc28/SC-28/1_definition/SC-28/camera.py","capture_and_detect","264","","","","","","","","","","","","","","","","186.5","","","","","","","","","","","","","","","","","","","","","","","","","","","","","",""
"1725.418229032","2026-05-19 19:05:24.857874","/home/sc28/SC-28/1_definition/SC-28/camera.py","capture_and_detect","265","","","","","","","","","","","","","","","","","","487","22","","","","","","","","","","","","","","","","","","","","","","","","","","",""
"1725.42109516","2026-05-19 19:05:24.860738","/home/sc28/SC-28/1_definition/SC-28/camera.py","capture_and_detect","266","","","","","","","","","","","","","","","","","","","","640","480","","","","","","","","","","","","","","","","","","","","","","","","",""
"1725.563461571","2026-05-19 19:05:25.003115","/home/sc28/SC-28/1_definition/SC-28/camera.py","capture_and_detect","263","","","","","","","","","","","","","","","","","0","","","","","","","","","","","","","","","","","","","","","","","","","","","","",""
"1725.567099778","2026-05-19 19:05:25.006737","/home/sc28/SC-28/1_definition/SC-28/camera.py","capture_and_detect","264","","","","","","","","","","","","","","","","177.5","","","","","","","","","","","","","","","","","","","","","","","","","","","","","",""
"1725.570223248","2026-05-19 19:05:25.009874","/home/sc28/SC-28/1_definition/SC-28/camera.py","capture_and_detect","265","","","","","","","","","","","","","","","","","","487","18","","","","","","","","","","","","","","","","","","","","","","","","","","",""
"1725.573373697","2026-05-19 19:05:25.013025","/home/sc28/SC-28/1_definition/SC-28/camera.py","capture_and_detect","266","","","","","","","","","","","","","","","","","","","","640","480","","","","","","","","","","","","","","","","","","","","","","","","",""
"1725.714267042","2026-05-19 19:05:25.153912","/home/sc28/SC-28/1_definition/SC-28/camera.py","capture_and_detect","263","","","","","","","","","","","","","","","","","0","","","","","","","","","","","","","","","","","","","","","","","","","","","","",""
"1725.718180351","2026-05-19 19:05:25.157824","/home/sc28/SC-28/1_definition/SC-28/camera.py","capture_and_detect","264","","","","","","","","","","","","","","","","152.0","","","","","","","","","","","","","","","","","","","","","","","","","","","","","",""
"1725.724829789","2026-05-19 19:05:25.164476","/home/sc28/SC-28/1_definition/SC-28/camera.py","capture_and_detect","265","","","","","","","","","","","","","","","","","","481","17","","","","","","","","","","","","","","","","","","","","","","","","","","",""
"1725.727840864","2026-05-19 19:05:25.167488","/home/sc28/SC-28/1_definition/SC-28/camera.py","capture_and_detect","266","","","","","","","","","","","","","","","","","","","","640","480","","","","","","","","","","","","","","","","","","","","","","","","",""
"1725.868686918","2026-05-19 19:05:25.308336","/home/sc28/SC-28/1_definition/SC-28/camera.py","capture_and_detect","263","","","","","","","","","","","","","","","","","0","","","","","","","","","","","","","","","","","","","","","","","","","","","","",""
"1725.872174501","2026-05-19 19:05:25.311809","/home/sc28/SC-28/1_definition/SC-28/camera.py","capture_and_detect","264","","","","","","","","","","","","","","","","141.5","","","","","","","","","","","","","","","","","","","","","","","","","","","","","",""
"1725.875034535","2026-05-19 19:05:25.314677","/home/sc28/SC-28/1_definition/SC-28/camera.py","capture_and_detect","265","","","","","","","","","","","","","","","","","","476","28","","","","","","","","","","","","","","","","","","","","","","","","","","",""
"1725.881371631","2026-05-19 19:05:25.321016","/home/sc28/SC-28/1_definition/SC-28/camera.py","capture_and_detect","266","","","","","","","","","","","","","","","","","","","","640","480","","","","","","","","","","","","","","","","","","","","","","","","",""
"1732.292797654","2026-05-19 19:05:31.732452","/home/sc28/SC-28/1_definition/SC-28/camera.py","capture_and_detect","263","","","","","","","","","","","","","","","","","3","","","","","","","","","","","","","","","","","","","","","","","","","","","","",""
"1732.296150967","2026-05-19 19:05:31.735786","/home/sc28/SC-28/1_definition/SC-28/camera.py","capture_and_detect","264","","","","","","","","","","","","","","","","345.5","","","","","","","","","","","","","","","","","","","","","","","","","","","","","",""
"1732.302495562","2026-05-19 19:05:31.742141","/home/sc28/SC-28/1_definition/SC-28/camera.py","capture_and_detect","265","","","","","","","","","","","","","","","","","","145","10","","","","","","","","","","","","","","","","","","","","","","","","","","",""
"1732.305386273","2026-05-19 19:05:31.745031","/home/sc28/SC-28/1_definition/SC-28/camera.py","capture_and_detect","266","","","","","","","","","","","","","","","","","","","","640","480","","","","","","","","","","","","","","","","","","","","","","","","",""
"1732.454620755","2026-05-19 19:05:31.894263","/home/sc28/SC-28/1_definition/SC-28/camera.py","capture_and_detect","263","","","","","","","","","","","","","","","","","1","","","","","","","","","","","","","","","","","","","","","","","","","","","","",""
"1732.457694225","2026-05-19 19:05:31.897329","/home/sc28/SC-28/1_definition/SC-28/camera.py","capture_and_detect","264","","","","","","","","","","","","","","","","17422.5","","","","","","","","","","","","","","","","","","","","","","","","","","","","","",""
"1732.46050077","2026-05-19 19:05:31.900143","/home/sc28/SC-28/1_definition/SC-28/camera.py","capture_and_detect","265","","","","","","","","","","","","","","","","","","330","238","","","","","","","","","","","","","","","","","","","","","","","","","","",""
"1732.46326294","2026-05-19 19:05:31.902904","/home/sc28/SC-28/1_definition/SC-28/camera.py","capture_and_detect","266","","","","","","","","","","","","","","","","","","","","640","480","","","","","","","","","","","","","","","","","","","","","","","","",""
"1732.615063863","2026-05-19 19:05:32.054708","/home/sc28/SC-28/1_definition/SC-28/camera.py","capture_and_detect","263","","","","","","","","","","","","","","","","","1","","","","","","","","","","","","","","","","","","","","","","","","","","","","",""
"1732.618400822","2026-05-19 19:05:32.058042","/home/sc28/SC-28/1_definition/SC-28/camera.py","capture_and_detect","264","","","","","","","","","","","","","","","","485.0","","","","","","","","","","","","","","","","","","","","","","","","","","","","","",""
"1732.621389188","2026-05-19 19:05:32.061037","/home/sc28/SC-28/1_definition/SC-28/camera.py","capture_and_detect","265","","","","","","","","","","","","","","","","","","251","261","","","","","","","","","","","","","","","","","","","","","","","","","","",""
"1732.624296514","2026-05-19 19:05:32.063945","/home/sc28/SC-28/1_definition/SC-28/camera.py","capture_and_detect","266","","","","","","","","","","","","","","","","","","","","640","480","","","","","","","","","","","","","","","","","","","","","","","","",""
"1732.767453896","2026-05-19 19:05:32.207100","/home/sc28/SC-28/1_definition/SC-28/camera.py","capture_and_detect","263","","","","","","","","","","","","","","","","","0","","","","","","","","","","","","","","","","","","","","","","","","","","","","",""
"1732.774304478","2026-05-19 19:05:32.213946","/home/sc28/SC-28/1_definition/SC-28/camera.py","capture_and_detect","264","","","","","","","","","","","","","","","","0.0","","","","","","","","","","","","","","","","","","","","","","","","","","","","","",""
"1732.777242272","2026-05-19 19:05:32.216887","/home/sc28/SC-28/1_definition/SC-28/camera.py","capture_and_detect","265","","","","","","","","","","","","","","","","","","320","240","","","","","","","","","","","","","","","","","","","","","","","","","","",""
"1732.780191473","2026-05-19 19:05:32.219836","/home/sc28/SC-28/1_definition/SC-28/camera.py","capture_and_detect","266","","","","","","","","","","","","","","","","","","","","640","480","","","","","","","","","","","","","","","","","","","","","","","","",""
"1732.919116851","2026-05-19 19:05:32.358763","/home/sc28/SC-28/1_definition/SC-28/camera.py","capture_and_detect","263","","","","","","","","","","","","","","","","","0","","","","","","","","","","","","","","","","","","","","","","","","","","","","",""
"1732.922529433","2026-05-19 19:05:32.362169","/home/sc28/SC-28/1_definition/SC-28/camera.py","capture_and_detect","264","","","","","","","","","","","","","","","","0.0","","","","","","","","","","","","","","","","","","","","","","","","","","","","","",""
"1732.925369572","2026-05-19 19:05:32.365012","/home/sc28/SC-28/1_definition/SC-28/camera.py","capture_and_detect","265","","","","","","","","","","","","","","","","","","320","240","","","","","","","","","","","","","","","","","","","","","","","","","","",""
"1732.931755365","2026-05-19 19:05:32.371401","/home/sc28/SC-28/1_definition/SC-28/camera.py","capture_and_detect","266","","","","","","","","","","","","","","","","","","","","640","480","","","","","","","","","","","","","","","","","","","","","","","","",""
"1733.069331689","2026-05-19 19:05:32.508977","/home/sc28/SC-28/1_definition/SC-28/camera.py","capture_and_detect","263","","","","","","","","","","","","","","","","","0","","","","","","","","","","","","","","","","","","","","","","","","","","","","",""
"1733.072916771","2026-05-19 19:05:32.512564","/home/sc28/SC-28/1_definition/SC-28/camera.py","capture_and_detect","264","","","","","","","","","","","","","","","","0.0","","","","","","","","","","","","","","","","","","","","","","","","","","","","","",""
"1733.075973887","2026-05-19 19:05:32.515679","/home/sc28/SC-28/1_definition/SC-28/camera.py","capture_and_detect","265","","","","","","","","","","","","","","","","","","320","240","","","","","","","","","","","","","","","","","","","","","","","","","","",""
"1733.080237141","2026-05-19 19:05:32.519884","/home/sc28/SC-28/1_definition/SC-28/camera.py","capture_and_detect","266","","","","","","","","","","","","","","","","","","","","640","480","","","","","","","","","","","","","","","","","","","","","","","","",""
"1733.217368885","2026-05-19 19:05:32.657015","/home/sc28/SC-28/1_definition/SC-28/camera.py","capture_and_detect","263","","","","","","","","","","","","","","","","","0","","","","","","","","","","","","","","","","","","","","","","","","","","","","",""
"1733.224166811","2026-05-19 19:05:32.663809","/home/sc28/SC-28/1_definition/SC-28/camera.py","capture_and_detect","264","","","","","","","","","","","","","","","","0.0","","","","","","","","","","","","","","","","","","","","","","","","","","","","","",""
"1733.227023095","2026-05-19 19:05:32.666663","/home/sc28/SC-28/1_definition/SC-28/camera.py","capture_and_detect","265","","","","","","","","","","","","","","","","","","320","240","","","","","","","","","","","","","","","","","","","","","","","","","","",""
"1733.230971976","2026-05-19 19:05:32.670617","/home/sc28/SC-28/1_definition/SC-28/camera.py","capture_and_detect","266","","","","","","","","","","","","","","","","","","","","640","480","","","","","","","","","","","","","","","","","","","","","","","","",""
"1733.367553358","2026-05-19 19:05:32.807201","/home/sc28/SC-28/1_definition/SC-28/camera.py","capture_and_detect","263","","","","","","","","","","","","","","","","","0","","","","","","","","","","","","","","","","","","","","","","","","","","","","",""
"1733.37095891","2026-05-19 19:05:32.810600","/home/sc28/SC-28/1_definition/SC-28/camera.py","capture_and_detect","264","","","","","","","","","","","","","","","","0.0","","","","","","","","","","","","","","","","","","","","","","","","","","","","","",""
"1733.377321735","2026-05-19 19:05:32.816966","/home/sc28/SC-28/1_definition/SC-28/camera.py","capture_and_detect","265","","","","","","","","","","","","","","","","","","320","240","","","","","","","","","","","","","","","","","","","","","","","","","","",""
"1733.380147238","2026-05-19 19:05:32.819790","/home/sc28/SC-28/1_definition/SC-28/camera.py","capture_and_detect","266","","","","","","","","","","","","","","","","","","","","640","480","","","","","","","","","","","","","","","","","","","","","","","","",""
"1733.519928444","2026-05-19 19:05:32.959573","/home/sc28/SC-28/1_definition/SC-28/camera.py","capture_and_detect","263","","","","","","","","","","","","","","","","","0","","","","","","","","","","","","","","","","","","","","","","","","","","","","",""
"1733.523327745","2026-05-19 19:05:32.962969","/home/sc28/SC-28/1_definition/SC-28/camera.py","capture_and_detect","264","","","","","","","","","","","","","","","","0.0","","","","","","","","","","","","","","","","","","","","","","","","","","","","","",""
"1733.526215123","2026-05-19 19:05:32.965859","/home/sc28/SC-28/1_definition/SC-28/camera.py","capture_and_detect","265","","","","","","","","","","","","","","","","","","320","240","","","","","","","","","","","","","","","","","","","","","","","","","","",""
"1733.529107084","2026-05-19 19:05:32.968751","/home/sc28/SC-28/1_definition/SC-28/camera.py","capture_and_detect","266","","","","","","","","","","","","","","","","","","","","640","480","","","","","","","","","","","","","","","","","","","","","","","","",""
"1733.669623492","2026-05-19 19:05:33.109270","/home/sc28/SC-28/1_definition/SC-28/camera.py","capture_and_detect","263","","","","","","","","","","","","","","","","","0","","","","","","","","","","","","","","","","","","","","","","","","","","","","",""
"1733.672997377","2026-05-19 19:05:33.112638","/home/sc28/SC-28/1_definition/SC-28/camera.py","capture_and_detect","264","","","","","","","","","","","","","","","","0.0","","","","","","","","","","","","","","","","","","","","","","","","","","","","","",""
"1733.675863713","2026-05-19 19:05:33.115506","/home/sc28/SC-28/1_definition/SC-28/camera.py","capture_and_detect","265","","","","","","","","","","","","","","","","","","320","240","","","","","","","","","","","","","","","","","","","","","","","","","","",""
"1733.678759893","2026-05-19 19:05:33.118402","/home/sc28/SC-28/1_definition/SC-28/camera.py","capture_and_detect","266","","","","","","","","","","","","","","","","","","","","640","480","","","","","","","","","","","","","","","","","","","","","","","","",""
"1733.818531306","2026-05-19 19:05:33.258183","/home/sc28/SC-28/1_definition/SC-28/camera.py","capture_and_detect","263","","","","","","","","","","","","","","","","","0","","","","","","","","","","","","","","","","","","","","","","","","","","","","",""
"1733.826763181","2026-05-19 19:05:33.266412","/home/sc28/SC-28/1_definition/SC-28/camera.py","capture_and_detect","264","","","","","","","","","","","","","","","","0.0","","","","","","","","","","","","","","","","","","","","","","","","","","","","","",""
"1733.834445164","2026-05-19 19:05:33.274091","/home/sc28/SC-28/1_definition/SC-28/camera.py","capture_and_detect","265","","","","","","","","","","","","","","","","","","320","240","","","","","","","","","","","","","","","","","","","","","","","","","","",""
"1733.83859493","2026-05-19 19:05:33.278244","/home/sc28/SC-28/1_definition/SC-28/camera.py","capture_and_detect","266","","","","","","","","","","","","","","","","","","","","640","480","","","","","","","","","","","","","","","","","","","","","","","","",""
"1733.977254266","2026-05-19 19:05:33.416899","/home/sc28/SC-28/1_definition/SC-28/camera.py","capture_and_detect","263","","","","","","","","","","","","","","","","","0","","","","","","","","","","","","","","","","","","","","","","","","","","","","",""
"1733.980560131","2026-05-19 19:05:33.420198","/home/sc28/SC-28/1_definition/SC-28/camera.py","capture_and_detect","264","","","","","","","","","","","","","","","","28.0","","","","","","","","","","","","","","","","","","","","","","","","","","","","","",""
"1733.983382977","2026-05-19 19:05:33.423024","/home/sc28/SC-28/1_definition/SC-28/camera.py","capture_and_detect","265","","","","","","","","","","","","","","","","","","238","84","","","","","","","","","","","","","","","","","","","","","","","","","","",""
"1733.989696427","2026-05-19 19:05:33.429339","/home/sc28/SC-28/1_definition/SC-28/camera.py","capture_and_detect","266","","","","","","","","","","","","","","","","","","","","640","480","","","","","","","","","","","","","","","","","","","","","","","","",""
"1734.126867231","2026-05-19 19:05:33.566514","/home/sc28/SC-28/1_definition/SC-28/camera.py","capture_and_detect","263","","","","","","","","","","","","","","","","","0","","","","","","","","","","","","","","","","","","","","","","","","","","","","",""
"1734.1301932","2026-05-19 19:05:33.569834","/home/sc28/SC-28/1_definition/SC-28/camera.py","capture_and_detect","264","","","","","","","","","","","","","","","","0.0","","","","","","","","","","","","","","","","","","","","","","","","","","","","","",""
"1734.133095005","2026-05-19 19:05:33.572737","/home/sc28/SC-28/1_definition/SC-28/camera.py","capture_and_detect","265","","","","","","","","","","","","","","","","","","320","240","","","","","","","","","","","","","","","","","","","","","","","","","","",""
"1734.135934674","2026-05-19 19:05:33.575580","/home/sc28/SC-28/1_definition/SC-28/camera.py","capture_and_detect","266","","","","","","","","","","","","","","","","","","","","640","480","","","","","","","","","","","","","","","","","","","","","","","","",""
"1734.275788534","2026-05-19 19:05:33.715435","/home/sc28/SC-28/1_definition/SC-28/camera.py","capture_and_detect","263","","","","","","","","","","","","","","","","","0","","","","","","","","","","","","","","","","","","","","","","","","","","","","",""
"1734.282750834","2026-05-19 19:05:33.722395","/home/sc28/SC-28/1_definition/SC-28/camera.py","capture_and_detect","264","","","","","","","","","","","","","","","","0.0","","","","","","","","","","","","","","","","","","","","","","","","","","","","","",""
"1734.285987325","2026-05-19 19:05:33.725640","/home/sc28/SC-28/1_definition/SC-28/camera.py","capture_and_detect","265","","","","","","","","","","","","","","","","","","320","240","","","","","","","","","","","","","","","","","","","","","","","","","","",""
"1734.289486782","2026-05-19 19:05:33.729140","/home/sc28/SC-28/1_definition/SC-28/camera.py","capture_and_detect","266","","","","","","","","","","","","","","","","","","","","640","480","","","","","","","","","","","","","","","","","","","","","","","","",""
"1734.428386221","2026-05-19 19:05:33.868033","/home/sc28/SC-28/1_definition/SC-28/camera.py","capture_and_detect","263","","","","","","","","","","","","","","","","","0","","","","","","","","","","","","","","","","","","","","","","","","","","","","",""
"1734.431684012","2026-05-19 19:05:33.871325","/home/sc28/SC-28/1_definition/SC-28/camera.py","capture_and_detect","264","","","","","","","","","","","","","","","","0.0","","","","","","","","","","","","","","","","","","","","","","","","","","","","","",""
"1734.434782483","2026-05-19 19:05:33.874432","/home/sc28/SC-28/1_definition/SC-28/camera.py","capture_and_detect","265","","","","","","","","","","","","","","","","","","320","240","","","","","","","","","","","","","","","","","","","","","","","","","","",""
"1734.444154715","2026-05-19 19:05:33.883800","/home/sc28/SC-28/1_definition/SC-28/camera.py","capture_and_detect","266","","","","","","","","","","","","","","","","","","","","640","480","","","","","","","","","","","","","","","","","","","","","","","","",""
"1734.581683173","2026-05-19 19:05:34.021335","/home/sc28/SC-28/1_definition/SC-28/camera.py","capture_and_detect","263","","","","","","","","","","","","","","","","","0","","","","","","","","","","","","","","","","","","","","","","","","","","","","",""
"1734.585102266","2026-05-19 19:05:34.024749","/home/sc28/SC-28/1_definition/SC-28/camera.py","capture_and_detect","264","","","","","","","","","","","","","","","","0.0","","","","","","","","","","","","","","","","","","","","","","","","","","","","","",""
"1734.588299434","2026-05-19 19:05:34.027944","/home/sc28/SC-28/1_definition/SC-28/camera.py","capture_and_detect","265","","","","","","","","","","","","","","","","","","320","240","","","","","","","","","","","","","","","","","","","","","","","","","","",""
"1734.592231805","2026-05-19 19:05:34.031879","/home/sc28/SC-28/1_definition/SC-28/camera.py","capture_and_detect","266","","","","","","","","","","","","","","","","","","","","640","480","","","","","","","","","","","","","","","","","","","","","","","","",""
"1734.734646012","2026-05-19 19:05:34.174294","/home/sc28/SC-28/1_definition/SC-28/camera.py","capture_and_detect","263","","","","","","","","","","","","","","","","","1","","","","","","","","","","","","","","","","","","","","","","","","","","","","",""
"1734.738649476","2026-05-19 19:05:34.178297","/home/sc28/SC-28/1_definition/SC-28/camera.py","capture_and_detect","264","","","","","","","","","","","","","","","","2354.0","","","","","","","","","","","","","","","","","","","","","","","","","","","","","",""
"1734.742140808","2026-05-19 19:05:34.181788","/home/sc28/SC-28/1_definition/SC-28/camera.py","capture_and_detect","265","","","","","","","","","","","","","","","","","","222","38","","","","","","","","","","","","","","","","","","","","","","","","","","",""
"1734.746421042","2026-05-19 19:05:34.186070","/home/sc28/SC-28/1_definition/SC-28/camera.py","capture_and_detect","266","","","","","","","","","","","","","","","","","","","","640","480","","","","","","","","","","","","","","","","","","","","","","","","",""
"1734.884672358","2026-05-19 19:05:34.324317","/home/sc28/SC-28/1_definition/SC-28/camera.py","capture_and_detect","263","","","","","","","","","","","","","","","","","1","","","","","","","","","","","","","","","","","","","","","","","","","","","","",""
"1734.888165618","2026-05-19 19:05:34.327809","/home/sc28/SC-28/1_definition/SC-28/camera.py","capture_and_detect","264","","","","","","","","","","","","","","","","6991.0","","","","","","","","","","","","","","","","","","","","","","","","","","","","","",""
"1734.895746039","2026-05-19 19:05:34.335393","/home/sc28/SC-28/1_definition/SC-28/camera.py","capture_and_detect","265","","","","","","","","","","","","","","","","","","223","64","","","","","","","","","","","","","","","","","","","","","","","","","","",""
"1734.89870727","2026-05-19 19:05:34.338351","/home/sc28/SC-28/1_definition/SC-28/camera.py","capture_and_detect","266","","","","","","","","","","","","","","","","","","","","640","480","","","","","","","","","","","","","","","","","","","","","","","","",""
"1735.038523472","2026-05-19 19:05:34.478166","/home/sc28/SC-28/1_definition/SC-28/camera.py","capture_and_detect","263","","","","","","","","","","","","","","","","","1","","","","","","","","","","","","","","","","","","","","","","","","","","","","",""
"1735.041884805","2026-05-19 19:05:34.481527","/home/sc28/SC-28/1_definition/SC-28/camera.py","capture_and_detect","264","","","","","","","","","","","","","","","","4866.0","","","","","","","","","","","","","","","","","","","","","","","","","","","","","",""
"1735.045959363","2026-05-19 19:05:34.485605","/home/sc28/SC-28/1_definition/SC-28/camera.py","capture_and_detect","265","","","","","","","","","","","","","","","","","","177","53","","","","","","","","","","","","","","","","","","","","","","","","","","",""
"1735.052805257","2026-05-19 19:05:34.492452","/home/sc28/SC-28/1_definition/SC-28/camera.py","capture_and_detect","266","","","","","","","","","","","","","","","","","","","","640","480","","","","","","","","","","","","","","","","","","","","","","","","",""
"1735.190454651","2026-05-19 19:05:34.630097","/home/sc28/SC-28/1_definition/SC-28/camera.py","capture_and_detect","263","","","","","","","","","","","","","","","","","3","","","","","","","","","","","","","","","","","","","","","","","","","","","","",""
"1735.193860411","2026-05-19 19:05:34.633496","/home/sc28/SC-28/1_definition/SC-28/camera.py","capture_and_detect","264","","","","","","","","","","","","","","","","2203.5","","","","","","","","","","","","","","","","","","","","","","","","","","","","","",""
"1735.197659918","2026-05-19 19:05:34.637306","/home/sc28/SC-28/1_definition/SC-28/camera.py","capture_and_detect","265","","","","","","","","","","","","","","","","","","149","34","","","","","","","","","","","","","","","","","","","","","","","","","","",""
"1735.200576774","2026-05-19 19:05:34.640220","/home/sc28/SC-28/1_definition/SC-28/camera.py","capture_and_detect","266","","","","","","","","","","","","","","","","","","","","640","480","","","","","","","","","","","","","","","","","","","","","","","","",""
"1735.338763664","2026-05-19 19:05:34.778409","/home/sc28/SC-28/1_definition/SC-28/camera.py","capture_and_detect","263","","","","","","","","","","","","","","","","","0","","","","","","","","","","","","","","","","","","","","","","","","","","","","",""
"1735.345653777","2026-05-19 19:05:34.785296","/home/sc28/SC-28/1_definition/SC-28/camera.py","capture_and_detect","264","","","","","","","","","","","","","","","","0.0","","","","","","","","","","","","","","","","","","","","","","","","","","","","","",""
"1735.348529697","2026-05-19 19:05:34.788172","/home/sc28/SC-28/1_definition/SC-28/camera.py","capture_and_detect","265","","","","","","","","","","","","","","","","","","320","240","","","","","","","","","","","","","","","","","","","","","","","","","","",""
"1735.351300981","2026-05-19 19:05:34.790942","/home/sc28/SC-28/1_definition/SC-28/camera.py","capture_and_detect","266","","","","","","","","","","","","","","","","","","","","640","480","","","","","","","","","","","","","","","","","","","","","","","","",""
"1735.489524173","2026-05-19 19:05:34.929172","/home/sc28/SC-28/1_definition/SC-28/camera.py","capture_and_detect","263","","","","","","","","","","","","","","","","","0","","","","","","","","","","","","","","","","","","","","","","","","","","","","",""
"1735.492883996","2026-05-19 19:05:34.932518","/home/sc28/SC-28/1_definition/SC-28/camera.py","capture_and_detect","264","","","","","","","","","","","","","","","","81.5","","","","","","","","","","","","","","","","","","","","","","","","","","","","","",""
"1735.495798561","2026-05-19 19:05:34.935443","/home/sc28/SC-28/1_definition/SC-28/camera.py","capture_and_detect","265","","","","","","","","","","","","","","","","","","397","444","","","","","","","","","","","","","","","","","","","","","","","","","","",""
"1735.502715757","2026-05-19 19:05:34.942370","/home/sc28/SC-28/1_definition/SC-28/camera.py","capture_and_detect","266","","","","","","","","","","","","","","","","","","","","640","480","","","","","","","","","","","","","","","","","","","","","","","","",""
"1735.64164936","2026-05-19 19:05:35.081295","/home/sc28/SC-28/1_definition/SC-28/camera.py","capture_and_detect","263","","","","","","","","","","","","","","","","","0","","","","","","","","","","","","","","","","","","","","","","","","","","","","",""
"1735.645172358","2026-05-19 19:05:35.084809","/home/sc28/SC-28/1_definition/SC-28/camera.py","capture_and_detect","264","","","","","","","","","","","","","","","","46.5","","","","","","","","","","","","","","","","","","","","","","","","","","","","","",""
"1735.649361238","2026-05-19 19:05:35.089010","/home/sc28/SC-28/1_definition/SC-28/camera.py","capture_and_detect","265","","","","","","","","","","","","","","","","","","330","295","","","","","","","","","","","","","","","","","","","","","","","","","","",""
"1735.653269703","2026-05-19 19:05:35.092916","/home/sc28/SC-28/1_definition/SC-28/camera.py","capture_and_detect","266","","","","","","","","","","","","","","","","","","","","640","480","","","","","","","","","","","","","","","","","","","","","","","","",""
"1735.798117435","2026-05-19 19:05:35.237764","/home/sc28/SC-28/1_definition/SC-28/camera.py","capture_and_detect","263","","","","","","","","","","","","","","","","","0","","","","","","","","","","","","","","","","","","","","","","","","","","","","",""
"1735.801840901","2026-05-19 19:05:35.241487","/home/sc28/SC-28/1_definition/SC-28/camera.py","capture_and_detect","264","","","","","","","","","","","","","","","","0.0","","","","","","","","","","","","","","","","","","","","","","","","","","","","","",""
"1735.805472388","2026-05-19 19:05:35.245119","/home/sc28/SC-28/1_definition/SC-28/camera.py","capture_and_detect","265","","","","","","","","","","","","","","","","","","320","240","","","","","","","","","","","","","","","","","","","","","","","","","","",""
"1735.808411953","2026-05-19 19:05:35.248058","/home/sc28/SC-28/1_definition/SC-28/camera.py","capture_and_detect","266","","","","","","","","","","","","","","","","","","","","640","480","","","","","","","","","","","","","","","","","","","","","","","","",""
"1735.946138063","2026-05-19 19:05:35.385788","/home/sc28/SC-28/1_definition/SC-28/camera.py","capture_and_detect","263","","","","","","","","","","","","","","","","","0","","","","","","","","","","","","","","","","","","","","","","","","","","","","",""
"1735.949656895","2026-05-19 19:05:35.389304","/home/sc28/SC-28/1_definition/SC-28/camera.py","capture_and_detect","264","","","","","","","","","","","","","","","","0.0","","","","","","","","","","","","","","","","","","","","","","","","","","","","","",""
"1735.956564039","2026-05-19 19:05:35.396211","/home/sc28/SC-28/1_definition/SC-28/camera.py","capture_and_detect","265","","","","","","","","","","","","","","","","","","320","240","","","","","","","","","","","","","","","","","","","","","","","","","","",""
"1735.959430115","2026-05-19 19:05:35.399072","/home/sc28/SC-28/1_definition/SC-28/camera.py","capture_and_detect","266","","","","","","","","","","","","","","","","","","","","640","480","","","","","","","","","","","","","","","","","","","","","","","","",""
"1736.097596587","2026-05-19 19:05:35.537246","/home/sc28/SC-28/1_definition/SC-28/camera.py","capture_and_detect","263","","","","","","","","","","","","","","","","","0","","","","","","","","","","","","","","","","","","","","","","","","","","","","",""
"1736.10091792","2026-05-19 19:05:35.540560","/home/sc28/SC-28/1_definition/SC-28/camera.py","capture_and_detect","264","","","","","","","","","","","","","","","","0.0","","","","","","","","","","","","","","","","","","","","","","","","","","","","","",""
"1736.103783996","2026-05-19 19:05:35.543427","/home/sc28/SC-28/1_definition/SC-28/camera.py","capture_and_detect","265","","","","","","","","","","","","","","","","","","320","240","","","","","","","","","","","","","","","","","","","","","","","","","","",""
"1736.106583561","2026-05-19 19:05:35.546226","/home/sc28/SC-28/1_definition/SC-28/camera.py","capture_and_detect","266","","","","","","","","","","","","","","","","","","","","640","480","","","","","","","","","","","","","","","","","","","","","","","","",""
"1736.249746877","2026-05-19 19:05:35.689395","/home/sc28/SC-28/1_definition/SC-28/camera.py","capture_and_detect","263","","","","","","","","","","","","","","","","","0","","","","","","","","","","","","","","","","","","","","","","","","","","","","",""
"1736.254301587","2026-05-19 19:05:35.693947","/home/sc28/SC-28/1_definition/SC-28/camera.py","capture_and_detect","264","","","","","","","","","","","","","","","","0.0","","","","","","","","","","","","","","","","","","","","","","","","","","","","","",""
"1736.257412401","2026-05-19 19:05:35.697062","/home/sc28/SC-28/1_definition/SC-28/camera.py","capture_and_detect","265","","","","","","","","","","","","","","","","","","320","240","","","","","","","","","","","","","","","","","","","","","","","","","","",""
"1736.260476496","2026-05-19 19:05:35.700127","/home/sc28/SC-28/1_definition/SC-28/camera.py","capture_and_detect","266","","","","","","","","","","","","","","","","","","","","640","480","","","","","","","","","","","","","","","","","","","","","","","","",""
"1736.399791086","2026-05-19 19:05:35.839443","/home/sc28/SC-28/1_definition/SC-28/camera.py","capture_and_detect","263","","","","","","","","","","","","","","","","","0","","","","","","","","","","","","","","","","","","","","","","","","","","","","",""
"1736.407157654","2026-05-19 19:05:35.846803","/home/sc28/SC-28/1_definition/SC-28/camera.py","capture_and_detect","264","","","","","","","","","","","","","","","","0.0","","","","","","","","","","","","","","","","","","","","","","","","","","","","","",""
"1736.410275655","2026-05-19 19:05:35.849925","/home/sc28/SC-28/1_definition/SC-28/camera.py","capture_and_detect","265","","","","","","","","","","","","","","","","","","320","240","","","","","","","","","","","","","","","","","","","","","","","","","","",""
"1736.413428188","2026-05-19 19:05:35.853078","/home/sc28/SC-28/1_definition/SC-28/camera.py","capture_and_detect","266","","","","","","","","","","","","","","","","","","","","640","480","","","","","","","","","","","","","","","","","","","","","","","","",""
"1736.551668409","2026-05-19 19:05:35.991317","/home/sc28/SC-28/1_definition/SC-28/camera.py","capture_and_detect","263","","","","","","","","","","","","","","","","","0","","","","","","","","","","","","","","","","","","","","","","","","","","","","",""
"1736.555040158","2026-05-19 19:05:35.994680","/home/sc28/SC-28/1_definition/SC-28/camera.py","capture_and_detect","264","","","","","","","","","","","","","","","","0.0","","","","","","","","","","","","","","","","","","","","","","","","","","","","","",""
"1736.557812381","2026-05-19 19:05:35.997453","/home/sc28/SC-28/1_definition/SC-28/camera.py","capture_and_detect","265","","","","","","","","","","","","","","","","","","320","240","","","","","","","","","","","","","","","","","","","","","","","","","","",""
"1736.564432339","2026-05-19 19:05:36.004078","/home/sc28/SC-28/1_definition/SC-28/camera.py","capture_and_detect","266","","","","","","","","","","","","","","","","","","","","640","480","","","","","","","","","","","","","","","","","","","","","","","","",""
"1736.70284511","2026-05-19 19:05:36.142491","/home/sc28/SC-28/1_definition/SC-28/camera.py","capture_and_detect","263","","","","","","","","","","","","","","","","","0","","","","","","","","","","","","","","","","","","","","","","","","","","","","",""
"1736.706131651","2026-05-19 19:05:36.145771","/home/sc28/SC-28/1_definition/SC-28/camera.py","capture_and_detect","264","","","","","","","","","","","","","","","","0.0","","","","","","","","","","","","","","","","","","","","","","","","","","","","","",""
"1736.708906426","2026-05-19 19:05:36.148548","/home/sc28/SC-28/1_definition/SC-28/camera.py","capture_and_detect","265","","","","","","","","","","","","","","","","","","320","240","","","","","","","","","","","","","","","","","","","","","","","","","","",""
"1736.711662554","2026-05-19 19:05:36.151302","/home/sc28/SC-28/1_definition/SC-28/camera.py","capture_and_detect","266","","","","","","","","","","","","","","","","","","","","640","480","","","","","","","","","","","","","","","","","","","","","","","","",""
"1736.850443864","2026-05-19 19:05:36.290098","/home/sc28/SC-28/1_definition/SC-28/camera.py","capture_and_detect","263","","","","","","","","","","","","","","","","","0","","","","","","","","","","","","","","","","","","","","","","","","","","","","",""
"1736.858798603","2026-05-19 19:05:36.298442","/home/sc28/SC-28/1_definition/SC-28/camera.py","capture_and_detect","264","","","","","","","","","","","","","","","","0.0","","","","","","","","","","","","","","","","","","","","","","","","","","","","","",""
"1736.861689001","2026-05-19 19:05:36.301335","/home/sc28/SC-28/1_definition/SC-28/camera.py","capture_and_detect","265","","","","","","","","","","","","","","","","","","320","240","","","","","","","","","","","","","","","","","","","","","","","","","","",""
"1736.864515182","2026-05-19 19:05:36.304158","/home/sc28/SC-28/1_definition/SC-28/camera.py","capture_and_detect","266","","","","","","","","","","","","","","","","","","","","640","480","","","","","","","","","","","","","","","","","","","","","","","","",""
"1737.003852217","2026-05-19 19:05:36.443502","/home/sc28/SC-28/1_definition/SC-28/camera.py","capture_and_detect","263","","","","","","","","","","","","","","","","","0","","","","","","","","","","","","","","","","","","","","","","","","","","","","",""
"1737.008608646","2026-05-19 19:05:36.448250","/home/sc28/SC-28/1_definition/SC-28/camera.py","capture_and_detect","264","","","","","","","","","","","","","","","","0.0","","","","","","","","","","","","","","","","","","","","","","","","","","","","","",""
"1737.099312916","2026-05-19 19:05:36.538959","/home/sc28/SC-28/1_definition/SC-28/camera.py","capture_and_detect","265","","","","","","","","","","","","","","","","","","320","240","","","","","","","","","","","","","","","","","","","","","","","","","","",""
"1737.144781431","2026-05-19 19:05:36.584427","/home/sc28/SC-28/1_definition/SC-28/camera.py","capture_and_detect","266","","","","","","","","","","","","","","","","","","","","640","480","","","","","","","","","","","","","","","","","","","","","","","","",""
"1737.327079289","2026-05-19 19:05:36.766726","/home/sc28/SC-28/1_definition/SC-28/camera.py","capture_and_detect","263","","","","","","","","","","","","","","","","","0","","","","","","","","","","","","","","","","","","","","","","","","","","","","",""
"1737.372807385","2026-05-19 19:05:36.812452","/home/sc28/SC-28/1_definition/SC-28/camera.py","capture_and_detect","264","","","","","","","","","","","","","","","","0.0","","","","","","","","","","","","","","","","","","","","","","","","","","","","","",""
"1737.418331212","2026-05-19 19:05:36.857979","/home/sc28/SC-28/1_definition/SC-28/camera.py","capture_and_detect","265","","","","","","","","","","","","","","","","","","320","240","","","","","","","","","","","","","","","","","","","","","","","","","","",""
"1737.463904986","2026-05-19 19:05:36.903550","/home/sc28/SC-28/1_definition/SC-28/camera.py","capture_and_detect","266","","","","","","","","","","","","","","","","","","","","640","480","","","","","","","","","","","","","","","","","","","","","","","","",""
"1737.649324126","2026-05-19 19:05:37.088970","/home/sc28/SC-28/1_definition/SC-28/camera.py","capture_and_detect","263","","","","","","","","","","","","","","","","","0","","","","","","","","","","","","","","","","","","","","","","","","","","","","",""
"1737.695844509","2026-05-19 19:05:37.135492","/home/sc28/SC-28/1_definition/SC-28/camera.py","capture_and_detect","264","","","","","","","","","","","","","","","","0.0","","","","","","","","","","","","","","","","","","","","","","","","","","","","","",""
"1737.699012405","2026-05-19 19:05:37.138659","/home/sc28/SC-28/1_definition/SC-28/camera.py","capture_and_detect","265","","","","","","","","","","","","","","","","","","320","240","","","","","","","","","","","","","","","","","","","","","","","","","","",""
"1737.70223176","2026-05-19 19:05:37.141878","/home/sc28/SC-28/1_definition/SC-28/camera.py","capture_and_detect","266","","","","","","","","","","","","","","","","","","","","640","480","","","","","","","","","","","","","","","","","","","","","","","","",""
"1737.842999046","2026-05-19 19:05:37.282648","/home/sc28/SC-28/1_definition/SC-28/camera.py","capture_and_detect","263","","","","","","","","","","","","","","","","","0","","","","","","","","","","","","","","","","","","","","","","","","","","","","",""
"1737.850052074","2026-05-19 19:05:37.289693","/home/sc28/SC-28/1_definition/SC-28/camera.py","capture_and_detect","264","","","","","","","","","","","","","","","","0.0","","","","","","","","","","","","","","","","","","","","","","","","","","","","","",""
"1737.852910649","2026-05-19 19:05:37.292553","/home/sc28/SC-28/1_definition/SC-28/camera.py","capture_and_detect","265","","","","","","","","","","","","","","","","","","320","240","","","","","","","","","","","","","","","","","","","","","","","","","","",""
"1737.855745527","2026-05-19 19:05:37.295387","/home/sc28/SC-28/1_definition/SC-28/camera.py","capture_and_detect","266","","","","","","","","","","","","","","","","","","","","640","480","","","","","","","","","","","","","","","","","","","","","","","","",""
"1737.99398559","2026-05-19 19:05:37.433638","/home/sc28/SC-28/1_definition/SC-28/camera.py","capture_and_detect","263","","","","","","","","","","","","","","","","","0","","","","","","","","","","","","","","","","","","","","","","","","","","","","",""
"1738.011222824","2026-05-19 19:05:37.450868","/home/sc28/SC-28/1_definition/SC-28/camera.py","capture_and_detect","264","","","","","","","","","","","","","","","","0.0","","","","","","","","","","","","","","","","","","","","","","","","","","","","","",""
"1738.044755112","2026-05-19 19:05:37.484405","/home/sc28/SC-28/1_definition/SC-28/camera.py","capture_and_detect","265","","","","","","","","","","","","","","","","","","320","240","","","","","","","","","","","","","","","","","","","","","","","","","","",""
"1738.078806302","2026-05-19 19:05:37.518454","/home/sc28/SC-28/1_definition/SC-28/camera.py","capture_and_detect","266","","","","","","","","","","","","","","","","","","","","640","480","","","","","","","","","","","","","","","","","","","","","","","","",""
"1738.221873001","2026-05-19 19:05:37.661520","/home/sc28/SC-28/1_definition/SC-28/camera.py","capture_and_detect","263","","","","","","","","","","","","","","","","","0","","","","","","","","","","","","","","","","","","","","","","","","","","","","",""
"1738.225231209","2026-05-19 19:05:37.664872","/home/sc28/SC-28/1_definition/SC-28/camera.py","capture_and_detect","264","","","","","","","","","","","","","","","","0.0","","","","","","","","","","","","","","","","","","","","","","","","","","","","","",""
"1738.228076295","2026-05-19 19:05:37.667719","/home/sc28/SC-28/1_definition/SC-28/camera.py","capture_and_detect","265","","","","","","","","","","","","","","","","","","320","240","","","","","","","","","","","","","","","","","","","","","","","","","","",""
"1738.230833882","2026-05-19 19:05:37.670476","/home/sc28/SC-28/1_definition/SC-28/camera.py","capture_and_detect","266","","","","","","","","","","","","","","","","","","","","640","480","","","","","","","","","","","","","","","","","","","","","","","","",""
"1738.369369671","2026-05-19 19:05:37.809016","/home/sc28/SC-28/1_definition/SC-28/camera.py","capture_and_detect","263","","","","","","","","","","","","","","","","","0","","","","","","","","","","","","","","","","","","","","","","","","","","","","",""
"1738.376486605","2026-05-19 19:05:37.816128","/home/sc28/SC-28/1_definition/SC-28/camera.py","capture_and_detect","264","","","","","","","","","","","","","","","","0.0","","","","","","","","","","","","","","","","","","","","","","","","","","","","","",""
"1738.379324348","2026-05-19 19:05:37.818967","/home/sc28/SC-28/1_definition/SC-28/camera.py","capture_and_detect","265","","","","","","","","","","","","","","","","","","320","240","","","","","","","","","","","","","","","","","","","","","","","","","","",""
"1738.382128653","2026-05-19 19:05:37.821774","/home/sc28/SC-28/1_definition/SC-28/camera.py","capture_and_detect","266","","","","","","","","","","","","","","","","","","","","640","480","","","","","","","","","","","","","","","","","","","","","","","","",""
"1738.52525483","2026-05-19 19:05:37.964902","/home/sc28/SC-28/1_definition/SC-28/camera.py","capture_and_detect","263","","","","","","","","","","","","","","","","","0","","","","","","","","","","","","","","","","","","","","","","","","","","","","",""
"1738.528677725","2026-05-19 19:05:37.968322","/home/sc28/SC-28/1_definition/SC-28/camera.py","capture_and_detect","264","","","","","","","","","","","","","","","","0.0","","","","","","","","","","","","","","","","","","","","","","","","","","","","","",""
"1738.535668514","2026-05-19 19:05:37.975319","/home/sc28/SC-28/1_definition/SC-28/camera.py","capture_and_detect","265","","","","","","","","","","","","","","","","","","320","240","","","","","","","","","","","","","","","","","","","","","","","","","","",""
"1738.538780265","2026-05-19 19:05:37.978429","/home/sc28/SC-28/1_definition/SC-28/camera.py","capture_and_detect","266","","","","","","","","","","","","","","","","","","","","640","480","","","","","","","","","","","","","","","","","","","","","","","","",""
"1738.677070221","2026-05-19 19:05:38.116717","/home/sc28/SC-28/1_definition/SC-28/camera.py","capture_and_detect","263","","","","","","","","","","","","","","","","","0","","","","","","","","","","","","","","","","","","","","","","","","","","","","",""
"1738.680502283","2026-05-19 19:05:38.120146","/home/sc28/SC-28/1_definition/SC-28/camera.py","capture_and_detect","264","","","","","","","","","","","","","","","","0.0","","","","","","","","","","","","","","","","","","","","","","","","","","","","","",""
"1738.683519035","2026-05-19 19:05:38.123169","/home/sc28/SC-28/1_definition/SC-28/camera.py","capture_and_detect","265","","","","","","","","","","","","","","","","","","320","240","","","","","","","","","","","","","","","","","","","","","","","","","","",""
"1738.686624119","2026-05-19 19:05:38.126274","/home/sc28/SC-28/1_definition/SC-28/camera.py","capture_and_detect","266","","","","","","","","","","","","","","","","","","","","640","480","","","","","","","","","","","","","","","","","","","","","","","","",""
"1738.838290709","2026-05-19 19:05:38.277944","/home/sc28/SC-28/1_definition/SC-28/camera.py","capture_and_detect","263","","","","","","","","","","","","","","","","","0","","","","","","","","","","","","","","","","","","","","","","","","","","","","",""
"1738.841838239","2026-05-19 19:05:38.281483","/home/sc28/SC-28/1_definition/SC-28/camera.py","capture_and_detect","264","","","","","","","","","","","","","","","","0.0","","","","","","","","","","","","","","","","","","","","","","","","","","","","","",""
"1738.844973896","2026-05-19 19:05:38.284623","/home/sc28/SC-28/1_definition/SC-28/camera.py","capture_and_detect","265","","","","","","","","","","","","","","","","","","320","240","","","","","","","","","","","","","","","","","","","","","","","","","","",""
"1738.848090231","2026-05-19 19:05:38.287744","/home/sc28/SC-28/1_definition/SC-28/camera.py","capture_and_detect","266","","","","","","","","","","","","","","","","","","","","640","480","","","","","","","","","","","","","","","","","","","","","","","","",""
"1738.987421066","2026-05-19 19:05:38.427070","/home/sc28/SC-28/1_definition/SC-28/camera.py","capture_and_detect","263","","","","","","","","","","","","","","","","","0","","","","","","","","","","","","","","","","","","","","","","","","","","","","",""
"1738.993477121","2026-05-19 19:05:38.433121","/home/sc28/SC-28/1_definition/SC-28/camera.py","capture_and_detect","264","","","","","","","","","","","","","","","","0.0","","","","","","","","","","","","","","","","","","","","","","","","","","","","","",""
"1739.00039916","2026-05-19 19:05:38.440048","/home/sc28/SC-28/1_definition/SC-28/camera.py","capture_and_detect","265","","","","","","","","","","","","","","","","","","320","240","","","","","","","","","","","","","","","","","","","","","","","","","","",""
"1739.003527838","2026-05-19 19:05:38.443179","/home/sc28/SC-28/1_definition/SC-28/camera.py","capture_and_detect","266","","","","","","","","","","","","","","","","","","","","640","480","","","","","","","","","","","","","","","","","","","","","","","","",""
"1739.143334816","2026-05-19 19:05:38.582990","/home/sc28/SC-28/1_definition/SC-28/camera.py","capture_and_detect","263","","","","","","","","","","","","","","","","","0","","","","","","","","","","","","","","","","","","","","","","","","","","","","",""
"1739.150757373","2026-05-19 19:05:38.590401","/home/sc28/SC-28/1_definition/SC-28/camera.py","capture_and_detect","264","","","","","","","","","","","","","","","","0.0","","","","","","","","","","","","","","","","","","","","","","","","","","","","","",""
"1739.154115477","2026-05-19 19:05:38.593766","/home/sc28/SC-28/1_definition/SC-28/camera.py","capture_and_detect","265","","","","","","","","","","","","","","","","","","320","240","","","","","","","","","","","","","","","","","","","","","","","","","","",""
"1739.161128193","2026-05-19 19:05:38.600779","/home/sc28/SC-28/1_definition/SC-28/camera.py","capture_and_detect","266","","","","","","","","","","","","","","","","","","","","640","480","","","","","","","","","","","","","","","","","","","","","","","","",""
"1739.301073712","2026-05-19 19:05:38.740721","/home/sc28/SC-28/1_definition/SC-28/camera.py","capture_and_detect","263","","","","","","","","","","","","","","","","","0","","","","","","","","","","","","","","","","","","","","","","","","","","","","",""
"1739.304494523","2026-05-19 19:05:38.744140","/home/sc28/SC-28/1_definition/SC-28/camera.py","capture_and_detect","264","","","","","","","","","","","","","","","","0.0","","","","","","","","","","","","","","","","","","","","","","","","","","","","","",""
"1739.307542525","2026-05-19 19:05:38.747193","/home/sc28/SC-28/1_definition/SC-28/camera.py","capture_and_detect","265","","","","","","","","","","","","","","","","","","320","240","","","","","","","","","","","","","","","","","","","","","","","","","","",""
"1739.31065912","2026-05-19 19:05:38.750309","/home/sc28/SC-28/1_definition/SC-28/camera.py","capture_and_detect","266","","","","","","","","","","","","","","","","","","","","640","480","","","","","","","","","","","","","","","","","","","","","","","","",""
"1739.447860645","2026-05-19 19:05:38.887510","/home/sc28/SC-28/1_definition/SC-28/camera.py","capture_and_detect","263","","","","","","","","","","","","","","","","","0","","","","","","","","","","","","","","","","","","","","","","","","","","","","",""
"1739.454719977","2026-05-19 19:05:38.894361","/home/sc28/SC-28/1_definition/SC-28/camera.py","capture_and_detect","264","","","","","","","","","","","","","","","","0.0","","","","","","","","","","","","","","","","","","","","","","","","","","","","","",""
"1739.460910042","2026-05-19 19:05:38.900573","/home/sc28/SC-28/1_definition/SC-28/camera.py","capture_and_detect","265","","","","","","","","","","","","","","","","","","320","240","","","","","","","","","","","","","","","","","","","","","","","","","","",""
"1739.468894106","2026-05-19 19:05:38.908550","/home/sc28/SC-28/1_definition/SC-28/camera.py","capture_and_detect","266","","","","","","","","","","","","","","","","","","","","640","480","","","","","","","","","","","","","","","","","","","","","","","","",""
"1739.607441091","2026-05-19 19:05:39.047088","/home/sc28/SC-28/1_definition/SC-28/camera.py","capture_and_detect","263","","","","","","","","","","","","","","","","","0","","","","","","","","","","","","","","","","","","","","","","","","","","","","",""
"1739.610828674","2026-05-19 19:05:39.050470","/home/sc28/SC-28/1_definition/SC-28/camera.py","capture_and_detect","264","","","","","","","","","","","","","","","","0.0","","","","","","","","","","","","","","","","","","","","","","","","","","","","","",""
"1739.613672614","2026-05-19 19:05:39.053317","/home/sc28/SC-28/1_definition/SC-28/camera.py","capture_and_detect","265","","","","","","","","","","","","","","","","","","320","240","","","","","","","","","","","","","","","","","","","","","","","","","","",""
"1739.621369284","2026-05-19 19:05:39.061020","/home/sc28/SC-28/1_definition/SC-28/camera.py","capture_and_detect","266","","","","","","","","","","","","","","","","","","","","640","480","","","","","","","","","","","","","","","","","","","","","","","","",""
"1739.771822078","2026-05-19 19:05:39.211960","/home/sc28/SC-28/1_definition/SC-28/camera.py","capture_and_detect","263","","","","","","","","","","","","","","","","","0","","","","","","","","","","","","","","","","","","","","","","","","","","","","",""
"1739.77637757","2026-05-19 19:05:39.216029","/home/sc28/SC-28/1_definition/SC-28/camera.py","capture_and_detect","264","","","","","","","","","","","","","","","","0.0","","","","","","","","","","","","","","","","","","","","","","","","","","","","","",""
"1739.781008947","2026-05-19 19:05:39.220659","/home/sc28/SC-28/1_definition/SC-28/camera.py","capture_and_detect","265","","","","","","","","","","","","","","","","","","320","240","","","","","","","","","","","","","","","","","","","","","","","","","","",""
"1739.784379811","2026-05-19 19:05:39.224034","/home/sc28/SC-28/1_definition/SC-28/camera.py","capture_and_detect","266","","","","","","","","","","","","","","","","","","","","640","480","","","","","","","","","","","","","","","","","","","","","","","","",""
"1739.92782718","2026-05-19 19:05:39.367477","/home/sc28/SC-28/1_definition/SC-28/camera.py","capture_and_detect","263","","","","","","","","","","","","","","","","","0","","","","","","","","","","","","","","","","","","","","","","","","","","","","",""
"1739.931349762","2026-05-19 19:05:39.370998","/home/sc28/SC-28/1_definition/SC-28/camera.py","capture_and_detect","264","","","","","","","","","","","","","","","","0.0","","","","","","","","","","","","","","","","","","","","","","","","","","","","","",""
"1739.934627241","2026-05-19 19:05:39.374282","/home/sc28/SC-28/1_definition/SC-28/camera.py","capture_and_detect","265","","","","","","","","","","","","","","","","","","320","240","","","","","","","","","","","","","","","","","","","","","","","","","","",""
"1739.938328728","2026-05-19 19:05:39.377986","/home/sc28/SC-28/1_definition/SC-28/camera.py","capture_and_detect","266","","","","","","","","","","","","","","","","","","","","640","480","","","","","","","","","","","","","","","","","","","","","","","","",""
"1740.081479798","2026-05-19 19:05:39.521126","/home/sc28/SC-28/1_definition/SC-28/camera.py","capture_and_detect","263","","","","","","","","","","","","","","","","","0","","","","","","","","","","","","","","","","","","","","","","","","","","","","",""
"1740.085082483","2026-05-19 19:05:39.524722","/home/sc28/SC-28/1_definition/SC-28/camera.py","capture_and_detect","264","","","","","","","","","","","","","","","","230.5","","","","","","","","","","","","","","","","","","","","","","","","","","","","","",""
"1740.092493322","2026-05-19 19:05:39.532158","/home/sc28/SC-28/1_definition/SC-28/camera.py","capture_and_detect","265","","","","","","","","","","","","","","","","","","429","425","","","","","","","","","","","","","","","","","","","","","","","","","","",""
"1740.100771655","2026-05-19 19:05:39.540423","/home/sc28/SC-28/1_definition/SC-28/camera.py","capture_and_detect","266","","","","","","","","","","","","","","","","","","","","640","480","","","","","","","","","","","","","","","","","","","","","","","","",""
"1740.242577837","2026-05-19 19:05:39.682224","/home/sc28/SC-28/1_definition/SC-28/camera.py","capture_and_detect","263","","","","","","","","","","","","","","","","","0","","","","","","","","","","","","","","","","","","","","","","","","","","","","",""
"1740.245953857","2026-05-19 19:05:39.685595","/home/sc28/SC-28/1_definition/SC-28/camera.py","capture_and_detect","264","","","","","","","","","","","","","","","","0.0","","","","","","","","","","","","","","","","","","","","","","","","","","","","","",""
"1740.248873995","2026-05-19 19:05:39.688517","/home/sc28/SC-28/1_definition/SC-28/camera.py","capture_and_detect","265","","","","","","","","","","","","","","","","","","320","240","","","","","","","","","","","","","","","","","","","","","","","","","","",""
"1740.256522176","2026-05-19 19:05:39.696178","/home/sc28/SC-28/1_definition/SC-28/camera.py","capture_and_detect","266","","","","","","","","","","","","","","","","","","","","640","480","","","","","","","","","","","","","","","","","","","","","","","","",""
"1740.394525101","2026-05-19 19:05:39.834171","/home/sc28/SC-28/1_definition/SC-28/camera.py","capture_and_detect","263","","","","","","","","","","","","","","","","","0","","","","","","","","","","","","","","","","","","","","","","","","","","","","",""
"1740.397894611","2026-05-19 19:05:39.837536","/home/sc28/SC-28/1_definition/SC-28/camera.py","capture_and_detect","264","","","","","","","","","","","","","","","","0.0","","","","","","","","","","","","","","","","","","","","","","","","","","","","","",""
"1740.40127386","2026-05-19 19:05:39.840923","/home/sc28/SC-28/1_definition/SC-28/camera.py","capture_and_detect","265","","","","","","","","","","","","","","","","","","320","240","","","","","","","","","","","","","","","","","","","","","","","","","","",""
"1740.404326601","2026-05-19 19:05:39.843977","/home/sc28/SC-28/1_definition/SC-28/camera.py","capture_and_detect","266","","","","","","","","","","","","","","","","","","","","640","480","","","","","","","","","","","","","","","","","","","","","","","","",""
"1740.543484727","2026-05-19 19:05:39.983130","/home/sc28/SC-28/1_definition/SC-28/camera.py","capture_and_detect","263","","","","","","","","","","","","","","","","","0","","","","","","","","","","","","","","","","","","","","","","","","","","","","",""
"1740.550315621","2026-05-19 19:05:39.989956","/home/sc28/SC-28/1_definition/SC-28/camera.py","capture_and_detect","264","","","","","","","","","","","","","","","","0.0","","","","","","","","","","","","","","","","","","","","","","","","","","","","","",""
"1740.553126854","2026-05-19 19:05:39.992770","/home/sc28/SC-28/1_definition/SC-28/camera.py","capture_and_detect","265","","","","","","","","","","","","","","","","","","320","240","","","","","","","","","","","","","","","","","","","","","","","","","","",""
"1740.555891003","2026-05-19 19:05:39.995533","/home/sc28/SC-28/1_definition/SC-28/camera.py","capture_and_detect","266","","","","","","","","","","","","","","","","","","","","640","480","","","","","","","","","","","","","","","","","","","","","","","","",""
"1740.694461736","2026-05-19 19:05:40.134106","/home/sc28/SC-28/1_definition/SC-28/camera.py","capture_and_detect","263","","","","","","","","","","","","","","","","","1","","","","","","","","","","","","","","","","","","","","","","","","","","","","",""
"1740.69782911","2026-05-19 19:05:40.137469","/home/sc28/SC-28/1_definition/SC-28/camera.py","capture_and_detect","264","","","","","","","","","","","","","","","","1930.0","","","","","","","","","","","","","","","","","","","","","","","","","","","","","",""
"1740.700952371","2026-05-19 19:05:40.140602","/home/sc28/SC-28/1_definition/SC-28/camera.py","capture_and_detect","265","","","","","","","","","","","","","","","","","","309","265","","","","","","","","","","","","","","","","","","","","","","","","","","",""
"1740.70783165","2026-05-19 19:05:40.147475","/home/sc28/SC-28/1_definition/SC-28/camera.py","capture_and_detect","266","","","","","","","","","","","","","","","","","","","","640","480","","","","","","","","","","","","","","","","","","","","","","","","",""
"1740.849201688","2026-05-19 19:05:40.288847","/home/sc28/SC-28/1_definition/SC-28/camera.py","capture_and_detect","263","","","","","","","","","","","","","","","","","1","","","","","","","","","","","","","","","","","","","","","","","","","","","","",""
"1740.85266776","2026-05-19 19:05:40.292311","/home/sc28/SC-28/1_definition/SC-28/camera.py","capture_and_detect","264","","","","","","","","","","","","","","","","1317.0","","","","","","","","","","","","","","","","","","","","","","","","","","","","","",""
"1740.857040753","2026-05-19 19:05:40.296693","/home/sc28/SC-28/1_definition/SC-28/camera.py","capture_and_detect","265","","","","","","","","","","","","","","","","","","287","230","","","","","","","","","","","","","","","","","","","","","","","","","","",""
"1740.860160108","2026-05-19 19:05:40.299810","/home/sc28/SC-28/1_definition/SC-28/camera.py","capture_and_detect","266","","","","","","","","","","","","","","","","","","","","640","480","","","","","","","","","","","","","","","","","","","","","","","","",""
"1741.00345253","2026-05-19 19:05:40.443102","/home/sc28/SC-28/1_definition/SC-28/camera.py","capture_and_detect","263","","","","","","","","","","","","","","","","","1","","","","","","","","","","","","","","","","","","","","","","","","","","","","",""
"1741.012727366","2026-05-19 19:05:40.452370","/home/sc28/SC-28/1_definition/SC-28/camera.py","capture_and_detect","264","","","","","","","","","","","","","","","","1827.0","","","","","","","","","","","","","","","","","","","","","","","","","","","","","",""
"1741.016203698","2026-05-19 19:05:40.455856","/home/sc28/SC-28/1_definition/SC-28/camera.py","capture_and_detect","265","","","","","","","","","","","","","","","","","","248","258","","","","","","","","","","","","","","","","","","","","","","","","","","",""
"1741.019515292","2026-05-19 19:05:40.459167","/home/sc28/SC-28/1_definition/SC-28/camera.py","capture_and_detect","266","","","","","","","","","","","","","","","","","","","","640","480","","","","","","","","","","","","","","","","","","","","","","","","",""
"1747.429690953","2026-05-19 19:05:46.869333","/home/sc28/SC-28/1_definition/SC-28/camera.py","capture_and_detect","263","","","","","","","","","","","","","","","","","1","","","","","","","","","","","","","","","","","","","","","","","","","","","","",""
"1747.433015723","2026-05-19 19:05:46.872650","/home/sc28/SC-28/1_definition/SC-28/camera.py","capture_and_detect","264","","","","","","","","","","","","","","","","2634.5","","","","","","","","","","","","","","","","","","","","","","","","","","","","","",""
"1747.439620681","2026-05-19 19:05:46.879274","/home/sc28/SC-28/1_definition/SC-28/camera.py","capture_and_detect","265","","","","","","","","","","","","","","","","","","238","292","","","","","","","","","","","","","","","","","","","","","","","","","","",""
"1747.443126127","2026-05-19 19:05:46.882773","/home/sc28/SC-28/1_definition/SC-28/camera.py","capture_and_detect","266","","","","","","","","","","","","","","","","","","","","640","480","","","","","","","","","","","","","","","","","","","","","","","","",""
"1747.583811785","2026-05-19 19:05:47.023459","/home/sc28/SC-28/1_definition/SC-28/camera.py","capture_and_detect","263","","","","","","","","","","","","","","","","","0","","","","","","","","","","","","","","","","","","","","","","","","","","","","",""
"1747.587295773","2026-05-19 19:05:47.026936","/home/sc28/SC-28/1_definition/SC-28/camera.py","capture_and_detect","264","","","","","","","","","","","","","","","","0.0","","","","","","","","","","","","","","","","","","","","","","","","","","","","","",""
"1747.590128046","2026-05-19 19:05:47.029771","/home/sc28/SC-28/1_definition/SC-28/camera.py","capture_and_detect","265","","","","","","","","","","","","","","","","","","320","240","","","","","","","","","","","","","","","","","","","","","","","","","","",""
"1747.592910476","2026-05-19 19:05:47.032553","/home/sc28/SC-28/1_definition/SC-28/camera.py","capture_and_detect","266","","","","","","","","","","","","","","","","","","","","640","480","","","","","","","","","","","","","","","","","","","","","","","","",""
"1747.733189573","2026-05-19 19:05:47.172837","/home/sc28/SC-28/1_definition/SC-28/camera.py","capture_and_detect","263","","","","","","","","","","","","","","","","","0","","","","","","","","","","","","","","","","","","","","","","","","","","","","",""
"1747.736727051","2026-05-19 19:05:47.176370","/home/sc28/SC-28/1_definition/SC-28/camera.py","capture_and_detect","264","","","","","","","","","","","","","","","","0.0","","","","","","","","","","","","","","","","","","","","","","","","","","","","","",""
"1747.740914576","2026-05-19 19:05:47.180563","/home/sc28/SC-28/1_definition/SC-28/camera.py","capture_and_detect","265","","","","","","","","","","","","","","","","","","320","240","","","","","","","","","","","","","","","","","","","","","","","","","","",""
"1747.743813463","2026-05-19 19:05:47.183459","/home/sc28/SC-28/1_definition/SC-28/camera.py","capture_and_detect","266","","","","","","","","","","","","","","","","","","","","640","480","","","","","","","","","","","","","","","","","","","","","","","","",""
"1747.884270945","2026-05-19 19:05:47.323915","/home/sc28/SC-28/1_definition/SC-28/camera.py","capture_and_detect","263","","","","","","","","","","","","","","","","","0","","","","","","","","","","","","","","","","","","","","","","","","","","","","",""
"1747.890913818","2026-05-19 19:05:47.330556","/home/sc28/SC-28/1_definition/SC-28/camera.py","capture_and_detect","264","","","","","","","","","","","","","","","","0.0","","","","","","","","","","","","","","","","","","","","","","","","","","","","","",""
"1747.893810935","2026-05-19 19:05:47.333457","/home/sc28/SC-28/1_definition/SC-28/camera.py","capture_and_detect","265","","","","","","","","","","","","","","","","","","320","240","","","","","","","","","","","","","","","","","","","","","","","","","","",""
"1747.896629407","2026-05-19 19:05:47.336272","/home/sc28/SC-28/1_definition/SC-28/camera.py","capture_and_detect","266","","","","","","","","","","","","","","","","","","","","640","480","","","","","","","","","","","","","","","","","","","","","","","","",""
"1748.035324608","2026-05-19 19:05:47.474970","/home/sc28/SC-28/1_definition/SC-28/camera.py","capture_and_detect","263","","","","","","","","","","","","","","","","","0","","","","","","","","","","","","","","","","","","","","","","","","","","","","",""
"1748.038564326","2026-05-19 19:05:47.478206","/home/sc28/SC-28/1_definition/SC-28/camera.py","capture_and_detect","264","","","","","","","","","","","","","","","","0.0","","","","","","","","","","","","","","","","","","","","","","","","","","","","","",""
"1748.041372746","2026-05-19 19:05:47.481016","/home/sc28/SC-28/1_definition/SC-28/camera.py","capture_and_detect","265","","","","","","","","","","","","","","","","","","320","240","","","","","","","","","","","","","","","","","","","","","","","","","","",""
"1748.047797861","2026-05-19 19:05:47.487444","/home/sc28/SC-28/1_definition/SC-28/camera.py","capture_and_detect","266","","","","","","","","","","","","","","","","","","","","640","480","","","","","","","","","","","","","","","","","","","","","","","","",""
"1748.184939582","2026-05-19 19:05:47.624586","/home/sc28/SC-28/1_definition/SC-28/camera.py","capture_and_detect","263","","","","","","","","","","","","","","","","","0","","","","","","","","","","","","","","","","","","","","","","","","","","","","",""
"1748.188232946","2026-05-19 19:05:47.627872","/home/sc28/SC-28/1_definition/SC-28/camera.py","capture_and_detect","264","","","","","","","","","","","","","","","","0.0","","","","","","","","","","","","","","","","","","","","","","","","","","","","","",""
"1748.191111053","2026-05-19 19:05:47.630757","/home/sc28/SC-28/1_definition/SC-28/camera.py","capture_and_detect","265","","","","","","","","","","","","","","","","","","320","240","","","","","","","","","","","","","","","","","","","","","","","","","","",""
"1748.194812227","2026-05-19 19:05:47.634466","/home/sc28/SC-28/1_definition/SC-28/camera.py","capture_and_detect","266","","","","","","","","","","","","","","","","","","","","640","480","","","","","","","","","","","","","","","","","","","","","","","","",""
"1748.33281113","2026-05-19 19:05:47.772457","/home/sc28/SC-28/1_definition/SC-28/camera.py","capture_and_detect","263","","","","","","","","","","","","","","","","","0","","","","","","","","","","","","","","","","","","","","","","","","","","","","",""
"1748.340735246","2026-05-19 19:05:47.780380","/home/sc28/SC-28/1_definition/SC-28/camera.py","capture_and_detect","264","","","","","","","","","","","","","","","","0.0","","","","","","","","","","","","","","","","","","","","","","","","","","","","","",""
"1748.343603144","2026-05-19 19:05:47.783246","/home/sc28/SC-28/1_definition/SC-28/camera.py","capture_and_detect","265","","","","","","","","","","","","","","","","","","320","240","","","","","","","","","","","","","","","","","","","","","","","","","","",""
"1748.346391824","2026-05-19 19:05:47.786033","/home/sc28/SC-28/1_definition/SC-28/camera.py","capture_and_detect","266","","","","","","","","","","","","","","","","","","","","640","480","","","","","","","","","","","","","","","","","","","","","","","","",""
"1748.485007078","2026-05-19 19:05:47.924653","/home/sc28/SC-28/1_definition/SC-28/camera.py","capture_and_detect","263","","","","","","","","","","","","","","","","","0","","","","","","","","","","","","","","","","","","","","","","","","","","","","",""
"1748.488295442","2026-05-19 19:05:47.927937","/home/sc28/SC-28/1_definition/SC-28/camera.py","capture_and_detect","264","","","","","","","","","","","","","","","","0.0","","","","","","","","","","","","","","","","","","","","","","","","","","","","","",""
"1748.494801442","2026-05-19 19:05:47.934449","/home/sc28/SC-28/1_definition/SC-28/camera.py","capture_and_detect","265","","","","","","","","","","","","","","","","","","320","240","","","","","","","","","","","","","","","","","","","","","","","","","","",""
"1748.497912411","2026-05-19 19:05:47.937568","/home/sc28/SC-28/1_definition/SC-28/camera.py","capture_and_detect","266","","","","","","","","","","","","","","","","","","","","640","480","","","","","","","","","","","","","","","","","","","","","","","","",""
"1748.636678028","2026-05-19 19:05:48.076328","/home/sc28/SC-28/1_definition/SC-28/camera.py","capture_and_detect","263","","","","","","","","","","","","","","","","","0","","","","","","","","","","","","","","","","","","","","","","","","","","","","",""
"1748.640392587","2026-05-19 19:05:48.080039","/home/sc28/SC-28/1_definition/SC-28/camera.py","capture_and_detect","264","","","","","","","","","","","","","","","","0.0","","","","","","","","","","","","","","","","","","","","","","","","","","","","","",""
"1748.643723399","2026-05-19 19:05:48.083372","/home/sc28/SC-28/1_definition/SC-28/camera.py","capture_and_detect","265","","","","","","","","","","","","","","","","","","320","240","","","","","","","","","","","","","","","","","","","","","","","","","","",""
"1748.64663588","2026-05-19 19:05:48.086280","/home/sc28/SC-28/1_definition/SC-28/camera.py","capture_and_detect","266","","","","","","","","","","","","","","","","","","","","640","480","","","","","","","","","","","","","","","","","","","","","","","","",""
"1748.789439022","2026-05-19 19:05:48.229087","/home/sc28/SC-28/1_definition/SC-28/camera.py","capture_and_detect","263","","","","","","","","","","","","","","","","","0","","","","","","","","","","","","","","","","","","","","","","","","","","","","",""
"1748.792744001","2026-05-19 19:05:48.232385","/home/sc28/SC-28/1_definition/SC-28/camera.py","capture_and_detect","264","","","","","","","","","","","","","","","","0.0","","","","","","","","","","","","","","","","","","","","","","","","","","","","","",""
"1748.795642211","2026-05-19 19:05:48.235286","/home/sc28/SC-28/1_definition/SC-28/camera.py","capture_and_detect","265","","","","","","","","","","","","","","","","","","320","240","","","","","","","","","","","","","","","","","","","","","","","","","","",""
"1748.79856464","2026-05-19 19:05:48.238209","/home/sc28/SC-28/1_definition/SC-28/camera.py","capture_and_detect","266","","","","","","","","","","","","","","","","","","","","640","480","","","","","","","","","","","","","","","","","","","","","","","","",""
"1748.942465796","2026-05-19 19:05:48.382114","/home/sc28/SC-28/1_definition/SC-28/camera.py","capture_and_detect","263","","","","","","","","","","","","","","","","","0","","","","","","","","","","","","","","","","","","","","","","","","","","","","",""
"1748.951644695","2026-05-19 19:05:48.391299","/home/sc28/SC-28/1_definition/SC-28/camera.py","capture_and_detect","264","","","","","","","","","","","","","","","","0.0","","","","","","","","","","","","","","","","","","","","","","","","","","","","","",""
"1748.956657423","2026-05-19 19:05:48.396319","/home/sc28/SC-28/1_definition/SC-28/camera.py","capture_and_detect","265","","","","","","","","","","","","","","","","","","320","240","","","","","","","","","","","","","","","","","","","","","","","","","","",""
"1748.962338897","2026-05-19 19:05:48.401996","/home/sc28/SC-28/1_definition/SC-28/camera.py","capture_and_detect","266","","","","","","","","","","","","","","","","","","","","640","480","","","","","","","","","","","","","","","","","","","","","","","","",""
"1749.107084838","2026-05-19 19:05:48.546734","/home/sc28/SC-28/1_definition/SC-28/camera.py","capture_and_detect","263","","","","","","","","","","","","","","","","","0","","","","","","","","","","","","","","","","","","","","","","","","","","","","",""
"1749.11060268","2026-05-19 19:05:48.550247","/home/sc28/SC-28/1_definition/SC-28/camera.py","capture_and_detect","264","","","","","","","","","","","","","","","","0.0","","","","","","","","","","","","","","","","","","","","","","","","","","","","","",""
"1749.113494693","2026-05-19 19:05:48.553140","/home/sc28/SC-28/1_definition/SC-28/camera.py","capture_and_detect","265","","","","","","","","","","","","","","","","","","320","240","","","","","","","","","","","","","","","","","","","","","","","","","","",""
"1749.119924651","2026-05-19 19:05:48.559571","/home/sc28/SC-28/1_definition/SC-28/camera.py","capture_and_detect","266","","","","","","","","","","","","","","","","","","","","640","480","","","","","","","","","","","","","","","","","","","","","","","","",""
"1749.263350966","2026-05-19 19:05:48.702999","/home/sc28/SC-28/1_definition/SC-28/camera.py","capture_and_detect","263","","","","","","","","","","","","","","","","","0","","","","","","","","","","","","","","","","","","","","","","","","","","","","",""
"1749.266841256","2026-05-19 19:05:48.706485","/home/sc28/SC-28/1_definition/SC-28/camera.py","capture_and_detect","264","","","","","","","","","","","","","","","","0.0","","","","","","","","","","","","","","","","","","","","","","","","","","","","","",""
"1749.270121756","2026-05-19 19:05:48.709769","/home/sc28/SC-28/1_definition/SC-28/camera.py","capture_and_detect","265","","","","","","","","","","","","","","","","","","320","240","","","","","","","","","","","","","","","","","","","","","","","","","","",""
"1749.273046685","2026-05-19 19:05:48.712692","/home/sc28/SC-28/1_definition/SC-28/camera.py","capture_and_detect","266","","","","","","","","","","","","","","","","","","","","640","480","","","","","","","","","","","","","","","","","","","","","","","","",""
"1749.412782555","2026-05-19 19:05:48.852430","/home/sc28/SC-28/1_definition/SC-28/camera.py","capture_and_detect","263","","","","","","","","","","","","","","","","","0","","","","","","","","","","","","","","","","","","","","","","","","","","","","",""
"1749.419565115","2026-05-19 19:05:48.859205","/home/sc28/SC-28/1_definition/SC-28/camera.py","capture_and_detect","264","","","","","","","","","","","","","","","","0.0","","","","","","","","","","","","","","","","","","","","","","","","","","","","","",""
"1749.422400097","2026-05-19 19:05:48.862042","/home/sc28/SC-28/1_definition/SC-28/camera.py","capture_and_detect","265","","","","","","","","","","","","","","","","","","320","240","","","","","","","","","","","","","","","","","","","","","","","","","","",""
"1749.425163725","2026-05-19 19:05:48.864806","/home/sc28/SC-28/1_definition/SC-28/camera.py","capture_and_detect","266","","","","","","","","","","","","","","","","","","","","640","480","","","","","","","","","","","","","","","","","","","","","","","","",""
"1749.561858573","2026-05-19 19:05:49.001510","/home/sc28/SC-28/1_definition/SC-28/camera.py","capture_and_detect","263","","","","","","","","","","","","","","","","","0","","","","","","","","","","","","","","","","","","","","","","","","","","","","",""
"1749.566344065","2026-05-19 19:05:49.005987","/home/sc28/SC-28/1_definition/SC-28/camera.py","capture_and_detect","264","","","","","","","","","","","","","","","","0.0","","","","","","","","","","","","","","","","","","","","","","","","","","","","","",""
"1749.572638972","2026-05-19 19:05:49.012283","/home/sc28/SC-28/1_definition/SC-28/camera.py","capture_and_detect","265","","","","","","","","","","","","","","","","","","320","240","","","","","","","","","","","","","","","","","","","","","","","","","","",""
"1749.57543911","2026-05-19 19:05:49.015081","/home/sc28/SC-28/1_definition/SC-28/camera.py","capture_and_detect","266","","","","","","","","","","","","","","","","","","","","640","480","","","","","","","","","","","","","","","","","","","","","","","","",""
"1749.713662801","2026-05-19 19:05:49.153309","/home/sc28/SC-28/1_definition/SC-28/camera.py","capture_and_detect","263","","","","","","","","","","","","","","","","","0","","","","","","","","","","","","","","","","","","","","","","","","","","","","",""
"1749.716986373","2026-05-19 19:05:49.156626","/home/sc28/SC-28/1_definition/SC-28/camera.py","capture_and_detect","264","","","","","","","","","","","","","","","","0.0","","","","","","","","","","","","","","","","","","","","","","","","","","","","","",""
"1749.719787084","2026-05-19 19:05:49.159428","/home/sc28/SC-28/1_definition/SC-28/camera.py","capture_and_detect","265","","","","","","","","","","","","","","","","","","320","240","","","","","","","","","","","","","","","","","","","","","","","","","","",""
"1749.722587952","2026-05-19 19:05:49.162228","/home/sc28/SC-28/1_definition/SC-28/camera.py","capture_and_detect","266","","","","","","","","","","","","","","","","","","","","640","480","","","","","","","","","","","","","","","","","","","","","","","","",""
"1749.867345871","2026-05-19 19:05:49.306992","/home/sc28/SC-28/1_definition/SC-28/camera.py","capture_and_detect","263","","","","","","","","","","","","","","","","","0","","","","","","","","","","","","","","","","","","","","","","","","","","","","",""
"1749.870820119","2026-05-19 19:05:49.310462","/home/sc28/SC-28/1_definition/SC-28/camera.py","capture_and_detect","264","","","","","","","","","","","","","","","","0.0","","","","","","","","","","","","","","","","","","","","","","","","","","","","","",""
"1749.873643435","2026-05-19 19:05:49.313286","/home/sc28/SC-28/1_definition/SC-28/camera.py","capture_and_detect","265","","","","","","","","","","","","","","","","","","320","240","","","","","","","","","","","","","","","","","","","","","","","","","","",""
"1749.87641149","2026-05-19 19:05:49.316056","/home/sc28/SC-28/1_definition/SC-28/camera.py","capture_and_detect","266","","","","","","","","","","","","","","","","","","","","640","480","","","","","","","","","","","","","","","","","","","","","","","","",""
"1750.017064227","2026-05-19 19:05:49.456718","/home/sc28/SC-28/1_definition/SC-28/camera.py","capture_and_detect","263","","","","","","","","","","","","","","","","","0","","","","","","","","","","","","","","","","","","","","","","","","","","","","",""
"1750.02066061","2026-05-19 19:05:49.460308","/home/sc28/SC-28/1_definition/SC-28/camera.py","capture_and_detect","264","","","","","","","","","","","","","","","","0.0","","","","","","","","","","","","","","","","","","","","","","","","","","","","","",""
"1750.02397538","2026-05-19 19:05:49.463619","/home/sc28/SC-28/1_definition/SC-28/camera.py","capture_and_detect","265","","","","","","","","","","","","","","","","","","320","240","","","","","","","","","","","","","","","","","","","","","","","","","","",""
"1750.026938226","2026-05-19 19:05:49.466582","/home/sc28/SC-28/1_definition/SC-28/camera.py","capture_and_detect","266","","","","","","","","","","","","","","","","","","","","640","480","","","","","","","","","","","","","","","","","","","","","","","","",""
"1750.166757792","2026-05-19 19:05:49.606404","/home/sc28/SC-28/1_definition/SC-28/camera.py","capture_and_detect","263","","","","","","","","","","","","","","","","","0","","","","","","","","","","","","","","","","","","","","","","","","","","","","",""
"1750.173711809","2026-05-19 19:05:49.613353","/home/sc28/SC-28/1_definition/SC-28/camera.py","capture_and_detect","264","","","","","","","","","","","","","","","","0.0","","","","","","","","","","","","","","","","","","","","","","","","","","","","","",""
"1750.17660502","2026-05-19 19:05:49.616248","/home/sc28/SC-28/1_definition/SC-28/camera.py","capture_and_detect","265","","","","","","","","","","","","","","","","","","320","240","","","","","","","","","","","","","","","","","","","","","","","","","","",""
"1750.179385783","2026-05-19 19:05:49.619027","/home/sc28/SC-28/1_definition/SC-28/camera.py","capture_and_detect","266","","","","","","","","","","","","","","","","","","","","640","480","","","","","","","","","","","","","","","","","","","","","","","","",""
"1750.316285993","2026-05-19 19:05:49.755934","/home/sc28/SC-28/1_definition/SC-28/camera.py","capture_and_detect","263","","","","","","","","","","","","","","","","","0","","","","","","","","","","","","","","","","","","","","","","","","","","","","",""
"1750.319703367","2026-05-19 19:05:49.759343","/home/sc28/SC-28/1_definition/SC-28/camera.py","capture_and_detect","264","","","","","","","","","","","","","","","","0.0","","","","","","","","","","","","","","","","","","","","","","","","","","","","","",""
"1750.322571942","2026-05-19 19:05:49.762214","/home/sc28/SC-28/1_definition/SC-28/camera.py","capture_and_detect","265","","","","","","","","","","","","","","","","","","320","240","","","","","","","","","","","","","","","","","","","","","","","","","","",""
"1750.328867005","2026-05-19 19:05:49.768509","/home/sc28/SC-28/1_definition/SC-28/camera.py","capture_and_detect","266","","","","","","","","","","","","","","","","","","","","640","480","","","","","","","","","","","","","","","","","","","","","","","","",""
"1750.46742934","2026-05-19 19:05:49.907074","/home/sc28/SC-28/1_definition/SC-28/camera.py","capture_and_detect","263","","","","","","","","","","","","","","","","","0","","","","","","","","","","","","","","","","","","","","","","","","","","","","",""
"1750.470927546","2026-05-19 19:05:49.910568","/home/sc28/SC-28/1_definition/SC-28/camera.py","capture_and_detect","264","","","","","","","","","","","","","","","","0.0","","","","","","","","","","","","","","","","","","","","","","","","","","","","","",""
"1750.473745288","2026-05-19 19:05:49.913388","/home/sc28/SC-28/1_definition/SC-28/camera.py","capture_and_detect","265","","","","","","","","","","","","","","","","","","320","240","","","","","","","","","","","","","","","","","","","","","","","","","","",""
"1750.47649751","2026-05-19 19:05:49.916140","/home/sc28/SC-28/1_definition/SC-28/camera.py","capture_and_detect","266","","","","","","","","","","","","","","","","","","","","640","480","","","","","","","","","","","","","","","","","","","","","","","","",""
"1750.617402277","2026-05-19 19:05:50.057048","/home/sc28/SC-28/1_definition/SC-28/camera.py","capture_and_detect","263","","","","","","","","","","","","","","","","","0","","","","","","","","","","","","","","","","","","","","","","","","","","","","",""
"1750.635596534","2026-05-19 19:05:50.075235","/home/sc28/SC-28/1_definition/SC-28/camera.py","capture_and_detect","264","","","","","","","","","","","","","","","","36.5","","","","","","","","","","","","","","","","","","","","","","","","","","","","","",""
"1750.651509817","2026-05-19 19:05:50.091164","/home/sc28/SC-28/1_definition/SC-28/camera.py","capture_and_detect","265","","","","","","","","","","","","","","","","","","610","54","","","","","","","","","","","","","","","","","","","","","","","","","","",""
