time,date,file,func,line,serious_error,error,warning,msg,format_exception,phase,gnss_time,lat,lon,alt,alt_base_press,goal_lat,goal_lon,temp,press,camera_area,camera_order,camera_center_x,camera_center_y,camera_frame_size_x,camera_frame_size_y,motor_l,motor_r,goal_relative_x,goal_relative_y,goal_relative_angle_rad,goal_distance,accel_all_x,accel_all_y,accel_all_z,accel_line_x,accel_line_y,accel_line_z,mag_x,mag_y,mag_z,gyro_x,gyro_y,gyro_z,grav_x,grav_y,grav_z,euler_x,euler_y,euler_z,nmea
"554.845057137","2026-05-12 19:13:35.716198","/home/sc28/SC-28/1_definition/SC-28/camera.py","capture_and_detect","263","","","","","","","","","","","","","","","","","1","","","","","","","","","","","","","","","","","","","","","","","","","","","","",""
"554.856748414","2026-05-12 19:13:35.726890","/home/sc28/SC-28/1_definition/SC-28/camera.py","capture_and_detect","264","","","","","","","","","","","","","","","","698.0","","","","","","","","","","","","","","","","","","","","","","","","","","","","","",""
"554.859640584","2026-05-12 19:13:35.729782","/home/sc28/SC-28/1_definition/SC-28/camera.py","capture_and_detect","265","","","","","","","","","","","","","","","","","","322","179","","","","","","","","","","","","","","","","","","","","","","","","","","",""
"554.866070625","2026-05-12 19:13:35.736214","/home/sc28/SC-28/1_definition/SC-28/camera.py","capture_and_detect","266","","","","","","","","","","","","","","","","","","","","640","480","","","","","","","","","","","","","","","","","","","","","","","","",""
"556.704844825","2026-05-12 19:13:37.574992","/home/sc28/SC-28/1_definition/SC-28/camera.py","capture_and_detect","263","","","","","","","","","","","","","","","","","1","","","","","","","","","","","","","","","","","","","","","","","","","","","","",""
"556.71121404","2026-05-12 19:13:37.581351","/home/sc28/SC-28/1_definition/SC-28/camera.py","capture_and_detect","264","","","","","","","","","","","","","","","","914.0","","","","","","","","","","","","","","","","","","","","","","","","","","","","","",""
"556.714769882","2026-05-12 19:13:37.584915","/home/sc28/SC-28/1_definition/SC-28/camera.py","capture_and_detect","265","","","","","","","","","","","","","","","","","","245","381","","","","","","","","","","","","","","","","","","","","","","","","","","",""
"556.721112275","2026-05-12 19:13:37.591256","/home/sc28/SC-28/1_definition/SC-28/camera.py","capture_and_detect","266","","","","","","","","","","","","","","","","","","","","640","480","","","","","","","","","","","","","","","","","","","","","","","","",""
"557.297670384","2026-05-12 19:13:38.167812","/home/sc28/SC-28/1_definition/SC-28/camera.py","capture_and_detect","263","","","","","","","","","","","","","","","","","1","","","","","","","","","","","","","","","","","","","","","","","","","","","","",""
"557.302148689","2026-05-12 19:13:38.172281","/home/sc28/SC-28/1_definition/SC-28/camera.py","capture_and_detect","264","","","","","","","","","","","","","","","","541.5","","","","","","","","","","","","","","","","","","","","","","","","","","","","","",""
"557.304963782","2026-05-12 19:13:38.175107","/home/sc28/SC-28/1_definition/SC-28/camera.py","capture_and_detect","265","","","","","","","","","","","","","","","","","","245","428","","","","","","","","","","","","","","","","","","","","","","","","","","",""
"557.307774812","2026-05-12 19:13:38.177919","/home/sc28/SC-28/1_definition/SC-28/camera.py","capture_and_detect","266","","","","","","","","","","","","","","","","","","","","640","480","","","","","","","","","","","","","","","","","","","","","","","","",""
"557.875700345","2026-05-12 19:13:38.745843","/home/sc28/SC-28/1_definition/SC-28/camera.py","capture_and_detect","263","","","","","","","","","","","","","","","","","1","","","","","","","","","","","","","","","","","","","","","","","","","","","","",""
"557.880362184","2026-05-12 19:13:38.750505","/home/sc28/SC-28/1_definition/SC-28/camera.py","capture_and_detect","264","","","","","","","","","","","","","","","","686.0","","","","","","","","","","","","","","","","","","","","","","","","","","","","","",""
"557.885349271","2026-05-12 19:13:38.755494","/home/sc28/SC-28/1_definition/SC-28/camera.py","capture_and_detect","265","","","","","","","","","","","","","","","","","","244","416","","","","","","","","","","","","","","","","","","","","","","","","","","",""
"557.888240402","2026-05-12 19:13:38.758382","/home/sc28/SC-28/1_definition/SC-28/camera.py","capture_and_detect","266","","","","","","","","","","","","","","","","","","","","640","480","","","","","","","","","","","","","","","","","","","","","","","","",""
"558.468226283","2026-05-12 19:13:39.338372","/home/sc28/SC-28/1_definition/SC-28/camera.py","capture_and_detect","263","","","","","","","","","","","","","","","","","0","","","","","","","","","","","","","","","","","","","","","","","","","","","","",""
"558.476417355","2026-05-12 19:13:39.346561","/home/sc28/SC-28/1_definition/SC-28/camera.py","capture_and_detect","264","","","","","","","","","","","","","","","","0.0","","","","","","","","","","","","","","","","","","","","","","","","","","","","","",""
"558.479809821","2026-05-12 19:13:39.349959","/home/sc28/SC-28/1_definition/SC-28/camera.py","capture_and_detect","265","","","","","","","","","","","","","","","","","","320","240","","","","","","","","","","","","","","","","","","","","","","","","","","",""
"558.483060157","2026-05-12 19:13:39.353210","/home/sc28/SC-28/1_definition/SC-28/camera.py","capture_and_detect","266","","","","","","","","","","","","","","","","","","","","640","480","","","","","","","","","","","","","","","","","","","","","","","","",""
"559.056143903","2026-05-12 19:13:39.926285","/home/sc28/SC-28/1_definition/SC-28/camera.py","capture_and_detect","263","","","","","","","","","","","","","","","","","1","","","","","","","","","","","","","","","","","","","","","","","","","","","","",""
"559.059337835","2026-05-12 19:13:39.929471","/home/sc28/SC-28/1_definition/SC-28/camera.py","capture_and_detect","264","","","","","","","","","","","","","","","","11808.5","","","","","","","","","","","","","","","","","","","","","","","","","","","","","",""
"559.062240165","2026-05-12 19:13:39.932383","/home/sc28/SC-28/1_definition/SC-28/camera.py","capture_and_detect","265","","","","","","","","","","","","","","","","","","322","281","","","","","","","","","","","","","","","","","","","","","","","","","","",""
"559.068560792","2026-05-12 19:13:39.938704","/home/sc28/SC-28/1_definition/SC-28/camera.py","capture_and_detect","266","","","","","","","","","","","","","","","","","","","","640","480","","","","","","","","","","","","","","","","","","","","","","","","",""
"559.667173313","2026-05-12 19:13:40.537322","/home/sc28/SC-28/1_definition/SC-28/camera.py","capture_and_detect","263","","","","","","","","","","","","","","","","","0","","","","","","","","","","","","","","","","","","","","","","","","","","","","",""
"559.671741774","2026-05-12 19:13:40.541884","/home/sc28/SC-28/1_definition/SC-28/camera.py","capture_and_detect","264","","","","","","","","","","","","","","","","252.0","","","","","","","","","","","","","","","","","","","","","","","","","","","","","",""
"559.675258194","2026-05-12 19:13:40.545412","/home/sc28/SC-28/1_definition/SC-28/camera.py","capture_and_detect","265","","","","","","","","","","","","","","","","","","292","256","","","","","","","","","","","","","","","","","","","","","","","","","","",""
"559.678430879","2026-05-12 19:13:40.548580","/home/sc28/SC-28/1_definition/SC-28/camera.py","capture_and_detect","266","","","","","","","","","","","","","","","","","","","","640","480","","","","","","","","","","","","","","","","","","","","","","","","",""
"560.258802015","2026-05-12 19:13:41.128946","/home/sc28/SC-28/1_definition/SC-28/camera.py","capture_and_detect","263","","","","","","","","","","","","","","","","","0","","","","","","","","","","","","","","","","","","","","","","","","","","","","",""
"560.264718548","2026-05-12 19:13:41.134859","/home/sc28/SC-28/1_definition/SC-28/camera.py","capture_and_detect","264","","","","","","","","","","","","","","","","253.0","","","","","","","","","","","","","","","","","","","","","","","","","","","","","",""
"560.270587323","2026-05-12 19:13:41.140743","/home/sc28/SC-28/1_definition/SC-28/camera.py","capture_and_detect","265","","","","","","","","","","","","","","","","","","223","273","","","","","","","","","","","","","","","","","","","","","","","","","","",""
"560.274677472","2026-05-12 19:13:41.144825","/home/sc28/SC-28/1_definition/SC-28/camera.py","capture_and_detect","266","","","","","","","","","","","","","","","","","","","","640","480","","","","","","","","","","","","","","","","","","","","","","","","",""
"560.862640071","2026-05-12 19:13:41.732788","/home/sc28/SC-28/1_definition/SC-28/camera.py","capture_and_detect","263","","","","","","","","","","","","","","","","","0","","","","","","","","","","","","","","","","","","","","","","","","","","","","",""
"560.872097504","2026-05-12 19:13:41.742241","/home/sc28/SC-28/1_definition/SC-28/camera.py","capture_and_detect","264","","","","","","","","","","","","","","","","0.0","","","","","","","","","","","","","","","","","","","","","","","","","","","","","",""
"560.876575188","2026-05-12 19:13:41.746724","/home/sc28/SC-28/1_definition/SC-28/camera.py","capture_and_detect","265","","","","","","","","","","","","","","","","","","320","240","","","","","","","","","","","","","","","","","","","","","","","","","","",""
"560.879477832","2026-05-12 19:13:41.749619","/home/sc28/SC-28/1_definition/SC-28/camera.py","capture_and_detect","266","","","","","","","","","","","","","","","","","","","","640","480","","","","","","","","","","","","","","","","","","","","","","","","",""
"561.445739845","2026-05-12 19:13:42.315886","/home/sc28/SC-28/1_definition/SC-28/camera.py","capture_and_detect","263","","","","","","","","","","","","","","","","","0","","","","","","","","","","","","","","","","","","","","","","","","","","","","",""
"561.449469071","2026-05-12 19:13:42.319616","/home/sc28/SC-28/1_definition/SC-28/camera.py","capture_and_detect","264","","","","","","","","","","","","","","","","0.0","","","","","","","","","","","","","","","","","","","","","","","","","","","","","",""
"561.456135473","2026-05-12 19:13:42.326286","/home/sc28/SC-28/1_definition/SC-28/camera.py","capture_and_detect","265","","","","","","","","","","","","","","","","","","320","240","","","","","","","","","","","","","","","","","","","","","","","","","","",""
"561.459455184","2026-05-12 19:13:42.329602","/home/sc28/SC-28/1_definition/SC-28/camera.py","capture_and_detect","266","","","","","","","","","","","","","","","","","","","","640","480","","","","","","","","","","","","","","","","","","","","","","","","",""
"562.048340391","2026-05-12 19:13:42.918486","/home/sc28/SC-28/1_definition/SC-28/camera.py","capture_and_detect","263","","","","","","","","","","","","","","","","","0","","","","","","","","","","","","","","","","","","","","","","","","","","","","",""
"562.053199833","2026-05-12 19:13:42.923341","/home/sc28/SC-28/1_definition/SC-28/camera.py","capture_and_detect","264","","","","","","","","","","","","","","","","96.0","","","","","","","","","","","","","","","","","","","","","","","","","","","","","",""
"562.056179454","2026-05-12 19:13:42.926324","/home/sc28/SC-28/1_definition/SC-28/camera.py","capture_and_detect","265","","","","","","","","","","","","","","","","","","277","463","","","","","","","","","","","","","","","","","","","","","","","","","","",""
"562.062589564","2026-05-12 19:13:42.932735","/home/sc28/SC-28/1_definition/SC-28/camera.py","capture_and_detect","266","","","","","","","","","","","","","","","","","","","","640","480","","","","","","","","","","","","","","","","","","","","","","","","",""
"562.627859364","2026-05-12 19:13:43.498005","/home/sc28/SC-28/1_definition/SC-28/camera.py","capture_and_detect","263","","","","","","","","","","","","","","","","","0","","","","","","","","","","","","","","","","","","","","","","","","","","","","",""
"562.637177434","2026-05-12 19:13:43.507314","/home/sc28/SC-28/1_definition/SC-28/camera.py","capture_and_detect","264","","","","","","","","","","","","","","","","251.5","","","","","","","","","","","","","","","","","","","","","","","","","","","","","",""
"562.640537874","2026-05-12 19:13:43.510690","/home/sc28/SC-28/1_definition/SC-28/camera.py","capture_and_detect","265","","","","","","","","","","","","","","","","","","238","459","","","","","","","","","","","","","","","","","","","","","","","","","","",""
"562.643909876","2026-05-12 19:13:43.514061","/home/sc28/SC-28/1_definition/SC-28/camera.py","capture_and_detect","266","","","","","","","","","","","","","","","","","","","","640","480","","","","","","","","","","","","","","","","","","","","","","","","",""
"563.221384717","2026-05-12 19:13:44.091531","/home/sc28/SC-28/1_definition/SC-28/camera.py","capture_and_detect","263","","","","","","","","","","","","","","","","","0","","","","","","","","","","","","","","","","","","","","","","","","","","","","",""
"563.229220816","2026-05-12 19:13:44.099359","/home/sc28/SC-28/1_definition/SC-28/camera.py","capture_and_detect","264","","","","","","","","","","","","","","","","40.0","","","","","","","","","","","","","","","","","","","","","","","","","","","","","",""
"563.232132681","2026-05-12 19:13:44.102275","/home/sc28/SC-28/1_definition/SC-28/camera.py","capture_and_detect","265","","","","","","","","","","","","","","","","","","322","433","","","","","","","","","","","","","","","","","","","","","","","","","","",""
"563.235168292","2026-05-12 19:13:44.105312","/home/sc28/SC-28/1_definition/SC-28/camera.py","capture_and_detect","266","","","","","","","","","","","","","","","","","","","","640","480","","","","","","","","","","","","","","","","","","","","","","","","",""
"563.801238166","2026-05-12 19:13:44.671390","/home/sc28/SC-28/1_definition/SC-28/camera.py","capture_and_detect","263","","","","","","","","","","","","","","","","","0","","","","","","","","","","","","","","","","","","","","","","","","","","","","",""
"563.809130461","2026-05-12 19:13:44.679273","/home/sc28/SC-28/1_definition/SC-28/camera.py","capture_and_detect","264","","","","","","","","","","","","","","","","135.0","","","","","","","","","","","","","","","","","","","","","","","","","","","","","",""
"563.812383719","2026-05-12 19:13:44.682531","/home/sc28/SC-28/1_definition/SC-28/camera.py","capture_and_detect","265","","","","","","","","","","","","","","","","","","509","223","","","","","","","","","","","","","","","","","","","","","","","","","","",""
"563.815697235","2026-05-12 19:13:44.685846","/home/sc28/SC-28/1_definition/SC-28/camera.py","capture_and_detect","266","","","","","","","","","","","","","","","","","","","","640","480","","","","","","","","","","","","","","","","","","","","","","","","",""
"564.398033903","2026-05-12 19:13:45.268174","/home/sc28/SC-28/1_definition/SC-28/camera.py","capture_and_detect","263","","","","","","","","","","","","","","","","","0","","","","","","","","","","","","","","","","","","","","","","","","","","","","",""
"564.404884991","2026-05-12 19:13:45.275026","/home/sc28/SC-28/1_definition/SC-28/camera.py","capture_and_detect","264","","","","","","","","","","","","","","","","190.5","","","","","","","","","","","","","","","","","","","","","","","","","","","","","",""
"564.412156845","2026-05-12 19:13:45.282310","/home/sc28/SC-28/1_definition/SC-28/camera.py","capture_and_detect","265","","","","","","","","","","","","","","","","","","502","209","","","","","","","","","","","","","","","","","","","","","","","","","","",""
"564.417640955","2026-05-12 19:13:45.287791","/home/sc28/SC-28/1_definition/SC-28/camera.py","capture_and_detect","266","","","","","","","","","","","","","","","","","","","","640","480","","","","","","","","","","","","","","","","","","","","","","","","",""
"565.048659013","2026-05-12 19:13:45.918811","/home/sc28/SC-28/1_definition/SC-28/camera.py","capture_and_detect","263","","","","","","","","","","","","","","","","","0","","","","","","","","","","","","","","","","","","","","","","","","","","","","",""
"565.055869411","2026-05-12 19:13:45.926024","/home/sc28/SC-28/1_definition/SC-28/camera.py","capture_and_detect","264","","","","","","","","","","","","","","","","106.0","","","","","","","","","","","","","","","","","","","","","","","","","","","","","",""
"565.062270256","2026-05-12 19:13:45.932426","/home/sc28/SC-28/1_definition/SC-28/camera.py","capture_and_detect","265","","","","","","","","","","","","","","","","","","505","177","","","","","","","","","","","","","","","","","","","","","","","","","","",""
"565.07230044","2026-05-12 19:13:45.942466","/home/sc28/SC-28/1_definition/SC-28/camera.py","capture_and_detect","266","","","","","","","","","","","","","","","","","","","","640","480","","","","","","","","","","","","","","","","","","","","","","","","",""
"565.733537623","2026-05-12 19:13:46.603680","/home/sc28/SC-28/1_definition/SC-28/camera.py","capture_and_detect","263","","","","","","","","","","","","","","","","","0","","","","","","","","","","","","","","","","","","","","","","","","","","","","",""
"565.738237338","2026-05-12 19:13:46.608373","/home/sc28/SC-28/1_definition/SC-28/camera.py","capture_and_detect","264","","","","","","","","","","","","","","","","50.5","","","","","","","","","","","","","","","","","","","","","","","","","","","","","",""
"565.741252326","2026-05-12 19:13:46.611397","/home/sc28/SC-28/1_definition/SC-28/camera.py","capture_and_detect","265","","","","","","","","","","","","","","","","","","245","475","","","","","","","","","","","","","","","","","","","","","","","","","","",""
"565.744106227","2026-05-12 19:13:46.614248","/home/sc28/SC-28/1_definition/SC-28/camera.py","capture_and_detect","266","","","","","","","","","","","","","","","","","","","","640","480","","","","","","","","","","","","","","","","","","","","","","","","",""
"566.320292857","2026-05-12 19:13:47.190438","/home/sc28/SC-28/1_definition/SC-28/camera.py","capture_and_detect","263","","","","","","","","","","","","","","","","","0","","","","","","","","","","","","","","","","","","","","","","","","","","","","",""
"566.323740122","2026-05-12 19:13:47.193881","/home/sc28/SC-28/1_definition/SC-28/camera.py","capture_and_detect","264","","","","","","","","","","","","","","","","0.0","","","","","","","","","","","","","","","","","","","","","","","","","","","","","",""
"566.326649802","2026-05-12 19:13:47.196792","/home/sc28/SC-28/1_definition/SC-28/camera.py","capture_and_detect","265","","","","","","","","","","","","","","","","","","320","240","","","","","","","","","","","","","","","","","","","","","","","","","","",""
"566.329386469","2026-05-12 19:13:47.199527","/home/sc28/SC-28/1_definition/SC-28/camera.py","capture_and_detect","266","","","","","","","","","","","","","","","","","","","","640","480","","","","","","","","","","","","","","","","","","","","","","","","",""
"566.915471389","2026-05-12 19:13:47.785614","/home/sc28/SC-28/1_definition/SC-28/camera.py","capture_and_detect","263","","","","","","","","","","","","","","","","","0","","","","","","","","","","","","","","","","","","","","","","","","","","","","",""
"566.923809613","2026-05-12 19:13:47.793948","/home/sc28/SC-28/1_definition/SC-28/camera.py","capture_and_detect","264","","","","","","","","","","","","","","","","81.0","","","","","","","","","","","","","","","","","","","","","","","","","","","","","",""
"566.926726585","2026-05-12 19:13:47.796869","/home/sc28/SC-28/1_definition/SC-28/camera.py","capture_and_detect","265","","","","","","","","","","","","","","","","","","251","471","","","","","","","","","","","","","","","","","","","","","","","","","","",""
"566.929511218","2026-05-12 19:13:47.799655","/home/sc28/SC-28/1_definition/SC-28/camera.py","capture_and_detect","266","","","","","","","","","","","","","","","","","","","","640","480","","","","","","","","","","","","","","","","","","","","","","","","",""
"581.97798237","2026-05-12 19:14:02.848135","/home/sc28/SC-28/1_definition/SC-28/camera.py","capture_and_detect","263","","","","","","","","","","","","","","","","","1","","","","","","","","","","","","","","","","","","","","","","","","","","","","",""
"581.983420625","2026-05-12 19:14:02.853556","/home/sc28/SC-28/1_definition/SC-28/camera.py","capture_and_detect","264","","","","","","","","","","","","","","","","398.5","","","","","","","","","","","","","","","","","","","","","","","","","","","","","",""
"581.989956863","2026-05-12 19:14:02.860100","/home/sc28/SC-28/1_definition/SC-28/camera.py","capture_and_detect","265","","","","","","","","","","","","","","","","","","292","380","","","","","","","","","","","","","","","","","","","","","","","","","","",""
"581.992873172","2026-05-12 19:14:02.863015","/home/sc28/SC-28/1_definition/SC-28/camera.py","capture_and_detect","266","","","","","","","","","","","","","","","","","","","","640","480","","","","","","","","","","","","","","","","","","","","","","","","",""
"582.627908875","2026-05-12 19:14:03.498054","/home/sc28/SC-28/1_definition/SC-28/camera.py","capture_and_detect","263","","","","","","","","","","","","","","","","","1","","","","","","","","","","","","","","","","","","","","","","","","","","","","",""
"582.632614499","2026-05-12 19:14:03.502747","/home/sc28/SC-28/1_definition/SC-28/camera.py","capture_and_detect","264","","","","","","","","","","","","","","","","2355.5","","","","","","","","","","","","","","","","","","","","","","","","","","","","","",""
"582.635597525","2026-05-12 19:14:03.505738","/home/sc28/SC-28/1_definition/SC-28/camera.py","capture_and_detect","265","","","","","","","","","","","","","","","","","","291","316","","","","","","","","","","","","","","","","","","","","","","","","","","",""
"582.642019706","2026-05-12 19:14:03.512164","/home/sc28/SC-28/1_definition/SC-28/camera.py","capture_and_detect","266","","","","","","","","","","","","","","","","","","","","640","480","","","","","","","","","","","","","","","","","","","","","","","","",""
"583.219556089","2026-05-12 19:14:04.089698","/home/sc28/SC-28/1_definition/SC-28/camera.py","capture_and_detect","263","","","","","","","","","","","","","","","","","1","","","","","","","","","","","","","","","","","","","","","","","","","","","","",""
"583.222917697","2026-05-12 19:14:04.093051","/home/sc28/SC-28/1_definition/SC-28/camera.py","capture_and_detect","264","","","","","","","","","","","","","","","","2304.5","","","","","","","","","","","","","","","","","","","","","","","","","","","","","",""
"583.22575177","2026-05-12 19:14:04.095893","/home/sc28/SC-28/1_definition/SC-28/camera.py","capture_and_detect","265","","","","","","","","","","","","","","","","","","289","307","","","","","","","","","","","","","","","","","","","","","","","","","","",""
"583.228566","2026-05-12 19:14:04.098707","/home/sc28/SC-28/1_definition/SC-28/camera.py","capture_and_detect","266","","","","","","","","","","","","","","","","","","","","640","480","","","","","","","","","","","","","","","","","","","","","","","","",""
"583.814031895","2026-05-12 19:14:04.684174","/home/sc28/SC-28/1_definition/SC-28/camera.py","capture_and_detect","263","","","","","","","","","","","","","","","","","1","","","","","","","","","","","","","","","","","","","","","","","","","","","","",""
"583.822078452","2026-05-12 19:14:04.692219","/home/sc28/SC-28/1_definition/SC-28/camera.py","capture_and_detect","264","","","","","","","","","","","","","","","","1381.0","","","","","","","","","","","","","","","","","","","","","","","","","","","","","",""
"583.825178141","2026-05-12 19:14:04.695323","/home/sc28/SC-28/1_definition/SC-28/camera.py","capture_and_detect","265","","","","","","","","","","","","","","","","","","318","297","","","","","","","","","","","","","","","","","","","","","","","","","","",""
"583.828427461","2026-05-12 19:14:04.698572","/home/sc28/SC-28/1_definition/SC-28/camera.py","capture_and_detect","266","","","","","","","","","","","","","","","","","","","","640","480","","","","","","","","","","","","","","","","","","","","","","","","",""
"584.401943617","2026-05-12 19:14:05.272087","/home/sc28/SC-28/1_definition/SC-28/camera.py","capture_and_detect","263","","","","","","","","","","","","","","","","","1","","","","","","","","","","","","","","","","","","","","","","","","","","","","",""
"584.411283207","2026-05-12 19:14:05.281419","/home/sc28/SC-28/1_definition/SC-28/camera.py","capture_and_detect","264","","","","","","","","","","","","","","","","2231.5","","","","","","","","","","","","","","","","","","","","","","","","","","","","","",""
"584.415296981","2026-05-12 19:14:05.285445","/home/sc28/SC-28/1_definition/SC-28/camera.py","capture_and_detect","265","","","","","","","","","","","","","","","","","","304","338","","","","","","","","","","","","","","","","","","","","","","","","","","",""
"584.418422139","2026-05-12 19:14:05.288569","/home/sc28/SC-28/1_definition/SC-28/camera.py","capture_and_detect","266","","","","","","","","","","","","","","","","","","","","640","480","","","","","","","","","","","","","","","","","","","","","","","","",""
"591.210533432","2026-05-12 19:14:12.080673","/home/sc28/SC-28/1_definition/SC-28/camera.py","capture_and_detect","263","","","","","","","","","","","","","","","","","1","","","","","","","","","","","","","","","","","","","","","","","","","","","","",""
"591.217527279","2026-05-12 19:14:12.087664","/home/sc28/SC-28/1_definition/SC-28/camera.py","capture_and_detect","264","","","","","","","","","","","","","","","","2193.5","","","","","","","","","","","","","","","","","","","","","","","","","","","","","",""
"591.22205266","2026-05-12 19:14:12.092198","/home/sc28/SC-28/1_definition/SC-28/camera.py","capture_and_detect","265","","","","","","","","","","","","","","","","","","305","338","","","","","","","","","","","","","","","","","","","","","","","","","","",""
"591.225011006","2026-05-12 19:14:12.095154","/home/sc28/SC-28/1_definition/SC-28/camera.py","capture_and_detect","266","","","","","","","","","","","","","","","","","","","","640","480","","","","","","","","","","","","","","","","","","","","","","","","",""
"591.813457091","2026-05-12 19:14:12.683604","/home/sc28/SC-28/1_definition/SC-28/camera.py","capture_and_detect","263","","","","","","","","","","","","","","","","","0","","","","","","","","","","","","","","","","","","","","","","","","","","","","",""
"591.819328316","2026-05-12 19:14:12.689471","/home/sc28/SC-28/1_definition/SC-28/camera.py","capture_and_detect","264","","","","","","","","","","","","","","","","0.0","","","","","","","","","","","","","","","","","","","","","","","","","","","","","",""
"591.832276197","2026-05-12 19:14:12.702432","/home/sc28/SC-28/1_definition/SC-28/camera.py","capture_and_detect","265","","","","","","","","","","","","","","","","","","320","240","","","","","","","","","","","","","","","","","","","","","","","","","","",""
"591.843076957","2026-05-12 19:14:12.713226","/home/sc28/SC-28/1_definition/SC-28/camera.py","capture_and_detect","266","","","","","","","","","","","","","","","","","","","","640","480","","","","","","","","","","","","","","","","","","","","","","","","",""
"592.42431657","2026-05-12 19:14:13.294462","/home/sc28/SC-28/1_definition/SC-28/camera.py","capture_and_detect","263","","","","","","","","","","","","","","","","","0","","","","","","","","","","","","","","","","","","","","","","","","","","","","",""
"592.42778162","2026-05-12 19:14:13.297920","/home/sc28/SC-28/1_definition/SC-28/camera.py","capture_and_detect","264","","","","","","","","","","","","","","","","0.0","","","","","","","","","","","","","","","","","","","","","","","","","","","","","",""
"592.430715176","2026-05-12 19:14:13.300858","/home/sc28/SC-28/1_definition/SC-28/camera.py","capture_and_detect","265","","","","","","","","","","","","","","","","","","320","240","","","","","","","","","","","","","","","","","","","","","","","","","","",""
"592.433682897","2026-05-12 19:14:13.303827","/home/sc28/SC-28/1_definition/SC-28/camera.py","capture_and_detect","266","","","","","","","","","","","","","","","","","","","","640","480","","","","","","","","","","","","","","","","","","","","","","","","",""
"593.023074889","2026-05-12 19:14:13.893219","/home/sc28/SC-28/1_definition/SC-28/camera.py","capture_and_detect","263","","","","","","","","","","","","","","","","","0","","","","","","","","","","","","","","","","","","","","","","","","","","","","",""
"593.02759173","2026-05-12 19:14:13.897731","/home/sc28/SC-28/1_definition/SC-28/camera.py","capture_and_detect","264","","","","","","","","","","","","","","","","0.0","","","","","","","","","","","","","","","","","","","","","","","","","","","","","",""
"593.030608252","2026-05-12 19:14:13.900752","/home/sc28/SC-28/1_definition/SC-28/camera.py","capture_and_detect","265","","","","","","","","","","","","","","","","","","320","240","","","","","","","","","","","","","","","","","","","","","","","","","","",""
"593.0335216","2026-05-12 19:14:13.903664","/home/sc28/SC-28/1_definition/SC-28/camera.py","capture_and_detect","266","","","","","","","","","","","","","","","","","","","","640","480","","","","","","","","","","","","","","","","","","","","","","","","",""
"593.606678118","2026-05-12 19:14:14.476824","/home/sc28/SC-28/1_definition/SC-28/camera.py","capture_and_detect","263","","","","","","","","","","","","","","","","","0","","","","","","","","","","","","","","","","","","","","","","","","","","","","",""
"593.613523014","2026-05-12 19:14:14.483673","/home/sc28/SC-28/1_definition/SC-28/camera.py","capture_and_detect","264","","","","","","","","","","","","","","","","0.0","","","","","","","","","","","","","","","","","","","","","","","","","","","","","",""
"593.617124624","2026-05-12 19:14:14.487274","/home/sc28/SC-28/1_definition/SC-28/camera.py","capture_and_detect","265","","","","","","","","","","","","","","","","","","320","240","","","","","","","","","","","","","","","","","","","","","","","","","","",""
"593.620734306","2026-05-12 19:14:14.490884","/home/sc28/SC-28/1_definition/SC-28/camera.py","capture_and_detect","266","","","","","","","","","","","","","","","","","","","","640","480","","","","","","","","","","","","","","","","","","","","","","","","",""
"594.209421908","2026-05-12 19:14:15.079565","/home/sc28/SC-28/1_definition/SC-28/camera.py","capture_and_detect","263","","","","","","","","","","","","","","","","","0","","","","","","","","","","","","","","","","","","","","","","","","","","","","",""
"594.217859935","2026-05-12 19:14:15.088001","/home/sc28/SC-28/1_definition/SC-28/camera.py","capture_and_detect","264","","","","","","","","","","","","","","","","0.0","","","","","","","","","","","","","","","","","","","","","","","","","","","","","",""
"594.220749639","2026-05-12 19:14:15.090893","/home/sc28/SC-28/1_definition/SC-28/camera.py","capture_and_detect","265","","","","","","","","","","","","","","","","","","320","240","","","","","","","","","","","","","","","","","","","","","","","","","","",""
"594.227248506","2026-05-12 19:14:15.097394","/home/sc28/SC-28/1_definition/SC-28/camera.py","capture_and_detect","266","","","","","","","","","","","","","","","","","","","","640","480","","","","","","","","","","","","","","","","","","","","","","","","",""
"594.792062012","2026-05-12 19:14:15.662210","/home/sc28/SC-28/1_definition/SC-28/camera.py","capture_and_detect","263","","","","","","","","","","","","","","","","","0","","","","","","","","","","","","","","","","","","","","","","","","","","","","",""
"594.795335976","2026-05-12 19:14:15.665475","/home/sc28/SC-28/1_definition/SC-28/camera.py","capture_and_detect","264","","","","","","","","","","","","","","","","0.0","","","","","","","","","","","","","","","","","","","","","","","","","","","","","",""
"594.79818464","2026-05-12 19:14:15.668328","/home/sc28/SC-28/1_definition/SC-28/camera.py","capture_and_detect","265","","","","","","","","","","","","","","","","","","320","240","","","","","","","","","","","","","","","","","","","","","","","","","","",""
"594.800981639","2026-05-12 19:14:15.671123","/home/sc28/SC-28/1_definition/SC-28/camera.py","capture_and_detect","266","","","","","","","","","","","","","","","","","","","","640","480","","","","","","","","","","","","","","","","","","","","","","","","",""
"595.409272239","2026-05-12 19:14:16.279417","/home/sc28/SC-28/1_definition/SC-28/camera.py","capture_and_detect","263","","","","","","","","","","","","","","","","","0","","","","","","","","","","","","","","","","","","","","","","","","","","","","",""
"595.413799968","2026-05-12 19:14:16.283939","/home/sc28/SC-28/1_definition/SC-28/camera.py","capture_and_detect","264","","","","","","","","","","","","","","","","60.0","","","","","","","","","","","","","","","","","","","","","","","","","","","","","",""
"595.416651185","2026-05-12 19:14:16.286793","/home/sc28/SC-28/1_definition/SC-28/camera.py","capture_and_detect","265","","","","","","","","","","","","","","","","","","348","457","","","","","","","","","","","","","","","","","","","","","","","","","","",""
"595.419410738","2026-05-12 19:14:16.289551","/home/sc28/SC-28/1_definition/SC-28/camera.py","capture_and_detect","266","","","","","","","","","","","","","","","","","","","","640","480","","","","","","","","","","","","","","","","","","","","","","","","",""
"595.997735288","2026-05-12 19:14:16.867877","/home/sc28/SC-28/1_definition/SC-28/camera.py","capture_and_detect","263","","","","","","","","","","","","","","","","","1","","","","","","","","","","","","","","","","","","","","","","","","","","","","",""
"596.001269713","2026-05-12 19:14:16.871403","/home/sc28/SC-28/1_definition/SC-28/camera.py","capture_and_detect","264","","","","","","","","","","","","","","","","1680.5","","","","","","","","","","","","","","","","","","","","","","","","","","","","","",""
"596.004166658","2026-05-12 19:14:16.874311","/home/sc28/SC-28/1_definition/SC-28/camera.py","capture_and_detect","265","","","","","","","","","","","","","","","","","","259","412","","","","","","","","","","","","","","","","","","","","","","","","","","",""
"596.007058603","2026-05-12 19:14:16.877206","/home/sc28/SC-28/1_definition/SC-28/camera.py","capture_and_detect","266","","","","","","","","","","","","","","","","","","","","640","480","","","","","","","","","","","","","","","","","","","","","","","","",""
"596.591983331","2026-05-12 19:14:17.462204","/home/sc28/SC-28/1_definition/SC-28/camera.py","capture_and_detect","263","","","","","","","","","","","","","","","","","1","","","","","","","","","","","","","","","","","","","","","","","","","","","","",""
"596.602365941","2026-05-12 19:14:17.472502","/home/sc28/SC-28/1_definition/SC-28/camera.py","capture_and_detect","264","","","","","","","","","","","","","","","","4292.5","","","","","","","","","","","","","","","","","","","","","","","","","","","","","",""
"596.605602355","2026-05-12 19:14:17.475751","/home/sc28/SC-28/1_definition/SC-28/camera.py","capture_and_detect","265","","","","","","","","","","","","","","","","","","302","413","","","","","","","","","","","","","","","","","","","","","","","","","","",""
"596.608895643","2026-05-12 19:14:17.479044","/home/sc28/SC-28/1_definition/SC-28/camera.py","capture_and_detect","266","","","","","","","","","","","","","","","","","","","","640","480","","","","","","","","","","","","","","","","","","","","","","","","",""
"603.864929426","2026-05-12 19:14:24.735075","/home/sc28/SC-28/1_definition/SC-28/camera.py","capture_and_detect","263","","","","","","","","","","","","","","","","","1","","","","","","","","","","","","","","","","","","","","","","","","","","","","",""
"603.875522412","2026-05-12 19:14:24.745661","/home/sc28/SC-28/1_definition/SC-28/camera.py","capture_and_detect","264","","","","","","","","","","","","","","","","3293.5","","","","","","","","","","","","","","","","","","","","","","","","","","","","","",""
"603.879901404","2026-05-12 19:14:24.750045","/home/sc28/SC-28/1_definition/SC-28/camera.py","capture_and_detect","265","","","","","","","","","","","","","","","","","","297","193","","","","","","","","","","","","","","","","","","","","","","","","","","",""
"603.88822737","2026-05-12 19:14:24.758372","/home/sc28/SC-28/1_definition/SC-28/camera.py","capture_and_detect","266","","","","","","","","","","","","","","","","","","","","640","480","","","","","","","","","","","","","","","","","","","","","","","","",""
"606.473071176","2026-05-12 19:14:27.343216","/home/sc28/SC-28/1_definition/SC-28/camera.py","capture_and_detect","263","","","","","","","","","","","","","","","","","0","","","","","","","","","","","","","","","","","","","","","","","","","","","","",""
"606.478329158","2026-05-12 19:14:27.348466","/home/sc28/SC-28/1_definition/SC-28/camera.py","capture_and_detect","264","","","","","","","","","","","","","","","","253.5","","","","","","","","","","","","","","","","","","","","","","","","","","","","","",""
"606.4815523","2026-05-12 19:14:27.351700","/home/sc28/SC-28/1_definition/SC-28/camera.py","capture_and_detect","265","","","","","","","","","","","","","","","","","","304","356","","","","","","","","","","","","","","","","","","","","","","","","","","",""
"606.488300085","2026-05-12 19:14:27.358449","/home/sc28/SC-28/1_definition/SC-28/camera.py","capture_and_detect","266","","","","","","","","","","","","","","","","","","","","640","480","","","","","","","","","","","","","","","","","","","","","","","","",""
"606.578352533","2026-05-12 19:14:27.448501","/home/sc28/SC-28/1_definition/SC-28/camera.py","capture_and_detect","263","","","","","","","","","","","","","","","","","0","","","","","","","","","","","","","","","","","","","","","","","","","","","","",""
"606.583564943","2026-05-12 19:14:27.453704","/home/sc28/SC-28/1_definition/SC-28/camera.py","capture_and_detect","264","","","","","","","","","","","","","","","","61.0","","","","","","","","","","","","","","","","","","","","","","","","","","","","","",""
"606.586569133","2026-05-12 19:14:27.456712","/home/sc28/SC-28/1_definition/SC-28/camera.py","capture_and_detect","265","","","","","","","","","","","","","","","","","","265","418","","","","","","","","","","","","","","","","","","","","","","","","","","",""
"606.589339943","2026-05-12 19:14:27.459481","/home/sc28/SC-28/1_definition/SC-28/camera.py","capture_and_detect","266","","","","","","","","","","","","","","","","","","","","640","480","","","","","","","","","","","","","","","","","","","","","","","","",""
"606.661073722","2026-05-12 19:14:27.531218","/home/sc28/SC-28/1_definition/SC-28/camera.py","capture_and_detect","263","","","","","","","","","","","","","","","","","0","","","","","","","","","","","","","","","","","","","","","","","","","","","","",""
"606.664563627","2026-05-12 19:14:27.534698","/home/sc28/SC-28/1_definition/SC-28/camera.py","capture_and_detect","264","","","","","","","","","","","","","","","","87.5","","","","","","","","","","","","","","","","","","","","","","","","","","","","","",""
"606.667396467","2026-05-12 19:14:27.537537","/home/sc28/SC-28/1_definition/SC-28/camera.py","capture_and_detect","265","","","","","","","","","","","","","","","","","","303","416","","","","","","","","","","","","","","","","","","","","","","","","","","",""
"606.6701516","2026-05-12 19:14:27.540292","/home/sc28/SC-28/1_definition/SC-28/camera.py","capture_and_detect","266","","","","","","","","","","","","","","","","","","","","640","480","","","","","","","","","","","","","","","","","","","","","","","","",""
"606.741224408","2026-05-12 19:14:27.611369","/home/sc28/SC-28/1_definition/SC-28/camera.py","capture_and_detect","263","","","","","","","","","","","","","","","","","0","","","","","","","","","","","","","","","","","","","","","","","","","","","","",""
"606.745075397","2026-05-12 19:14:27.615217","/home/sc28/SC-28/1_definition/SC-28/camera.py","capture_and_detect","264","","","","","","","","","","","","","","","","263.0","","","","","","","","","","","","","","","","","","","","","","","","","","","","","",""
"606.751815422","2026-05-12 19:14:27.621961","/home/sc28/SC-28/1_definition/SC-28/camera.py","capture_and_detect","265","","","","","","","","","","","","","","","","","","320","415","","","","","","","","","","","","","","","","","","","","","","","","","","",""
"606.756647947","2026-05-12 19:14:27.626796","/home/sc28/SC-28/1_definition/SC-28/camera.py","capture_and_detect","266","","","","","","","","","","","","","","","","","","","","640","480","","","","","","","","","","","","","","","","","","","","","","","","",""
"606.829181132","2026-05-12 19:14:27.699325","/home/sc28/SC-28/1_definition/SC-28/camera.py","capture_and_detect","263","","","","","","","","","","","","","","","","","0","","","","","","","","","","","","","","","","","","","","","","","","","","","","",""
"606.832703276","2026-05-12 19:14:27.702843","/home/sc28/SC-28/1_definition/SC-28/camera.py","capture_and_detect","264","","","","","","","","","","","","","","","","163.0","","","","","","","","","","","","","","","","","","","","","","","","","","","","","",""
"606.835721943","2026-05-12 19:14:27.705872","/home/sc28/SC-28/1_definition/SC-28/camera.py","capture_and_detect","265","","","","","","","","","","","","","","","","","","631","379","","","","","","","","","","","","","","","","","","","","","","","","","","",""
"606.84255556","2026-05-12 19:14:27.712709","/home/sc28/SC-28/1_definition/SC-28/camera.py","capture_and_detect","266","","","","","","","","","","","","","","","","","","","","640","480","","","","","","","","","","","","","","","","","","","","","","","","",""
"606.91667766","2026-05-12 19:14:27.786821","/home/sc28/SC-28/1_definition/SC-28/camera.py","capture_and_detect","263","","","","","","","","","","","","","","","","","0","","","","","","","","","","","","","","","","","","","","","","","","","","","","",""
"606.920095015","2026-05-12 19:14:27.790228","/home/sc28/SC-28/1_definition/SC-28/camera.py","capture_and_detect","264","","","","","","","","","","","","","","","","194.5","","","","","","","","","","","","","","","","","","","","","","","","","","","","","",""
"606.922873012","2026-05-12 19:14:27.793013","/home/sc28/SC-28/1_definition/SC-28/camera.py","capture_and_detect","265","","","","","","","","","","","","","","","","","","628","364","","","","","","","","","","","","","","","","","","","","","","","","","","",""
"606.925750382","2026-05-12 19:14:27.795896","/home/sc28/SC-28/1_definition/SC-28/camera.py","capture_and_detect","266","","","","","","","","","","","","","","","","","","","","640","480","","","","","","","","","","","","","","","","","","","","","","","","",""
"607.006882656","2026-05-12 19:14:27.877025","/home/sc28/SC-28/1_definition/SC-28/camera.py","capture_and_detect","263","","","","","","","","","","","","","","","","","0","","","","","","","","","","","","","","","","","","","","","","","","","","","","",""
"607.013965901","2026-05-12 19:14:27.884104","/home/sc28/SC-28/1_definition/SC-28/camera.py","capture_and_detect","264","","","","","","","","","","","","","","","","269.0","","","","","","","","","","","","","","","","","","","","","","","","","","","","","",""
"607.016838427","2026-05-12 19:14:27.886982","/home/sc28/SC-28/1_definition/SC-28/camera.py","capture_and_detect","265","","","","","","","","","","","","","","","","","","621","341","","","","","","","","","","","","","","","","","","","","","","","","","","",""
"607.019597102","2026-05-12 19:14:27.889738","/home/sc28/SC-28/1_definition/SC-28/camera.py","capture_and_detect","266","","","","","","","","","","","","","","","","","","","","640","480","","","","","","","","","","","","","","","","","","","","","","","","",""
"607.092962191","2026-05-12 19:14:27.963105","/home/sc28/SC-28/1_definition/SC-28/camera.py","capture_and_detect","263","","","","","","","","","","","","","","","","","2","","","","","","","","","","","","","","","","","","","","","","","","","","","","",""
"607.096360067","2026-05-12 19:14:27.966495","/home/sc28/SC-28/1_definition/SC-28/camera.py","capture_and_detect","264","","","","","","","","","","","","","","","","449.5","","","","","","","","","","","","","","","","","","","","","","","","","","","","","",""
"607.104225947","2026-05-12 19:14:27.974371","/home/sc28/SC-28/1_definition/SC-28/camera.py","capture_and_detect","265","","","","","","","","","","","","","","","","","","616","337","","","","","","","","","","","","","","","","","","","","","","","","","","",""
"607.107097275","2026-05-12 19:14:27.977237","/home/sc28/SC-28/1_definition/SC-28/camera.py","capture_and_detect","266","","","","","","","","","","","","","","","","","","","","640","480","","","","","","","","","","","","","","","","","","","","","","","","",""
"607.180795595","2026-05-12 19:14:28.050939","/home/sc28/SC-28/1_definition/SC-28/camera.py","capture_and_detect","263","","","","","","","","","","","","","","","","","2","","","","","","","","","","","","","","","","","","","","","","","","","","","","",""
"607.185025637","2026-05-12 19:14:28.055162","/home/sc28/SC-28/1_definition/SC-28/camera.py","capture_and_detect","264","","","","","","","","","","","","","","","","474.5","","","","","","","","","","","","","","","","","","","","","","","","","","","","","",""
"607.188230343","2026-05-12 19:14:28.058378","/home/sc28/SC-28/1_definition/SC-28/camera.py","capture_and_detect","265","","","","","","","","","","","","","","","","","","618","334","","","","","","","","","","","","","","","","","","","","","","","","","","",""
"607.191398278","2026-05-12 19:14:28.061547","/home/sc28/SC-28/1_definition/SC-28/camera.py","capture_and_detect","266","","","","","","","","","","","","","","","","","","","","640","480","","","","","","","","","","","","","","","","","","","","","","","","",""
"613.474600346","2026-05-12 19:14:34.344741","/home/sc28/SC-28/1_definition/SC-28/camera.py","capture_and_detect","263","","","","","","","","","","","","","","","","","2","","","","","","","","","","","","","","","","","","","","","","","","","","","","",""
"613.477933386","2026-05-12 19:14:34.348071","/home/sc28/SC-28/1_definition/SC-28/camera.py","capture_and_detect","264","","","","","","","","","","","","","","","","428.0","","","","","","","","","","","","","","","","","","","","","","","","","","","","","",""
"613.480769928","2026-05-12 19:14:34.350912","/home/sc28/SC-28/1_definition/SC-28/camera.py","capture_and_detect","265","","","","","","","","","","","","","","","","","","619","333","","","","","","","","","","","","","","","","","","","","","","","","","","",""
"613.483615324","2026-05-12 19:14:34.353756","/home/sc28/SC-28/1_definition/SC-28/camera.py","capture_and_detect","266","","","","","","","","","","","","","","","","","","","","640","480","","","","","","","","","","","","","","","","","","","","","","","","",""
"613.526530944","2026-05-12 19:14:34.396671","/home/sc28/SC-28/1_definition/SC-28/motordrive.py","set_values","198","","","","","","","","","","","","","","","","","","","","","","0.0","0.0","","","","","","","","","","","","","","","","","","","","","","",""
"613.851709967","2026-05-12 19:14:34.721844","/home/sc28/SC-28/1_definition/SC-28/motordrive.py","set_values","198","","","","","","","","","","","","","","","","","","","","","","0.07142857142857144","0.07142857142857144","","","","","","","","","","","","","","","","","","","","","","",""
"614.161954691","2026-05-12 19:14:35.032089","/home/sc28/SC-28/1_definition/SC-28/motordrive.py","set_values","198","","","","","","","","","","","","","","","","","","","","","","0.14285714285714288","0.14285714285714288","","","","","","","","","","","","","","","","","","","","","","",""
"614.478624105","2026-05-12 19:14:35.348761","/home/sc28/SC-28/1_definition/SC-28/motordrive.py","set_values","198","","","","","","","","","","","","","","","","","","","","","","0.21428571428571433","0.21428571428571433","","","","","","","","","","","","","","","","","","","","","","",""
"615.270782894","2026-05-12 19:14:36.140917","/home/sc28/SC-28/1_definition/SC-28/motordrive.py","set_values","198","","","","","","","","","","","","","","","","","","","","","","0.28571428571428575","0.28571428571428575","","","","","","","","","","","","","","","","","","","","","","",""
"615.445121582","2026-05-12 19:14:36.315258","/home/sc28/SC-28/1_definition/SC-28/motordrive.py","set_values","198","","","","","","","","","","","","","","","","","","","","","","0.35714285714285715","0.35714285714285715","","","","","","","","","","","","","","","","","","","","","","",""
"615.56702284","2026-05-12 19:14:36.437156","/home/sc28/SC-28/1_definition/SC-28/motordrive.py","set_values","198","","","","","","","","","","","","","","","","","","","","","","0.42857142857142866","0.42857142857142866","","","","","","","","","","","","","","","","","","","","","","",""
"615.856785344","2026-05-12 19:14:36.726926","/home/sc28/SC-28/1_definition/SC-28/motordrive.py","stop","142","","","","","","","","","","","","","","","","","","","","","","0.0","0.0","","","","","","","","","","","","","","","","","","","","","","",""
"616.021274384","2026-05-12 19:14:36.891422","/home/sc28/SC-28/1_definition/SC-28/camera.py","capture_and_detect","263","","","","","","","","","","","","","","","","","3","","","","","","","","","","","","","","","","","","","","","","","","","","","","",""
"616.024752422","2026-05-12 19:14:36.894888","/home/sc28/SC-28/1_definition/SC-28/camera.py","capture_and_detect","264","","","","","","","","","","","","","","","","1661.5","","","","","","","","","","","","","","","","","","","","","","","","","","","","","",""
"616.027963331","2026-05-12 19:14:36.898111","/home/sc28/SC-28/1_definition/SC-28/camera.py","capture_and_detect","265","","","","","","","","","","","","","","","","","","144","313","","","","","","","","","","","","","","","","","","","","","","","","","","",""
"616.03585433","2026-05-12 19:14:36.906000","/home/sc28/SC-28/1_definition/SC-28/camera.py","capture_and_detect","266","","","","","","","","","","","","","","","","","","","","640","480","","","","","","","","","","","","","","","","","","","","","","","","",""
"616.125769413","2026-05-12 19:14:36.995907","/home/sc28/SC-28/1_definition/SC-28/camera.py","capture_and_detect","263","","","","","","","","","","","","","","","","","3","","","","","","","","","","","","","","","","","","","","","","","","","","","","",""
"616.133914989","2026-05-12 19:14:37.004048","/home/sc28/SC-28/1_definition/SC-28/camera.py","capture_and_detect","264","","","","","","","","","","","","","","","","1656.5","","","","","","","","","","","","","","","","","","","","","","","","","","","","","",""
"616.136804812","2026-05-12 19:14:37.006947","/home/sc28/SC-28/1_definition/SC-28/camera.py","capture_and_detect","265","","","","","","","","","","","","","","","","","","144","304","","","","","","","","","","","","","","","","","","","","","","","","","","",""
"616.13958568","2026-05-12 19:14:37.009728","/home/sc28/SC-28/1_definition/SC-28/camera.py","capture_and_detect","266","","","","","","","","","","","","","","","","","","","","640","480","","","","","","","","","","","","","","","","","","","","","","","","",""
"616.207242952","2026-05-12 19:14:37.077388","/home/sc28/SC-28/1_definition/SC-28/camera.py","capture_and_detect","263","","","","","","","","","","","","","","","","","1","","","","","","","","","","","","","","","","","","","","","","","","","","","","",""
"616.210631045","2026-05-12 19:14:37.080769","/home/sc28/SC-28/1_definition/SC-28/camera.py","capture_and_detect","264","","","","","","","","","","","","","","","","1616.0","","","","","","","","","","","","","","","","","","","","","","","","","","","","","",""
"616.216904846","2026-05-12 19:14:37.087047","/home/sc28/SC-28/1_definition/SC-28/camera.py","capture_and_detect","265","","","","","","","","","","","","","","","","","","193","226","","","","","","","","","","","","","","","","","","","","","","","","","","",""
"616.219666809","2026-05-12 19:14:37.089807","/home/sc28/SC-28/1_definition/SC-28/camera.py","capture_and_detect","266","","","","","","","","","","","","","","","","","","","","640","480","","","","","","","","","","","","","","","","","","","","","","","","",""
"616.29173272","2026-05-12 19:14:37.161874","/home/sc28/SC-28/1_definition/SC-28/camera.py","capture_and_detect","263","","","","","","","","","","","","","","","","","3","","","","","","","","","","","","","","","","","","","","","","","","","","","","",""
"616.298028918","2026-05-12 19:14:37.168171","/home/sc28/SC-28/1_definition/SC-28/camera.py","capture_and_detect","264","","","","","","","","","","","","","","","","1617.0","","","","","","","","","","","","","","","","","","","","","","","","","","","","","",""
"616.301311232","2026-05-12 19:14:37.171459","/home/sc28/SC-28/1_definition/SC-28/camera.py","capture_and_detect","265","","","","","","","","","","","","","","","","","","142","299","","","","","","","","","","","","","","","","","","","","","","","","","","",""
"616.307863412","2026-05-12 19:14:37.178011","/home/sc28/SC-28/1_definition/SC-28/camera.py","capture_and_detect","266","","","","","","","","","","","","","","","","","","","","640","480","","","","","","","","","","","","","","","","","","","","","","","","",""
"622.559273055","2026-05-12 19:14:43.429414","/home/sc28/SC-28/1_definition/SC-28/camera.py","capture_and_detect","263","","","","","","","","","","","","","","","","","3","","","","","","","","","","","","","","","","","","","","","","","","","","","","",""
"622.562684433","2026-05-12 19:14:43.432822","/home/sc28/SC-28/1_definition/SC-28/camera.py","capture_and_detect","264","","","","","","","","","","","","","","","","1649.0","","","","","","","","","","","","","","","","","","","","","","","","","","","","","",""
"622.565461138","2026-05-12 19:14:43.435603","/home/sc28/SC-28/1_definition/SC-28/camera.py","capture_and_detect","265","","","","","","","","","","","","","","","","","","141","299","","","","","","","","","","","","","","","","","","","","","","","","","","",""
"622.568279873","2026-05-12 19:14:43.438423","/home/sc28/SC-28/1_definition/SC-28/camera.py","capture_and_detect","266","","","","","","","","","","","","","","","","","","","","640","480","","","","","","","","","","","","","","","","","","","","","","","","",""
"622.594219207","2026-05-12 19:14:43.464359","/home/sc28/SC-28/1_definition/SC-28/motordrive.py","set_values","198","","","","","","","","","","","","","","","","","","","","","","0.0","0.0","","","","","","","","","","","","","","","","","","","","","","",""
"622.630032318","2026-05-12 19:14:43.500166","/home/sc28/SC-28/1_definition/SC-28/motordrive.py","set_values","198","","","","","","","","","","","","","","","","","","","","","","0.07142857142857144","0.014285714285714289","","","","","","","","","","","","","","","","","","","","","","",""
"622.660366652","2026-05-12 19:14:43.530500","/home/sc28/SC-28/1_definition/SC-28/motordrive.py","set_values","198","","","","","","","","","","","","","","","","","","","","","","0.14285714285714288","0.028571428571428577","","","","","","","","","","","","","","","","","","","","","","",""
"622.690929523","2026-05-12 19:14:43.561063","/home/sc28/SC-28/1_definition/SC-28/motordrive.py","set_values","198","","","","","","","","","","","","","","","","","","","","","","0.21428571428571433","0.04285714285714287","","","","","","","","","","","","","","","","","","","","","","",""
"622.721276773","2026-05-12 19:14:43.591410","/home/sc28/SC-28/1_definition/SC-28/motordrive.py","set_values","198","","","","","","","","","","","","","","","","","","","","","","0.28571428571428575","0.057142857142857155","","","","","","","","","","","","","","","","","","","","","","",""
"622.751354707","2026-05-12 19:14:43.621488","/home/sc28/SC-28/1_definition/SC-28/motordrive.py","set_values","198","","","","","","","","","","","","","","","","","","","","","","0.35714285714285715","0.07142857142857144","","","","","","","","","","","","","","","","","","","","","","",""
"622.784913288","2026-05-12 19:14:43.655046","/home/sc28/SC-28/1_definition/SC-28/motordrive.py","set_values","198","","","","","","","","","","","","","","","","","","","","","","0.42857142857142866","0.08571428571428574","","","","","","","","","","","","","","","","","","","","","","",""
"623.073793431","2026-05-12 19:14:43.943933","/home/sc28/SC-28/1_definition/SC-28/motordrive.py","stop","142","","","","","","","","","","","","","","","","","","","","","","0.0","0.0","","","","","","","","","","","","","","","","","","","","","","",""
"623.235267755","2026-05-12 19:14:44.105409","/home/sc28/SC-28/1_definition/SC-28/camera.py","capture_and_detect","263","","","","","","","","","","","","","","","","","3","","","","","","","","","","","","","","","","","","","","","","","","","","","","",""
"623.238674029","2026-05-12 19:14:44.108811","/home/sc28/SC-28/1_definition/SC-28/camera.py","capture_and_detect","264","","","","","","","","","","","","","","","","1677.0","","","","","","","","","","","","","","","","","","","","","","","","","","","","","",""
"623.241488546","2026-05-12 19:14:44.111630","/home/sc28/SC-28/1_definition/SC-28/camera.py","capture_and_detect","265","","","","","","","","","","","","","","","","","","97","281","","","","","","","","","","","","","","","","","","","","","","","","","","",""
"623.247825169","2026-05-12 19:14:44.117967","/home/sc28/SC-28/1_definition/SC-28/camera.py","capture_and_detect","266","","","","","","","","","","","","","","","","","","","","640","480","","","","","","","","","","","","","","","","","","","","","","","","",""
"623.321875202","2026-05-12 19:14:44.192017","/home/sc28/SC-28/1_definition/SC-28/camera.py","capture_and_detect","263","","","","","","","","","","","","","","","","","3","","","","","","","","","","","","","","","","","","","","","","","","","","","","",""
"623.32529606","2026-05-12 19:14:44.195433","/home/sc28/SC-28/1_definition/SC-28/camera.py","capture_and_detect","264","","","","","","","","","","","","","","","","1646.0","","","","","","","","","","","","","","","","","","","","","","","","","","","","","",""
"623.328125108","2026-05-12 19:14:44.198265","/home/sc28/SC-28/1_definition/SC-28/camera.py","capture_and_detect","265","","","","","","","","","","","","","","","","","","92","281","","","","","","","","","","","","","","","","","","","","","","","","","","",""
"623.33090072","2026-05-12 19:14:44.201041","/home/sc28/SC-28/1_definition/SC-28/camera.py","capture_and_detect","266","","","","","","","","","","","","","","","","","","","","640","480","","","","","","","","","","","","","","","","","","","","","","","","",""
"623.403672294","2026-05-12 19:14:44.273814","/home/sc28/SC-28/1_definition/SC-28/camera.py","capture_and_detect","263","","","","","","","","","","","","","","","","","3","","","","","","","","","","","","","","","","","","","","","","","","","","","","",""
"623.410876812","2026-05-12 19:14:44.281020","/home/sc28/SC-28/1_definition/SC-28/camera.py","capture_and_detect","264","","","","","","","","","","","","","","","","1578.0","","","","","","","","","","","","","","","","","","","","","","","","","","","","","",""
"623.414076321","2026-05-12 19:14:44.284228","/home/sc28/SC-28/1_definition/SC-28/camera.py","capture_and_detect","265","","","","","","","","","","","","","","","","","","91","280","","","","","","","","","","","","","","","","","","","","","","","","","","",""
"623.41722708","2026-05-12 19:14:44.287379","/home/sc28/SC-28/1_definition/SC-28/camera.py","capture_and_detect","266","","","","","","","","","","","","","","","","","","","","640","480","","","","","","","","","","","","","","","","","","","","","","","","",""
"623.490531923","2026-05-12 19:14:44.360673","/home/sc28/SC-28/1_definition/SC-28/camera.py","capture_and_detect","263","","","","","","","","","","","","","","","","","3","","","","","","","","","","","","","","","","","","","","","","","","","","","","",""
"623.49394127","2026-05-12 19:14:44.364075","/home/sc28/SC-28/1_definition/SC-28/camera.py","capture_and_detect","264","","","","","","","","","","","","","","","","1375.5","","","","","","","","","","","","","","","","","","","","","","","","","","","","","",""
"623.49675886","2026-05-12 19:14:44.366898","/home/sc28/SC-28/1_definition/SC-28/camera.py","capture_and_detect","265","","","","","","","","","","","","","","","","","","85","277","","","","","","","","","","","","","","","","","","","","","","","","","","",""
"623.503121575","2026-05-12 19:14:44.373262","/home/sc28/SC-28/1_definition/SC-28/camera.py","capture_and_detect","266","","","","","","","","","","","","","","","","","","","","640","480","","","","","","","","","","","","","","","","","","","","","","","","",""
"629.780994821","2026-05-12 19:14:50.651137","/home/sc28/SC-28/1_definition/SC-28/camera.py","capture_and_detect","263","","","","","","","","","","","","","","","","","3","","","","","","","","","","","","","","","","","","","","","","","","","","","","",""
"629.830901627","2026-05-12 19:14:50.701036","/home/sc28/SC-28/1_definition/SC-28/camera.py","capture_and_detect","264","","","","","","","","","","","","","","","","1576.5","","","","","","","","","","","","","","","","","","","","","","","","","","","","","",""
"629.877183513","2026-05-12 19:14:50.747330","/home/sc28/SC-28/1_definition/SC-28/camera.py","capture_and_detect","265","","","","","","","","","","","","","","","","","","83","275","","","","","","","","","","","","","","","","","","","","","","","","","","",""
"629.926693974","2026-05-12 19:14:50.796840","/home/sc28/SC-28/1_definition/SC-28/camera.py","capture_and_detect","266","","","","","","","","","","","","","","","","","","","","640","480","","","","","","","","","","","","","","","","","","","","","","","","",""
"629.994457466","2026-05-12 19:14:50.864598","/home/sc28/SC-28/1_definition/SC-28/motordrive.py","set_values","198","","","","","","","","","","","","","","","","","","","","","","0.0","0.0","","","","","","","","","","","","","","","","","","","","","","",""
"630.068092128","2026-05-12 19:14:50.938225","/home/sc28/SC-28/1_definition/SC-28/motordrive.py","set_values","198","","","","","","","","","","","","","","","","","","","","","","0.014285714285714289","0.07142857142857144","","","","","","","","","","","","","","","","","","","","","","",""
"630.127633199","2026-05-12 19:14:50.997766","/home/sc28/SC-28/1_definition/SC-28/motordrive.py","set_values","198","","","","","","","","","","","","","","","","","","","","","","0.028571428571428577","0.14285714285714288","","","","","","","","","","","","","","","","","","","","","","",""
"630.157859562","2026-05-12 19:14:51.027993","/home/sc28/SC-28/1_definition/SC-28/motordrive.py","set_values","198","","","","","","","","","","","","","","","","","","","","","","0.04285714285714287","0.21428571428571433","","","","","","","","","","","","","","","","","","","","","","",""
"630.192363801","2026-05-12 19:14:51.062499","/home/sc28/SC-28/1_definition/SC-28/motordrive.py","set_values","198","","","","","","","","","","","","","","","","","","","","","","0.057142857142857155","0.28571428571428575","","","","","","","","","","","","","","","","","","","","","","",""
"630.222606363","2026-05-12 19:14:51.092741","/home/sc28/SC-28/1_definition/SC-28/motordrive.py","set_values","198","","","","","","","","","","","","","","","","","","","","","","0.07142857142857144","0.35714285714285715","","","","","","","","","","","","","","","","","","","","","","",""
"630.252814655","2026-05-12 19:14:51.122948","/home/sc28/SC-28/1_definition/SC-28/motordrive.py","set_values","198","","","","","","","","","","","","","","","","","","","","","","0.08571428571428574","0.42857142857142866","","","","","","","","","","","","","","","","","","","","","","",""
"630.54254097","2026-05-12 19:14:51.412681","/home/sc28/SC-28/1_definition/SC-28/motordrive.py","stop","142","","","","","","","","","","","","","","","","","","","","","","0.0","0.0","","","","","","","","","","","","","","","","","","","","","","",""
"630.709154377","2026-05-12 19:14:51.579295","/home/sc28/SC-28/1_definition/SC-28/camera.py","capture_and_detect","263","","","","","","","","","","","","","","","","","1","","","","","","","","","","","","","","","","","","","","","","","","","","","","",""
"630.712584093","2026-05-12 19:14:51.582722","/home/sc28/SC-28/1_definition/SC-28/camera.py","capture_and_detect","264","","","","","","","","","","","","","","","","391.0","","","","","","","","","","","","","","","","","","","","","","","","","","","","","",""
"630.715398562","2026-05-12 19:14:51.585538","/home/sc28/SC-28/1_definition/SC-28/camera.py","capture_and_detect","265","","","","","","","","","","","","","","","","","","454","465","","","","","","","","","","","","","","","","","","","","","","","","","","",""
"630.721442908","2026-05-12 19:14:51.591597","/home/sc28/SC-28/1_definition/SC-28/camera.py","capture_and_detect","266","","","","","","","","","","","","","","","","","","","","640","480","","","","","","","","","","","","","","","","","","","","","","","","",""
"630.797427013","2026-05-12 19:14:51.667572","/home/sc28/SC-28/1_definition/SC-28/camera.py","capture_and_detect","263","","","","","","","","","","","","","","","","","0","","","","","","","","","","","","","","","","","","","","","","","","","","","","",""
"630.804648624","2026-05-12 19:14:51.674793","/home/sc28/SC-28/1_definition/SC-28/camera.py","capture_and_detect","264","","","","","","","","","","","","","","","","263.0","","","","","","","","","","","","","","","","","","","","","","","","","","","","","",""
"630.807851626","2026-05-12 19:14:51.677999","/home/sc28/SC-28/1_definition/SC-28/camera.py","capture_and_detect","265","","","","","","","","","","","","","","","","","","7","280","","","","","","","","","","","","","","","","","","","","","","","","","","",""
"630.81154717","2026-05-12 19:14:51.681700","/home/sc28/SC-28/1_definition/SC-28/camera.py","capture_and_detect","266","","","","","","","","","","","","","","","","","","","","640","480","","","","","","","","","","","","","","","","","","","","","","","","",""
"630.884336189","2026-05-12 19:14:51.754480","/home/sc28/SC-28/1_definition/SC-28/camera.py","capture_and_detect","263","","","","","","","","","","","","","","","","","2","","","","","","","","","","","","","","","","","","","","","","","","","","","","",""
"630.887744759","2026-05-12 19:14:51.757883","/home/sc28/SC-28/1_definition/SC-28/camera.py","capture_and_detect","264","","","","","","","","","","","","","","","","841.0","","","","","","","","","","","","","","","","","","","","","","","","","","","","","",""
"630.890688444","2026-05-12 19:14:51.760832","/home/sc28/SC-28/1_definition/SC-28/camera.py","capture_and_detect","265","","","","","","","","","","","","","","","","","","606","96","","","","","","","","","","","","","","","","","","","","","","","","","","",""
"630.896992472","2026-05-12 19:14:51.767133","/home/sc28/SC-28/1_definition/SC-28/camera.py","capture_and_detect","266","","","","","","","","","","","","","","","","","","","","640","480","","","","","","","","","","","","","","","","","","","","","","","","",""
"630.967363888","2026-05-12 19:14:51.837507","/home/sc28/SC-28/1_definition/SC-28/camera.py","capture_and_detect","263","","","","","","","","","","","","","","","","","2","","","","","","","","","","","","","","","","","","","","","","","","","","","","",""
"630.970911882","2026-05-12 19:14:51.841053","/home/sc28/SC-28/1_definition/SC-28/camera.py","capture_and_detect","264","","","","","","","","","","","","","","","","1080.0","","","","","","","","","","","","","","","","","","","","","","","","","","","","","",""
"630.973956451","2026-05-12 19:14:51.844103","/home/sc28/SC-28/1_definition/SC-28/camera.py","capture_and_detect","265","","","","","","","","","","","","","","","","","","596","128","","","","","","","","","","","","","","","","","","","","","","","","","","",""
"630.976841179","2026-05-12 19:14:51.846984","/home/sc28/SC-28/1_definition/SC-28/camera.py","capture_and_detect","266","","","","","","","","","","","","","","","","","","","","640","480","","","","","","","","","","","","","","","","","","","","","","","","",""
"637.303383152","2026-05-12 19:14:58.173531","/home/sc28/SC-28/1_definition/SC-28/camera.py","capture_and_detect","263","","","","","","","","","","","","","","","","","1","","","","","","","","","","","","","","","","","","","","","","","","","","","","",""
"637.30724578","2026-05-12 19:14:58.177387","/home/sc28/SC-28/1_definition/SC-28/camera.py","capture_and_detect","264","","","","","","","","","","","","","","","","1757.0","","","","","","","","","","","","","","","","","","","","","","","","","","","","","",""
"637.312529785","2026-05-12 19:14:58.182677","/home/sc28/SC-28/1_definition/SC-28/camera.py","capture_and_detect","265","","","","","","","","","","","","","","","","","","410","237","","","","","","","","","","","","","","","","","","","","","","","","","","",""
"637.31893486","2026-05-12 19:14:58.189077","/home/sc28/SC-28/1_definition/SC-28/camera.py","capture_and_detect","266","","","","","","","","","","","","","","","","","","","","640","480","","","","","","","","","","","","","","","","","","","","","","","","",""
"637.343931217","2026-05-12 19:14:58.214071","/home/sc28/SC-28/1_definition/SC-28/motordrive.py","set_values","198","","","","","","","","","","","","","","","","","","","","","","-0.0","-0.0","","","","","","","","","","","","","","","","","","","","","","",""
"637.376852148","2026-05-12 19:14:58.246986","/home/sc28/SC-28/1_definition/SC-28/motordrive.py","set_values","198","","","","","","","","","","","","","","","","","","","","","","-0.07142857142857144","-0.07142857142857144","","","","","","","","","","","","","","","","","","","","","","",""
"637.407095167","2026-05-12 19:14:58.277229","/home/sc28/SC-28/1_definition/SC-28/motordrive.py","set_values","198","","","","","","","","","","","","","","","","","","","","","","-0.14285714285714288","-0.14285714285714288","","","","","","","","","","","","","","","","","","","","","","",""
"637.437063451","2026-05-12 19:14:58.307197","/home/sc28/SC-28/1_definition/SC-28/motordrive.py","set_values","198","","","","","","","","","","","","","","","","","","","","","","-0.21428571428571433","-0.21428571428571433","","","","","","","","","","","","","","","","","","","","","","",""
"637.470490935","2026-05-12 19:14:58.340624","/home/sc28/SC-28/1_definition/SC-28/motordrive.py","set_values","198","","","","","","","","","","","","","","","","","","","","","","-0.28571428571428575","-0.28571428571428575","","","","","","","","","","","","","","","","","","","","","","",""
"637.500537707","2026-05-12 19:14:58.370671","/home/sc28/SC-28/1_definition/SC-28/motordrive.py","set_values","198","","","","","","","","","","","","","","","","","","","","","","-0.35714285714285715","-0.35714285714285715","","","","","","","","","","","","","","","","","","","","","","",""
"637.530457191","2026-05-12 19:14:58.400591","/home/sc28/SC-28/1_definition/SC-28/motordrive.py","set_values","198","","","","","","","","","","","","","","","","","","","","","","-0.42857142857142866","-0.42857142857142866","","","","","","","","","","","","","","","","","","","","","","",""
"637.820737731","2026-05-12 19:14:58.690881","/home/sc28/SC-28/1_definition/SC-28/motordrive.py","stop","142","","","","","","","","","","","","","","","","","","","","","","0.0","0.0","","","","","","","","","","","","","","","","","","","","","","",""
"637.977225318","2026-05-12 19:14:58.847367","/home/sc28/SC-28/1_definition/SC-28/camera.py","capture_and_detect","263","","","","","","","","","","","","","","","","","1","","","","","","","","","","","","","","","","","","","","","","","","","","","","",""
"637.980509156","2026-05-12 19:14:58.850643","/home/sc28/SC-28/1_definition/SC-28/camera.py","capture_and_detect","264","","","","","","","","","","","","","","","","1357.5","","","","","","","","","","","","","","","","","","","","","","","","","","","","","",""
"637.986799703","2026-05-12 19:14:58.856941","/home/sc28/SC-28/1_definition/SC-28/camera.py","capture_and_detect","265","","","","","","","","","","","","","","","","","","232","270","","","","","","","","","","","","","","","","","","","","","","","","","","",""
"637.989728236","2026-05-12 19:14:58.859876","/home/sc28/SC-28/1_definition/SC-28/camera.py","capture_and_detect","266","","","","","","","","","","","","","","","","","","","","640","480","","","","","","","","","","","","","","","","","","","","","","","","",""
"638.065868688","2026-05-12 19:14:58.936011","/home/sc28/SC-28/1_definition/SC-28/camera.py","capture_and_detect","263","","","","","","","","","","","","","","","","","1","","","","","","","","","","","","","","","","","","","","","","","","","","","","",""
"638.07509235","2026-05-12 19:14:58.945233","/home/sc28/SC-28/1_definition/SC-28/camera.py","capture_and_detect","264","","","","","","","","","","","","","","","","1336.0","","","","","","","","","","","","","","","","","","","","","","","","","","","","","",""
"638.078242337","2026-05-12 19:14:58.948393","/home/sc28/SC-28/1_definition/SC-28/camera.py","capture_and_detect","265","","","","","","","","","","","","","","","","","","234","263","","","","","","","","","","","","","","","","","","","","","","","","","","",""
"638.08497277","2026-05-12 19:14:58.955120","/home/sc28/SC-28/1_definition/SC-28/camera.py","capture_and_detect","266","","","","","","","","","","","","","","","","","","","","640","480","","","","","","","","","","","","","","","","","","","","","","","","",""
"638.155105486","2026-05-12 19:14:59.025251","/home/sc28/SC-28/1_definition/SC-28/camera.py","capture_and_detect","263","","","","","","","","","","","","","","","","","1","","","","","","","","","","","","","","","","","","","","","","","","","","","","",""
"638.15857203","2026-05-12 19:14:59.028723","/home/sc28/SC-28/1_definition/SC-28/camera.py","capture_and_detect","264","","","","","","","","","","","","","","","","1405.0","","","","","","","","","","","","","","","","","","","","","","","","","","","","","",""
"638.166281038","2026-05-12 19:14:59.036428","/home/sc28/SC-28/1_definition/SC-28/camera.py","capture_and_detect","265","","","","","","","","","","","","","","","","","","230","262","","","","","","","","","","","","","","","","","","","","","","","","","","",""
"638.169712946","2026-05-12 19:14:59.039861","/home/sc28/SC-28/1_definition/SC-28/camera.py","capture_and_detect","266","","","","","","","","","","","","","","","","","","","","640","480","","","","","","","","","","","","","","","","","","","","","","","","",""
"638.23915631","2026-05-12 19:14:59.109297","/home/sc28/SC-28/1_definition/SC-28/camera.py","capture_and_detect","263","","","","","","","","","","","","","","","","","1","","","","","","","","","","","","","","","","","","","","","","","","","","","","",""
"638.245989659","2026-05-12 19:14:59.116122","/home/sc28/SC-28/1_definition/SC-28/camera.py","capture_and_detect","264","","","","","","","","","","","","","","","","1453.5","","","","","","","","","","","","","","","","","","","","","","","","","","","","","",""
"638.248839288","2026-05-12 19:14:59.118981","/home/sc28/SC-28/1_definition/SC-28/camera.py","capture_and_detect","265","","","","","","","","","","","","","","","","","","229","263","","","","","","","","","","","","","","","","","","","","","","","","","","",""
"638.251628293","2026-05-12 19:14:59.121769","/home/sc28/SC-28/1_definition/SC-28/camera.py","capture_and_detect","266","","","","","","","","","","","","","","","","","","","","640","480","","","","","","","","","","","","","","","","","","","","","","","","",""
"644.524256533","2026-05-12 19:15:05.394399","/home/sc28/SC-28/1_definition/SC-28/camera.py","capture_and_detect","263","","","","","","","","","","","","","","","","","1","","","","","","","","","","","","","","","","","","","","","","","","","","","","",""
"644.527539541","2026-05-12 19:15:05.397677","/home/sc28/SC-28/1_definition/SC-28/camera.py","capture_and_detect","264","","","","","","","","","","","","","","","","1488.0","","","","","","","","","","","","","","","","","","","","","","","","","","","","","",""
"644.53034808","2026-05-12 19:15:05.400489","/home/sc28/SC-28/1_definition/SC-28/camera.py","capture_and_detect","265","","","","","","","","","","","","","","","","","","232","256","","","","","","","","","","","","","","","","","","","","","","","","","","",""
"644.536922067","2026-05-12 19:15:05.407071","/home/sc28/SC-28/1_definition/SC-28/camera.py","capture_and_detect","266","","","","","","","","","","","","","","","","","","","","640","480","","","","","","","","","","","","","","","","","","","","","","","","",""
"644.561731739","2026-05-12 19:15:05.431872","/home/sc28/SC-28/1_definition/SC-28/motordrive.py","set_values","198","","","","","","","","","","","","","","","","","","","","","","0.0","0.0","","","","","","","","","","","","","","","","","","","","","","",""
"644.594018662","2026-05-12 19:15:05.464152","/home/sc28/SC-28/1_definition/SC-28/motordrive.py","set_values","198","","","","","","","","","","","","","","","","","","","","","","0.014285714285714289","0.07142857142857144","","","","","","","","","","","","","","","","","","","","","","",""
"644.624129585","2026-05-12 19:15:05.494264","/home/sc28/SC-28/1_definition/SC-28/motordrive.py","set_values","198","","","","","","","","","","","","","","","","","","","","","","0.028571428571428577","0.14285714285714288","","","","","","","","","","","","","","","","","","","","","","",""
"644.657730232","2026-05-12 19:15:05.527864","/home/sc28/SC-28/1_definition/SC-28/motordrive.py","set_values","198","","","","","","","","","","","","","","","","","","","","","","0.04285714285714287","0.21428571428571433","","","","","","","","","","","","","","","","","","","","","","",""
"644.687813708","2026-05-12 19:15:05.557948","/home/sc28/SC-28/1_definition/SC-28/motordrive.py","set_values","198","","","","","","","","","","","","","","","","","","","","","","0.057142857142857155","0.28571428571428575","","","","","","","","","","","","","","","","","","","","","","",""
"644.71829952","2026-05-12 19:15:05.588432","/home/sc28/SC-28/1_definition/SC-28/motordrive.py","set_values","198","","","","","","","","","","","","","","","","","","","","","","0.07142857142857144","0.35714285714285715","","","","","","","","","","","","","","","","","","","","","","",""
"644.748781895","2026-05-12 19:15:05.618915","/home/sc28/SC-28/1_definition/SC-28/motordrive.py","set_values","198","","","","","","","","","","","","","","","","","","","","","","0.08571428571428574","0.42857142857142866","","","","","","","","","","","","","","","","","","","","","","",""
"645.038377082","2026-05-12 19:15:05.908521","/home/sc28/SC-28/1_definition/SC-28/motordrive.py","stop","142","","","","","","","","","","","","","","","","","","","","","","0.0","0.0","","","","","","","","","","","","","","","","","","","","","","",""
"645.198614959","2026-05-12 19:15:06.068757","/home/sc28/SC-28/1_definition/SC-28/camera.py","capture_and_detect","263","","","","","","","","","","","","","","","","","3","","","","","","","","","","","","","","","","","","","","","","","","","","","","",""
"645.205503263","2026-05-12 19:15:06.075641","/home/sc28/SC-28/1_definition/SC-28/camera.py","capture_and_detect","264","","","","","","","","","","","","","","","","560.0","","","","","","","","","","","","","","","","","","","","","","","","","","","","","",""
"645.208337948","2026-05-12 19:15:06.078480","/home/sc28/SC-28/1_definition/SC-28/camera.py","capture_and_detect","265","","","","","","","","","","","","","","","","","","27","149","","","","","","","","","","","","","","","","","","","","","","","","","","",""
"645.211411691","2026-05-12 19:15:06.081561","/home/sc28/SC-28/1_definition/SC-28/camera.py","capture_and_detect","266","","","","","","","","","","","","","","","","","","","","640","480","","","","","","","","","","","","","","","","","","","","","","","","",""
"645.281012846","2026-05-12 19:15:06.151158","/home/sc28/SC-28/1_definition/SC-28/camera.py","capture_and_detect","263","","","","","","","","","","","","","","","","","0","","","","","","","","","","","","","","","","","","","","","","","","","","","","",""
"645.284782617","2026-05-12 19:15:06.154927","/home/sc28/SC-28/1_definition/SC-28/camera.py","capture_and_detect","264","","","","","","","","","","","","","","","","287.0","","","","","","","","","","","","","","","","","","","","","","","","","","","","","",""
"645.28782485","2026-05-12 19:15:06.157973","/home/sc28/SC-28/1_definition/SC-28/camera.py","capture_and_detect","265","","","","","","","","","","","","","","","","","","14","152","","","","","","","","","","","","","","","","","","","","","","","","","","",""
"645.301735727","2026-05-12 19:15:06.171887","/home/sc28/SC-28/1_definition/SC-28/camera.py","capture_and_detect","266","","","","","","","","","","","","","","","","","","","","640","480","","","","","","","","","","","","","","","","","","","","","","","","",""
"645.377610354","2026-05-12 19:15:06.247754","/home/sc28/SC-28/1_definition/SC-28/camera.py","capture_and_detect","263","","","","","","","","","","","","","","","","","0","","","","","","","","","","","","","","","","","","","","","","","","","","","","",""
"645.38108336","2026-05-12 19:15:06.251217","/home/sc28/SC-28/1_definition/SC-28/camera.py","capture_and_detect","264","","","","","","","","","","","","","","","","118.5","","","","","","","","","","","","","","","","","","","","","","","","","","","","","",""
"645.384051011","2026-05-12 19:15:06.254196","/home/sc28/SC-28/1_definition/SC-28/camera.py","capture_and_detect","265","","","","","","","","","","","","","","","","","","56","367","","","","","","","","","","","","","","","","","","","","","","","","","","",""
"645.386919341","2026-05-12 19:15:06.257060","/home/sc28/SC-28/1_definition/SC-28/camera.py","capture_and_detect","266","","","","","","","","","","","","","","","","","","","","640","480","","","","","","","","","","","","","","","","","","","","","","","","",""
"645.464555862","2026-05-12 19:15:06.334701","/home/sc28/SC-28/1_definition/SC-28/camera.py","capture_and_detect","263","","","","","","","","","","","","","","","","","0","","","","","","","","","","","","","","","","","","","","","","","","","","","","",""
"645.46784684","2026-05-12 19:15:06.337984","/home/sc28/SC-28/1_definition/SC-28/camera.py","capture_and_detect","264","","","","","","","","","","","","","","","","95.0","","","","","","","","","","","","","","","","","","","","","","","","","","","","","",""
"645.470904072","2026-05-12 19:15:06.341053","/home/sc28/SC-28/1_definition/SC-28/camera.py","capture_and_detect","265","","","","","","","","","","","","","","","","","","49","370","","","","","","","","","","","","","","","","","","","","","","","","","","",""
"645.474103281","2026-05-12 19:15:06.344252","/home/sc28/SC-28/1_definition/SC-28/camera.py","capture_and_detect","266","","","","","","","","","","","","","","","","","","","","640","480","","","","","","","","","","","","","","","","","","","","","","","","",""
"645.544428016","2026-05-12 19:15:06.414581","/home/sc28/SC-28/1_definition/SC-28/camera.py","capture_and_detect","263","","","","","","","","","","","","","","","","","0","","","","","","","","","","","","","","","","","","","","","","","","","","","","",""
"645.548281587","2026-05-12 19:15:06.418424","/home/sc28/SC-28/1_definition/SC-28/camera.py","capture_and_detect","264","","","","","","","","","","","","","","","","116.0","","","","","","","","","","","","","","","","","","","","","","","","","","","","","",""
"645.555146351","2026-05-12 19:15:06.425295","/home/sc28/SC-28/1_definition/SC-28/camera.py","capture_and_detect","265","","","","","","","","","","","","","","","","","","24","369","","","","","","","","","","","","","","","","","","","","","","","","","","",""
"645.558274988","2026-05-12 19:15:06.428423","/home/sc28/SC-28/1_definition/SC-28/camera.py","capture_and_detect","266","","","","","","","","","","","","","","","","","","","","640","480","","","","","","","","","","","","","","","","","","","","","","","","",""
"645.64515784","2026-05-12 19:15:06.515302","/home/sc28/SC-28/1_definition/SC-28/camera.py","capture_and_detect","263","","","","","","","","","","","","","","","","","0","","","","","","","","","","","","","","","","","","","","","","","","","","","","",""
"645.649889728","2026-05-12 19:15:06.520025","/home/sc28/SC-28/1_definition/SC-28/camera.py","capture_and_detect","264","","","","","","","","","","","","","","","","88.5","","","","","","","","","","","","","","","","","","","","","","","","","","","","","",""
"645.656774022","2026-05-12 19:15:06.526930","/home/sc28/SC-28/1_definition/SC-28/camera.py","capture_and_detect","265","","","","","","","","","","","","","","","","","","12","368","","","","","","","","","","","","","","","","","","","","","","","","","","",""
"645.663947529","2026-05-12 19:15:06.534093","/home/sc28/SC-28/1_definition/SC-28/camera.py","capture_and_detect","266","","","","","","","","","","","","","","","","","","","","640","480","","","","","","","","","","","","","","","","","","","","","","","","",""
"645.732790887","2026-05-12 19:15:06.602937","/home/sc28/SC-28/1_definition/SC-28/camera.py","capture_and_detect","263","","","","","","","","","","","","","","","","","0","","","","","","","","","","","","","","","","","","","","","","","","","","","","",""
"645.736427743","2026-05-12 19:15:06.606565","/home/sc28/SC-28/1_definition/SC-28/camera.py","capture_and_detect","264","","","","","","","","","","","","","","","","114.5","","","","","","","","","","","","","","","","","","","","","","","","","","","","","",""
"645.739656379","2026-05-12 19:15:06.609809","/home/sc28/SC-28/1_definition/SC-28/camera.py","capture_and_detect","265","","","","","","","","","","","","","","","","","","15","384","","","","","","","","","","","","","","","","","","","","","","","","","","",""
"645.746680618","2026-05-12 19:15:06.616829","/home/sc28/SC-28/1_definition/SC-28/camera.py","capture_and_detect","266","","","","","","","","","","","","","","","","","","","","640","480","","","","","","","","","","","","","","","","","","","","","","","","",""
"645.817325347","2026-05-12 19:15:06.687470","/home/sc28/SC-28/1_definition/SC-28/camera.py","capture_and_detect","263","","","","","","","","","","","","","","","","","0","","","","","","","","","","","","","","","","","","","","","","","","","","","","",""
"645.820784134","2026-05-12 19:15:06.690918","/home/sc28/SC-28/1_definition/SC-28/camera.py","capture_and_detect","264","","","","","","","","","","","","","","","","55.5","","","","","","","","","","","","","","","","","","","","","","","","","","","","","",""
"645.823637517","2026-05-12 19:15:06.693778","/home/sc28/SC-28/1_definition/SC-28/camera.py","capture_and_detect","265","","","","","","","","","","","","","","","","","","29","396","","","","","","","","","","","","","","","","","","","","","","","","","","",""
"645.82696891","2026-05-12 19:15:06.697118","/home/sc28/SC-28/1_definition/SC-28/camera.py","capture_and_detect","266","","","","","","","","","","","","","","","","","","","","640","480","","","","","","","","","","","","","","","","","","","","","","","","",""
"645.904248719","2026-05-12 19:15:06.774395","/home/sc28/SC-28/1_definition/SC-28/camera.py","capture_and_detect","263","","","","","","","","","","","","","","","","","0","","","","","","","","","","","","","","","","","","","","","","","","","","","","",""
"645.911162961","2026-05-12 19:15:06.781297","/home/sc28/SC-28/1_definition/SC-28/camera.py","capture_and_detect","264","","","","","","","","","","","","","","","","42.5","","","","","","","","","","","","","","","","","","","","","","","","","","","","","",""
"645.914140299","2026-05-12 19:15:06.784284","/home/sc28/SC-28/1_definition/SC-28/camera.py","capture_and_detect","265","","","","","","","","","","","","","","","","","","50","412","","","","","","","","","","","","","","","","","","","","","","","","","","",""
"645.917047951","2026-05-12 19:15:06.787192","/home/sc28/SC-28/1_definition/SC-28/camera.py","capture_and_detect","266","","","","","","","","","","","","","","","","","","","","640","480","","","","","","","","","","","","","","","","","","","","","","","","",""
"645.985907975","2026-05-12 19:15:06.856052","/home/sc28/SC-28/1_definition/SC-28/camera.py","capture_and_detect","263","","","","","","","","","","","","","","","","","0","","","","","","","","","","","","","","","","","","","","","","","","","","","","",""
"645.989646757","2026-05-12 19:15:06.859782","/home/sc28/SC-28/1_definition/SC-28/camera.py","capture_and_detect","264","","","","","","","","","","","","","","","","49.5","","","","","","","","","","","","","","","","","","","","","","","","","","","","","",""
"645.992688","2026-05-12 19:15:06.862836","/home/sc28/SC-28/1_definition/SC-28/camera.py","capture_and_detect","265","","","","","","","","","","","","","","","","","","63","431","","","","","","","","","","","","","","","","","","","","","","","","","","",""
"646.000847217","2026-05-12 19:15:06.870993","/home/sc28/SC-28/1_definition/SC-28/camera.py","capture_and_detect","266","","","","","","","","","","","","","","","","","","","","640","480","","","","","","","","","","","","","","","","","","","","","","","","",""
"646.072282972","2026-05-12 19:15:06.942429","/home/sc28/SC-28/1_definition/SC-28/camera.py","capture_and_detect","263","","","","","","","","","","","","","","","","","0","","","","","","","","","","","","","","","","","","","","","","","","","","","","",""
"646.075898996","2026-05-12 19:15:06.946036","/home/sc28/SC-28/1_definition/SC-28/camera.py","capture_and_detect","264","","","","","","","","","","","","","","","","206.5","","","","","","","","","","","","","","","","","","","","","","","","","","","","","",""
"646.079221328","2026-05-12 19:15:06.949369","/home/sc28/SC-28/1_definition/SC-28/camera.py","capture_and_detect","265","","","","","","","","","","","","","","","","","","18","242","","","","","","","","","","","","","","","","","","","","","","","","","","",""
"646.082910163","2026-05-12 19:15:06.953055","/home/sc28/SC-28/1_definition/SC-28/camera.py","capture_and_detect","266","","","","","","","","","","","","","","","","","","","","640","480","","","","","","","","","","","","","","","","","","","","","","","","",""
"646.15664593","2026-05-12 19:15:07.026789","/home/sc28/SC-28/1_definition/SC-28/camera.py","capture_and_detect","263","","","","","","","","","","","","","","","","","3","","","","","","","","","","","","","","","","","","","","","","","","","","","","",""
"646.160291485","2026-05-12 19:15:07.030436","/home/sc28/SC-28/1_definition/SC-28/camera.py","capture_and_detect","264","","","","","","","","","","","","","","","","361.0","","","","","","","","","","","","","","","","","","","","","","","","","","","","","",""
"646.163672305","2026-05-12 19:15:07.033826","/home/sc28/SC-28/1_definition/SC-28/camera.py","capture_and_detect","265","","","","","","","","","","","","","","","","","","28","273","","","","","","","","","","","","","","","","","","","","","","","","","","",""
"646.166926358","2026-05-12 19:15:07.037076","/home/sc28/SC-28/1_definition/SC-28/camera.py","capture_and_detect","266","","","","","","","","","","","","","","","","","","","","640","480","","","","","","","","","","","","","","","","","","","","","","","","",""
"646.239450854","2026-05-12 19:15:07.109596","/home/sc28/SC-28/1_definition/SC-28/camera.py","capture_and_detect","263","","","","","","","","","","","","","","","","","0","","","","","","","","","","","","","","","","","","","","","","","","","","","","",""
"646.242955162","2026-05-12 19:15:07.113094","/home/sc28/SC-28/1_definition/SC-28/camera.py","capture_and_detect","264","","","","","","","","","","","","","","","","271.0","","","","","","","","","","","","","","","","","","","","","","","","","","","","","",""
"646.249718522","2026-05-12 19:15:07.119867","/home/sc28/SC-28/1_definition/SC-28/camera.py","capture_and_detect","265","","","","","","","","","","","","","","","","","","45","294","","","","","","","","","","","","","","","","","","","","","","","","","","",""
"646.253506731","2026-05-12 19:15:07.123658","/home/sc28/SC-28/1_definition/SC-28/camera.py","capture_and_detect","266","","","","","","","","","","","","","","","","","","","","640","480","","","","","","","","","","","","","","","","","","","","","","","","",""
"646.324306937","2026-05-12 19:15:07.194453","/home/sc28/SC-28/1_definition/SC-28/camera.py","capture_and_detect","263","","","","","","","","","","","","","","","","","0","","","","","","","","","","","","","","","","","","","","","","","","","","","","",""
"646.327819162","2026-05-12 19:15:07.197952","/home/sc28/SC-28/1_definition/SC-28/camera.py","capture_and_detect","264","","","","","","","","","","","","","","","","288.5","","","","","","","","","","","","","","","","","","","","","","","","","","","","","",""
"646.330854104","2026-05-12 19:15:07.201001","/home/sc28/SC-28/1_definition/SC-28/camera.py","capture_and_detect","265","","","","","","","","","","","","","","","","","","71","316","","","","","","","","","","","","","","","","","","","","","","","","","","",""
"646.339645237","2026-05-12 19:15:07.209803","/home/sc28/SC-28/1_definition/SC-28/camera.py","capture_and_detect","266","","","","","","","","","","","","","","","","","","","","640","480","","","","","","","","","","","","","","","","","","","","","","","","",""
"646.413777567","2026-05-12 19:15:07.283922","/home/sc28/SC-28/1_definition/SC-28/camera.py","capture_and_detect","263","","","","","","","","","","","","","","","","","0","","","","","","","","","","","","","","","","","","","","","","","","","","","","",""
"646.417739783","2026-05-12 19:15:07.287891","/home/sc28/SC-28/1_definition/SC-28/camera.py","capture_and_detect","264","","","","","","","","","","","","","","","","152.0","","","","","","","","","","","","","","","","","","","","","","","","","","","","","",""
"646.421582835","2026-05-12 19:15:07.291748","/home/sc28/SC-28/1_definition/SC-28/camera.py","capture_and_detect","265","","","","","","","","","","","","","","","","","","227","382","","","","","","","","","","","","","","","","","","","","","","","","","","",""
"646.425042248","2026-05-12 19:15:07.295191","/home/sc28/SC-28/1_definition/SC-28/camera.py","capture_and_detect","266","","","","","","","","","","","","","","","","","","","","640","480","","","","","","","","","","","","","","","","","","","","","","","","",""
"646.496259269","2026-05-12 19:15:07.366402","/home/sc28/SC-28/1_definition/SC-28/camera.py","capture_and_detect","263","","","","","","","","","","","","","","","","","1","","","","","","","","","","","","","","","","","","","","","","","","","","","","",""
"646.503292572","2026-05-12 19:15:07.373430","/home/sc28/SC-28/1_definition/SC-28/camera.py","capture_and_detect","264","","","","","","","","","","","","","","","","355.5","","","","","","","","","","","","","","","","","","","","","","","","","","","","","",""
"646.506438814","2026-05-12 19:15:07.376586","/home/sc28/SC-28/1_definition/SC-28/camera.py","capture_and_detect","265","","","","","","","","","","","","","","","","","","284","380","","","","","","","","","","","","","","","","","","","","","","","","","","",""
"646.510095306","2026-05-12 19:15:07.380241","/home/sc28/SC-28/1_definition/SC-28/camera.py","capture_and_detect","266","","","","","","","","","","","","","","","","","","","","640","480","","","","","","","","","","","","","","","","","","","","","","","","",""
"646.582919641","2026-05-12 19:15:07.453062","/home/sc28/SC-28/1_definition/SC-28/camera.py","capture_and_detect","263","","","","","","","","","","","","","","","","","1","","","","","","","","","","","","","","","","","","","","","","","","","","","","",""
"646.586409522","2026-05-12 19:15:07.456554","/home/sc28/SC-28/1_definition/SC-28/camera.py","capture_and_detect","264","","","","","","","","","","","","","","","","630.0","","","","","","","","","","","","","","","","","","","","","","","","","","","","","",""
"646.589561076","2026-05-12 19:15:07.459707","/home/sc28/SC-28/1_definition/SC-28/camera.py","capture_and_detect","265","","","","","","","","","","","","","","","","","","330","355","","","","","","","","","","","","","","","","","","","","","","","","","","",""
"646.596848749","2026-05-12 19:15:07.466996","/home/sc28/SC-28/1_definition/SC-28/camera.py","capture_and_detect","266","","","","","","","","","","","","","","","","","","","","640","480","","","","","","","","","","","","","","","","","","","","","","","","",""
"646.679642944","2026-05-12 19:15:07.549781","/home/sc28/SC-28/1_definition/SC-28/camera.py","capture_and_detect","263","","","","","","","","","","","","","","","","","1","","","","","","","","","","","","","","","","","","","","","","","","","","","","",""
"646.684534726","2026-05-12 19:15:07.554674","/home/sc28/SC-28/1_definition/SC-28/camera.py","capture_and_detect","264","","","","","","","","","","","","","","","","742.0","","","","","","","","","","","","","","","","","","","","","","","","","","","","","",""
"646.688864122","2026-05-12 19:15:07.559010","/home/sc28/SC-28/1_definition/SC-28/camera.py","capture_and_detect","265","","","","","","","","","","","","","","","","","","361","357","","","","","","","","","","","","","","","","","","","","","","","","","","",""
"646.695250406","2026-05-12 19:15:07.565395","/home/sc28/SC-28/1_definition/SC-28/camera.py","capture_and_detect","266","","","","","","","","","","","","","","","","","","","","640","480","","","","","","","","","","","","","","","","","","","","","","","","",""
"646.765371563","2026-05-12 19:15:07.635515","/home/sc28/SC-28/1_definition/SC-28/camera.py","capture_and_detect","263","","","","","","","","","","","","","","","","","1","","","","","","","","","","","","","","","","","","","","","","","","","","","","",""
"646.769493619","2026-05-12 19:15:07.639630","/home/sc28/SC-28/1_definition/SC-28/camera.py","capture_and_detect","264","","","","","","","","","","","","","","","","619.5","","","","","","","","","","","","","","","","","","","","","","","","","","","","","",""
"646.772664704","2026-05-12 19:15:07.642816","/home/sc28/SC-28/1_definition/SC-28/camera.py","capture_and_detect","265","","","","","","","","","","","","","","","","","","357","369","","","","","","","","","","","","","","","","","","","","","","","","","","",""
"646.775963235","2026-05-12 19:15:07.646112","/home/sc28/SC-28/1_definition/SC-28/camera.py","capture_and_detect","266","","","","","","","","","","","","","","","","","","","","640","480","","","","","","","","","","","","","","","","","","","","","","","","",""
"653.111564153","2026-05-12 19:15:13.981704","/home/sc28/SC-28/1_definition/SC-28/camera.py","capture_and_detect","263","","","","","","","","","","","","","","","","","1","","","","","","","","","","","","","","","","","","","","","","","","","","","","",""
"653.118879229","2026-05-12 19:15:13.989012","/home/sc28/SC-28/1_definition/SC-28/camera.py","capture_and_detect","264","","","","","","","","","","","","","","","","512.5","","","","","","","","","","","","","","","","","","","","","","","","","","","","","",""
"653.121976672","2026-05-12 19:15:13.992122","/home/sc28/SC-28/1_definition/SC-28/camera.py","capture_and_detect","265","","","","","","","","","","","","","","","","","","357","388","","","","","","","","","","","","","","","","","","","","","","","","","","",""
"653.124835996","2026-05-12 19:15:13.994979","/home/sc28/SC-28/1_definition/SC-28/camera.py","capture_and_detect","266","","","","","","","","","","","","","","","","","","","","640","480","","","","","","","","","","","","","","","","","","","","","","","","",""
"653.204576539","2026-05-12 19:15:14.074727","/home/sc28/SC-28/1_definition/SC-28/camera.py","capture_and_detect","263","","","","","","","","","","","","","","","","","1","","","","","","","","","","","","","","","","","","","","","","","","","","","","",""
"653.209577803","2026-05-12 19:15:14.079717","/home/sc28/SC-28/1_definition/SC-28/camera.py","capture_and_detect","264","","","","","","","","","","","","","","","","620.0","","","","","","","","","","","","","","","","","","","","","","","","","","","","","",""
"653.215999875","2026-05-12 19:15:14.086177","/home/sc28/SC-28/1_definition/SC-28/camera.py","capture_and_detect","265","","","","","","","","","","","","","","","","","","182","299","","","","","","","","","","","","","","","","","","","","","","","","","","",""
"653.2188955","2026-05-12 19:15:14.089036","/home/sc28/SC-28/1_definition/SC-28/camera.py","capture_and_detect","266","","","","","","","","","","","","","","","","","","","","640","480","","","","","","","","","","","","","","","","","","","","","","","","",""
"653.303640018","2026-05-12 19:15:14.173782","/home/sc28/SC-28/1_definition/SC-28/camera.py","capture_and_detect","263","","","","","","","","","","","","","","","","","3","","","","","","","","","","","","","","","","","","","","","","","","","","","","",""
"653.307139017","2026-05-12 19:15:14.177277","/home/sc28/SC-28/1_definition/SC-28/camera.py","capture_and_detect","264","","","","","","","","","","","","","","","","342.0","","","","","","","","","","","","","","","","","","","","","","","","","","","","","",""
"653.311352171","2026-05-12 19:15:14.181497","/home/sc28/SC-28/1_definition/SC-28/camera.py","capture_and_detect","265","","","","","","","","","","","","","","","","","","155","297","","","","","","","","","","","","","","","","","","","","","","","","","","",""
"653.317948354","2026-05-12 19:15:14.188097","/home/sc28/SC-28/1_definition/SC-28/camera.py","capture_and_detect","266","","","","","","","","","","","","","","","","","","","","640","480","","","","","","","","","","","","","","","","","","","","","","","","",""
"653.386136971","2026-05-12 19:15:14.256284","/home/sc28/SC-28/1_definition/SC-28/camera.py","capture_and_detect","263","","","","","","","","","","","","","","","","","0","","","","","","","","","","","","","","","","","","","","","","","","","","","","",""
"653.389585347","2026-05-12 19:15:14.259718","/home/sc28/SC-28/1_definition/SC-28/camera.py","capture_and_detect","264","","","","","","","","","","","","","","","","106.5","","","","","","","","","","","","","","","","","","","","","","","","","","","","","",""
"653.392386807","2026-05-12 19:15:14.262529","/home/sc28/SC-28/1_definition/SC-28/camera.py","capture_and_detect","265","","","","","","","","","","","","","","","","","","16","259","","","","","","","","","","","","","","","","","","","","","","","","","","",""
"653.395177694","2026-05-12 19:15:14.265319","/home/sc28/SC-28/1_definition/SC-28/camera.py","capture_and_detect","266","","","","","","","","","","","","","","","","","","","","640","480","","","","","","","","","","","","","","","","","","","","","","","","",""
"653.468941471","2026-05-12 19:15:14.339085","/home/sc28/SC-28/1_definition/SC-28/camera.py","capture_and_detect","263","","","","","","","","","","","","","","","","","0","","","","","","","","","","","","","","","","","","","","","","","","","","","","",""
"653.476067072","2026-05-12 19:15:14.346213","/home/sc28/SC-28/1_definition/SC-28/camera.py","capture_and_detect","264","","","","","","","","","","","","","","","","0.0","","","","","","","","","","","","","","","","","","","","","","","","","","","","","",""
"653.479053841","2026-05-12 19:15:14.349198","/home/sc28/SC-28/1_definition/SC-28/camera.py","capture_and_detect","265","","","","","","","","","","","","","","","","","","320","240","","","","","","","","","","","","","","","","","","","","","","","","","","",""
"653.481877384","2026-05-12 19:15:14.352020","/home/sc28/SC-28/1_definition/SC-28/camera.py","capture_and_detect","266","","","","","","","","","","","","","","","","","","","","640","480","","","","","","","","","","","","","","","","","","","","","","","","",""
"653.557064209","2026-05-12 19:15:14.427209","/home/sc28/SC-28/1_definition/SC-28/camera.py","capture_and_detect","263","","","","","","","","","","","","","","","","","0","","","","","","","","","","","","","","","","","","","","","","","","","","","","",""
"653.56050696","2026-05-12 19:15:14.430639","/home/sc28/SC-28/1_definition/SC-28/camera.py","capture_and_detect","264","","","","","","","","","","","","","","","","20.5","","","","","","","","","","","","","","","","","","","","","","","","","","","","","",""
"653.563305711","2026-05-12 19:15:14.433445","/home/sc28/SC-28/1_definition/SC-28/camera.py","capture_and_detect","265","","","","","","","","","","","","","","","","","","165","229","","","","","","","","","","","","","","","","","","","","","","","","","","",""
"653.569724554","2026-05-12 19:15:14.439875","/home/sc28/SC-28/1_definition/SC-28/camera.py","capture_and_detect","266","","","","","","","","","","","","","","","","","","","","640","480","","","","","","","","","","","","","","","","","","","","","","","","",""
"653.642522828","2026-05-12 19:15:14.512668","/home/sc28/SC-28/1_definition/SC-28/camera.py","capture_and_detect","263","","","","","","","","","","","","","","","","","0","","","","","","","","","","","","","","","","","","","","","","","","","","","","",""
"653.648688602","2026-05-12 19:15:14.518830","/home/sc28/SC-28/1_definition/SC-28/camera.py","capture_and_detect","264","","","","","","","","","","","","","","","","48.0","","","","","","","","","","","","","","","","","","","","","","","","","","","","","",""
"653.651656882","2026-05-12 19:15:14.521802","/home/sc28/SC-28/1_definition/SC-28/camera.py","capture_and_detect","265","","","","","","","","","","","","","","","","","","76","226","","","","","","","","","","","","","","","","","","","","","","","","","","",""
"653.654948646","2026-05-12 19:15:14.525096","/home/sc28/SC-28/1_definition/SC-28/camera.py","capture_and_detect","266","","","","","","","","","","","","","","","","","","","","640","480","","","","","","","","","","","","","","","","","","","","","","","","",""
"653.72612721","2026-05-12 19:15:14.596271","/home/sc28/SC-28/1_definition/SC-28/camera.py","capture_and_detect","263","","","","","","","","","","","","","","","","","0","","","","","","","","","","","","","","","","","","","","","","","","","","","","",""
"653.729564596","2026-05-12 19:15:14.599703","/home/sc28/SC-28/1_definition/SC-28/camera.py","capture_and_detect","264","","","","","","","","","","","","","","","","82.0","","","","","","","","","","","","","","","","","","","","","","","","","","","","","",""
"653.732427409","2026-05-12 19:15:14.602569","/home/sc28/SC-28/1_definition/SC-28/camera.py","capture_and_detect","265","","","","","","","","","","","","","","","","","","10","425","","","","","","","","","","","","","","","","","","","","","","","","","","",""
"653.741828698","2026-05-12 19:15:14.611977","/home/sc28/SC-28/1_definition/SC-28/camera.py","capture_and_detect","266","","","","","","","","","","","","","","","","","","","","640","480","","","","","","","","","","","","","","","","","","","","","","","","",""
"653.816723549","2026-05-12 19:15:14.686868","/home/sc28/SC-28/1_definition/SC-28/camera.py","capture_and_detect","263","","","","","","","","","","","","","","","","","0","","","","","","","","","","","","","","","","","","","","","","","","","","","","",""
"653.820345931","2026-05-12 19:15:14.690483","/home/sc28/SC-28/1_definition/SC-28/camera.py","capture_and_detect","264","","","","","","","","","","","","","","","","191.5","","","","","","","","","","","","","","","","","","","","","","","","","","","","","",""
"653.8302169","2026-05-12 19:15:14.700366","/home/sc28/SC-28/1_definition/SC-28/camera.py","capture_and_detect","265","","","","","","","","","","","","","","","","","","19","420","","","","","","","","","","","","","","","","","","","","","","","","","","",""
"653.833731732","2026-05-12 19:15:14.703882","/home/sc28/SC-28/1_definition/SC-28/camera.py","capture_and_detect","266","","","","","","","","","","","","","","","","","","","","640","480","","","","","","","","","","","","","","","","","","","","","","","","",""
"653.906493184","2026-05-12 19:15:14.776638","/home/sc28/SC-28/1_definition/SC-28/camera.py","capture_and_detect","263","","","","","","","","","","","","","","","","","0","","","","","","","","","","","","","","","","","","","","","","","","","","","","",""
"653.909920362","2026-05-12 19:15:14.780053","/home/sc28/SC-28/1_definition/SC-28/camera.py","capture_and_detect","264","","","","","","","","","","","","","","","","194.5","","","","","","","","","","","","","","","","","","","","","","","","","","","","","",""
"653.912823591","2026-05-12 19:15:14.782968","/home/sc28/SC-28/1_definition/SC-28/camera.py","capture_and_detect","265","","","","","","","","","","","","","","","","","","12","173","","","","","","","","","","","","","","","","","","","","","","","","","","",""
"653.915730361","2026-05-12 19:15:14.785873","/home/sc28/SC-28/1_definition/SC-28/camera.py","capture_and_detect","266","","","","","","","","","","","","","","","","","","","","640","480","","","","","","","","","","","","","","","","","","","","","","","","",""
